RIDER_ID,LOCATION,APPLICATION_DATE,APPLICATION_APPROVED_DATE,FIRST_WORK_DATE,ACQUISITION_CHANNEL,VEHICLE_TYPE,HOURS_WORKED_CUMULATIVE_7,HOURS_WORKED_CUMULATIVE_14,HOURS_WORKED_CUMULATIVE_28,HOURS_WORKED_CUMULATIVE_56,HOURS_WORKED_CUMULATIVE_84,HOURS_WORKED_CUMULATIVE_168,ORDERS_DELIVERED_CUMULATIVE_7,ORDERS_DELIVERED_CUMULATIVE_14,ORDERS_DELIVERED_CUMULATIVE_28,ORDERS_DELIVERED_CUMULATIVE_56,ORDERS_DELIVERED_CUMULATIVE_84,ORDERS_DELIVERED_CUMULATIVE_168,THROUGHPUT_CUMULATIVE_7,THROUGHPUT_CUMULATIVE_14,THROUGHPUT_CUMULATIVE_28,THROUGHPUT_CUMULATIVE_56,THROUGHPUT_CUMULATIVE_84,THROUGHPUT_CUMULATIVE_168,REFERRALS_CUMULATIVE_7,REFERRALS_CUMULATIVE_14,REFERRALS_CUMULATIVE_28,REFERRALS_CUMULATIVE_56,REFERRALS_CUMULATIVE_84,REFERRALS_CUMULATIVE_168,SUCCESSFUL_REFERRALS_CUMULATIVE_7,SUCCESSFUL_REFERRALS_CUMULATIVE_14,SUCCESSFUL_REFERRALS_CUMULATIVE_28,SUCCESSFUL_REFERRALS_CUMULATIVE_56,SUCCESSFUL_REFERRALS_CUMULATIVE_84,SUCCESSFUL_REFERRALS_CUMULATIVE_168
1864,New York,00:00.0,00:00.0,03/04/2017,Digital,Scooter / Motorcycle,41,59.6,85,245.9,431.3,810.4,90,140,228,606,1084,1952,2.2,2.35,2.68,2.46,2.51,2.41,,,,1,1,1,,,,0,1,1
3062,New York,00:00.0,00:00.0,30/10/2016,Offline,Bicycle,15.7,15.7,15.7,15.7,15.7,15.7,26,26,26,26,26,26,1.65,1.65,1.65,1.65,1.65,1.65,,,,,,,,,,,,
5276,New York,00:00.0,00:00.0,01/04/2017,Organic,Scooter / Motorcycle,7.4,11.2,23.3,23.3,23.3,23.3,21,31,70,70,70,70,2.85,2.78,3,3,3,3,1,1,2,2,2,2,0,0,0,0,0,0
9510,New York,00:00.0,00:00.0,28/10/2016,Digital,Bicycle,28.5,28.5,38.1,66.4,68.9,74.4,23,23,41,83,87,97,0.81,0.81,1.08,1.25,1.26,1.3,,,,,,,,,,,,
16977,New York,00:00.0,00:00.0,24/03/2017,Organic,Bicycle,9.3,17.1,19.5,23.8,23.8,23.8,23,44,52,67,67,67,2.48,2.57,2.67,2.82,2.82,2.82,,,,,,,,,,,,
18573,New York,00:00.0,00:00.0,26/11/2016,Referral,Scooter / Motorcycle,11.6,14,68.3,115.4,203.8,614.9,21,26,142,291,564,1903,1.81,1.86,2.08,2.52,2.77,3.1,,,,,,2,,,,,,1
21106,Rio de Janeiro,,,13/11/2016,Unknown,Bicycle,20.8,31.6,34.2,34.2,34.2,34.2,34,55,59,59,59,59,1.63,1.74,1.72,1.72,1.72,1.72,,,,,,,,,,,,
22434,Rio de Janeiro,,,13/11/2016,Organic,Bicycle,27.1,27.1,27.1,27.1,31.4,31.4,60,60,60,60,75,75,2.21,2.21,2.21,2.21,2.39,2.39,,,,,,,,,,,,
23130,New York,00:00.0,00:00.0,15/11/2016,Organic,Bicycle,9.2,15.5,30.8,65.3,77.8,124.1,19,28,58,139,177,322,2.06,1.81,1.88,2.13,2.28,2.6,,,,,,,,,,,,
26139,New York,00:00.0,00:00.0,04/03/2017,Offline,Scooter / Motorcycle,23.7,29.1,66.2,182.1,288.7,426.7,68,82,176,496,816,1179,2.87,2.82,2.66,2.72,2.83,2.76,,,,1,1,1,,,,0,0,0
30910,New York,00:00.0,00:00.0,18/11/2016,Referral,Scooter / Motorcycle,46,62.5,168.2,273.1,400.1,820.8,88,113,337,585,874,1794,1.91,1.81,2,2.14,2.18,2.19,,,1,1,1,1,,,0,0,0,0
31212,New York,00:00.0,00:00.0,08/12/2016,Organic,Bicycle,3.9,7.9,11.1,11.1,11.1,11.1,8,16,22,22,22,22,2.03,2.02,1.98,1.98,1.98,1.98,,,,,,,,,,,,
32121,New York,00:00.0,00:00.0,31/10/2016,Referral,Scooter / Motorcycle,1.9,1.9,18.5,45.7,45.7,45.7,0,0,34,82,82,82,0,0,1.84,1.79,1.79,1.79,,,,,,1,,,,,,0
33023,New York,,00:00.0,22/11/2016,Organic,Bicycle,1.2,1.2,1.2,1.2,1.2,7.1,4,4,4,4,4,21,3.4,3.4,3.4,3.4,3.4,2.97,6,6,6,6,6,6,0,0,0,0,0,0
34226,Rio de Janeiro,00:00.0,00:00.0,27/12/2016,Organic,Bicycle,20.7,28.9,52.9,119.8,170.9,212.3,35,50,120,338,516,646,1.69,1.73,2.27,2.82,3.02,3.04,,,,,,,,,,,,
34353,Rio de Janeiro,00:00.0,00:00.0,24/12/2016,Organic,Bicycle,12.9,23.2,43.5,104.5,141.8,249,27,49,107,262,353,598,2.1,2.11,2.46,2.51,2.49,2.4,,,,,,,,,,,,
34881,New York,00:00.0,00:00.0,23/10/2016,Organic,Bicycle,28,50.8,80.6,130.2,225.3,270.6,38,72,120,181,357,471,1.36,1.42,1.49,1.39,1.58,1.74,,,,1,2,2,,,,0,1,1
36891,New York,00:00.0,00:00.0,21/03/2017,Organic,Scooter / Motorcycle,7.5,16.6,24.2,24.2,24.2,227,17,40,60,60,60,370,2.27,2.41,2.48,2.48,2.48,1.63,,,,,,1,,,,,,0
38893,New York,,,06/12/2016,Organic,Scooter / Motorcycle,23,28.2,28.2,37.6,48.9,83.3,62,76,76,93,112,132,2.69,2.7,2.7,2.47,2.29,1.58,,,,,,,,,,,,
40206,Rio de Janeiro,00:00.0,00:00.0,16/01/2017,Organic,Bicycle,2,2,2,2,2,2,5,5,5,5,5,5,2.47,2.47,2.47,2.47,2.47,2.47,,,,,,,,,,,,
42405,New York,00:00.0,00:00.0,18/10/2016,Organic,Bicycle,1.6,1.6,1.6,1.6,1.6,1.6,5,5,5,5,5,5,3.15,3.15,3.15,3.15,3.15,3.14,,,,,,,,,,,,
43614,New York,00:00.0,00:00.0,02/12/2016,Organic,Bicycle,30.5,55.6,124.8,176.7,266.9,402.1,53,96,189,283,509,843,1.74,1.73,1.51,1.6,1.91,2.1,,,,,,,,,,,,
45111,New York,00:00.0,00:00.0,26/11/2016,Referral,Scooter / Motorcycle,25.7,34.3,34.5,74.5,74.5,74.5,50,70,70,153,153,153,1.94,2.04,2.03,2.05,2.05,2.05,1,1,1,2,2,2,1,1,1,1,1,1
46601,New York,00:00.0,00:00.0,18/12/2016,Digital,Bicycle,1.9,4.3,4.3,4.3,4.3,4.3,3,8,8,8,8,8,1.62,1.84,1.84,1.84,1.84,1.84,,,,,,,,,,,,
46861,New York,00:00.0,00:00.0,21/12/2016,Organic,Bicycle,18.3,24.7,40.4,60.8,80.6,80.6,30,42,70,115,160,160,1.64,1.7,1.73,1.89,1.99,1.99,,,,,,,,,,,,
47989,New York,00:00.0,00:00.0,19/11/2016,Digital,Bicycle,6.5,9.1,22.3,41.6,41.6,41.6,10,14,24,24,24,24,1.53,1.53,1.07,0.58,0.58,0.58,,,,,,,,,,,,
48280,New York,00:00.0,00:00.0,26/10/2016,Digital,Bicycle,1.2,1.2,1.2,1.2,1.2,1.2,4,4,4,4,4,4,3.28,3.28,3.28,3.28,3.28,3.28,,,,,,1,,,,,,0
48748,New York,,,08/11/2016,Organic,Pedestrian / Walker,1.7,1.7,1.7,1.7,1.7,5.4,3,3,3,3,3,9,1.75,1.75,1.75,1.75,1.75,1.67,2,2,2,2,2,2,0,0,0,0,0,0
48769,New York,00:00.0,00:00.0,12/11/2016,Referral,Scooter / Motorcycle,34,67.6,108.8,178.5,207.3,207.3,69,173,287,490,584,584,2.03,2.56,2.64,2.74,2.82,2.82,,,,,,,,,,,,
49094,New York,00:00.0,00:00.0,13/12/2016,Referral,Bicycle,2.3,2.3,2.3,2.3,2.3,2.3,3,3,3,3,3,3,1.28,1.28,1.28,1.28,1.28,1.28,,,,,,,,,,,,
49587,New York,00:00.0,00:00.0,19/12/2016,Organic,Bicycle,15.2,24.1,48.1,78.7,85.5,91.4,27,50,113,182,200,209,1.78,2.08,2.35,2.31,2.34,2.29,,,,,,,,,,,,
50722,Rio de Janeiro,00:00.0,00:00.0,11/12/2016,Organic,Bicycle,22.9,39.7,71.4,133.8,156.1,433,60,92,157,297,357,1052,2.62,2.32,2.2,2.22,2.29,2.43,,,,,,,,,,,,
53279,New York,00:00.0,00:00.0,09/12/2016,Referral,Bicycle,0.7,0.7,0.7,0.7,0.7,0.7,1,1,1,1,1,1,1.5,1.5,1.5,1.5,1.46,1.46,2,2,2,2,2,2,0,0,0,0,0,0
53289,New York,00:00.0,00:00.0,08/12/2016,Organic,Bicycle,5,41.1,87.3,87.3,87.3,87.3,0,0,0,0,0,0,0,0,0,0,0,0,,,,,,,,,,,,
53552,New York,00:00.0,00:00.0,08/11/2016,Organic,Bicycle,12.1,12.1,28.7,39.5,39.5,39.5,24,24,66,86,86,86,1.99,1.99,2.3,2.18,2.18,2.18,1,1,1,1,1,1,1,1,1,1,1,1
53651,New York,00:00.0,00:00.0,19/11/2016,Organic,Scooter / Motorcycle,3.4,3.4,3.4,3.4,3.4,3.4,5,5,5,5,5,5,1.47,1.47,1.47,1.47,1.47,1.47,,,,,,,,,,,,
54154,New York,00:00.0,00:00.0,20/10/2016,Offline,Scooter / Motorcycle,0.3,1.1,2.7,2.7,13,59.1,0,2,3,3,27,86,0,1.77,1.09,1.09,2.07,1.46,2,2,2,2,2,2,1,1,1,1,1,1
54751,Cape Town,,,20/11/2016,Organic,Bicycle,13.4,20.3,20.3,20.3,20.3,20.3,19,32,32,32,32,32,1.41,1.58,1.58,1.58,1.58,1.58,,,,,,,,,,,,
54866,New York,00:00.0,00:00.0,15/11/2016,Offline,Bicycle,12.3,25.5,58.8,111.2,111.2,195.9,17,33,59,88,88,129,1.38,1.29,1,0.79,0.79,0.66,,1,2,3,3,4,,0,0,1,1,1
55211,New York,00:00.0,00:00.0,21/10/2016,Referral,Scooter / Motorcycle,27,62.8,104.3,193.6,253.6,296.3,67,148,243,456,587,705,2.48,2.36,2.33,2.36,2.31,2.38,,,,,,1,,,,,,0
55313,Cape Town,00:00.0,00:00.0,28/10/2016,Organic,Bicycle,34.6,56.1,117.2,123.8,123.8,123.8,44,79,160,173,173,173,1.27,1.41,1.36,1.4,1.4,1.4,,,,,,,,,,,,
55899,Rio de Janeiro,00:00.0,00:00.0,28/02/2017,Digital,Bicycle,13.3,30,56.9,74.8,74.8,106.5,30,84,168,230,230,326,2.25,2.8,2.95,3.08,3.08,3.06,,,,,,,,,,,,
56145,New York,00:00.0,00:00.0,02/11/2016,Referral,Bicycle,7.3,7.3,12.3,15.2,19.1,19.1,10,10,21,27,27,27,1.37,1.37,1.7,1.78,1.41,1.41,,,,,,,,,,,,
56311,Rio de Janeiro,00:00.0,00:00.0,26/10/2016,Organic,Bicycle,1.3,1.3,1.3,1.3,1.3,1.3,1,1,1,1,1,1,0.75,0.75,0.75,0.75,0.75,0.75,,,,,,,,,,,,
56600,New York,00:00.0,00:00.0,11/03/2017,Organic,Scooter / Motorcycle,9.7,27,44.9,95.2,95.2,384.6,20,50,92,221,221,989,2.06,1.85,2.05,2.32,2.32,2.57,,,,,,,,,,,,
56783,New York,00:00.0,00:00.0,12/11/2016,Organic,Bicycle,3.5,4,5.4,5.4,5.4,5.4,4,6,8,8,8,8,1.16,1.5,1.48,1.48,1.48,1.48,,,,,,,,,,,,
56912,New York,00:00.0,00:00.0,23/10/2016,Organic,Scooter / Motorcycle,15.2,15.2,15.2,25.7,80.9,110.7,11,11,11,27,119,168,0.72,0.72,0.72,1.05,1.47,1.52,,,1,1,1,2,,,0,0,1,1
57587,New York,00:00.0,00:00.0,02/11/2016,Job Platforms,Bicycle,15.5,16.4,16.4,16.5,16.5,16.5,26,27,27,27,27,27,1.67,1.64,1.64,1.64,1.64,1.64,,,,,,,,,,,,
57748,New York,00:00.0,00:00.0,14/10/2016,Offline,Bicycle,2.1,2.1,2.1,4.1,4.8,5.8,3,3,3,6,6,6,1.41,1.41,1.41,1.46,1.24,1.03,,,,,,,,,,,,
57882,New York,00:00.0,00:00.0,16/12/2016,Referral,Bicycle,1.9,1.9,1.9,1.9,1.9,1.9,2,2,2,2,2,2,1.06,1.06,1.06,1.06,1.06,1.06,,,,,,,,,,,,
57993,Rio de Janeiro,00:00.0,00:00.0,20/10/2016,Organic,Bicycle,12.3,23.7,52.4,116.1,130.2,230.3,23,47,102,207,237,469,1.87,1.98,1.95,1.78,1.82,2.04,,,,,,,,,,,,
58026,New York,00:00.0,00:00.0,21/10/2016,Job Platforms,Scooter / Motorcycle,0.5,0.5,0.5,0.5,0.5,0.5,0,0,0,0,0,0,0,0,0,0,0,0,,,,,,,,,,,,
58041,Rio de Janeiro,00:00.0,00:00.0,29/10/2016,Organic,Bicycle,0.8,13.3,16.1,16.4,18.6,18.6,0,25,33,33,33,33,0,1.88,2.06,2.01,1.78,1.78,,,,,,,,,,,,
58104,Rio de Janeiro,,,12/01/2017,Unknown,Bicycle,7,7,7,7,7,7,19,19,19,19,19,19,2.71,2.71,2.71,2.71,2.71,2.71,,,,,,,,,,,,
58942,New York,00:00.0,00:00.0,26/11/2016,Digital,Scooter / Motorcycle,21.2,38.4,67.9,82.9,82.9,82.9,34,61,108,132,132,132,1.6,1.59,1.59,1.59,1.59,1.59,1,1,1,1,1,1,0,0,0,0,0,0
59180,Rio de Janeiro,00:00.0,00:00.0,25/10/2016,Organic,Bicycle,4.1,4.1,4.1,4.1,26.7,33.2,6,6,6,6,48,61,1.47,1.47,1.47,1.47,1.8,1.84,,,,,,,,,,,,
59257,Cape Town,00:00.0,00:00.0,16/10/2016,Organic,Bicycle,15.9,31.4,65.7,143.5,196.9,306.9,27,59,135,288,386,595,1.7,1.88,2.06,2.01,1.96,1.94,,,,,,,,,,,,
59529,Rio de Janeiro,00:00.0,00:00.0,21/12/2016,Organic,Bicycle,2,2,2,2,2,2,2,2,2,2,2,2,1,1,1,1,1,1,,,,,,,,,,,,
59945,New York,00:00.0,00:00.0,20/03/2017,Organic,Bicycle,2.5,2.5,2.5,2.5,2.5,2.5,7,7,7,7,7,7,2.84,2.84,2.84,2.84,2.84,2.84,,,,,2,3,,,,,1,2
60427,New York,00:00.0,00:00.0,16/10/2016,Referral,Scooter / Motorcycle,37.6,77.9,183.3,383.7,576.8,673.4,49,103,256,631,987,1188,1.3,1.32,1.4,1.64,1.71,1.76,,,,,,,,,,,,
60608,Cape Town,00:00.0,00:00.0,17/10/2016,Digital,Motor Vehicle,34.3,44.6,78.7,137.6,167.3,253,60,79,153,301,366,564,1.75,1.77,1.94,2.19,2.19,2.23,,,,,,,,,,,,
60658,Cape Town,,,24/10/2016,Digital,Bicycle,24.1,41.9,58,79,120.7,153.5,40,76,109,155,208,281,1.66,1.81,1.88,1.96,1.72,1.83,,,,,,,,,,,,
60991,Cape Town,00:00.0,00:00.0,13/10/2016,Organic,Motor Vehicle,64.1,139.3,269.2,517.7,763.5,1567.1,119,272,531,1012,1474,3063,1.86,1.95,1.97,1.95,1.93,1.95,,,,,,,,,,,,
61122,Rio de Janeiro,00:00.0,00:00.0,19/10/2016,Organic,Bicycle,3.4,3.4,3.4,9,43.8,347.6,6,6,6,20,78,875,1.78,1.78,1.78,2.21,1.78,2.52,,,,,,,,,,,,
61191,New York,00:00.0,00:00.0,13/03/2017,Organic,Scooter / Motorcycle,61.5,111.7,210.9,394.8,566.2,979.9,165,302,616,1078,1402,2375,2.68,2.7,2.92,2.73,2.48,2.42,,,,,,,,,,,,
61378,New York,00:00.0,00:00.0,21/10/2016,Referral,Bicycle,45.9,87,148.7,284.5,390.8,930.8,51,91,146,343,424,2030,1.11,1.05,0.98,1.21,1.08,2.18,,,,,,,,,,,,
61501,New York,00:00.0,00:00.0,23/10/2016,Organic,Bicycle,18.8,34.1,79.4,221.6,299.7,356.6,10,18,40,163,277,356,0.53,0.53,0.5,0.74,0.92,1,,,,,,,,,,,,
61561,New York,00:00.0,00:00.0,15/10/2016,Referral,Bicycle,16.4,16.4,22.8,46.1,78.5,110.2,13,13,19,47,59,85,0.79,0.79,0.83,1.02,0.75,0.77,,,,,,,,,,,,
61563,New York,00:00.0,00:00.0,22/10/2016,Organic,Bicycle,10.9,13,18.2,21,43.4,587.6,16,16,21,23,47,1656,1.47,1.23,1.15,1.1,1.08,2.82,,,,,,,,,,,,
61628,New York,00:00.0,00:00.0,17/10/2016,Offline,Bicycle,9.8,9.8,9.8,9.8,9.8,9.8,3,3,3,3,3,3,0.31,0.31,0.31,0.31,0.31,0.31,,,,,,,,,,,,
61804,New York,00:00.0,00:00.0,28/10/2016,Referral,Bicycle,2.3,2.3,3.8,5.4,7.9,9.3,5,5,8,9,16,19,2.15,2.15,2.1,1.66,2.03,2.04,,,,1,1,1,,,,0,1,1
61862,New York,00:00.0,00:00.0,14/11/2016,Referral,Bicycle,0.6,4.5,4.5,4.5,5.9,5.9,1,9,9,9,11,11,1.62,1.99,1.99,1.99,1.87,1.87,,,,,,,,,,,,
61870,New York,00:00.0,00:00.0,12/11/2016,Organic,Bicycle,6.1,6.1,6.1,9.1,9.1,38.2,7,7,7,12,12,126,1.14,1.14,1.14,1.32,1.32,3.3,,,,,,,,,,,,
61921,Rio de Janeiro,00:00.0,00:00.0,24/10/2016,Organic,Bicycle,3.6,3.6,3.6,3.6,3.6,3.6,2,2,2,2,2,2,0.56,0.56,0.56,0.56,0.56,0.56,,,,,,,,,,,,
61983,New York,00:00.0,00:00.0,19/10/2016,Organic,Bicycle,3.5,3.5,3.5,3.5,3.5,3.5,6,6,6,6,6,6,1.73,1.73,1.73,1.73,1.73,1.73,,,,,,,,,,,,
62081,New York,00:00.0,00:00.0,20/12/2016,Digital,Bicycle,5.9,5.9,5.9,5.9,5.9,5.9,8,8,8,8,8,8,1.36,1.36,1.36,1.36,1.36,1.36,,,,,,,,,,,,
62086,New York,00:00.0,00:00.0,19/10/2016,Organic,Bicycle,3.3,6.1,10,10,16.1,16.1,6,11,18,18,36,36,1.83,1.81,1.8,1.8,2.24,2.24,,,,,,,,,,,,
62147,Rio de Janeiro,00:00.0,00:00.0,04/04/2017,Organic,Bicycle,11.7,14.2,14.2,14.2,14.2,14.2,29,35,35,35,35,35,2.47,2.46,2.46,2.46,2.46,2.46,,,,,,,,,,,,
62152,Rio de Janeiro,00:00.0,00:00.0,13/10/2016,Organic,Bicycle,11.2,20.8,30.4,51.3,93.5,93.5,22,41,56,105,191,191,1.97,1.97,1.84,2.05,2.04,2.04,,,,,,,,,,,,
62266,Rio de Janeiro,00:00.0,00:00.0,28/01/2017,Organic,Bicycle,2.2,2.3,18.5,85.6,126.9,282.8,7,7,46,180,261,521,3.12,3.06,2.49,2.1,2.06,1.84,,,,,,,,,,,,
62281,Rio de Janeiro,00:00.0,00:00.0,04/11/2016,Organic,Bicycle,23.2,46.9,107.1,281,446,945.8,48,98,209,575,970,2425,2.06,2.09,1.95,2.05,2.18,2.56,,,,,,,,,,,,
62328,New York,00:00.0,00:00.0,13/10/2016,Offline,Bicycle,20.2,30.8,50.4,87.6,109.5,185.6,31,46,57,88,127,313,1.53,1.49,1.13,1,1.16,1.69,,,,,,,,,,,,
62376,Rio de Janeiro,00:00.0,00:00.0,13/10/2016,Organic,Scooter / Motorcycle,16.9,24.9,52.9,104.5,138.9,259.9,40,63,144,288,405,751,2.36,2.53,2.72,2.76,2.92,2.89,,,,,,,,,,,,
62409,New York,00:00.0,00:00.0,25/12/2016,Organic,Scooter / Motorcycle,1.5,1.5,5.6,5.6,5.6,5.6,1,1,7,7,7,7,0.68,0.68,1.25,1.25,1.25,1.25,,,,,,,,,,,,
62452,Rio de Janeiro,00:00.0,00:00.0,15/10/2016,Organic,Bicycle,13.1,16.4,34.1,38.1,38.1,38.1,29,39,86,95,95,95,2.21,2.38,2.52,2.5,2.5,2.5,,,,,,,,,,,,
62527,Cape Town,00:00.0,00:00.0,10/11/2016,Offline,Bicycle,5.2,5.2,5.2,19.4,29.1,32.8,11,11,11,42,60,66,2.13,2.13,2.13,2.16,2.07,2.01,,,,,,,,,,,,
62663,New York,00:00.0,00:00.0,09/12/2016,Digital,Bicycle,14.5,48.6,111.9,237.4,344.6,706.3,6,29,107,346,535,1214,0.41,0.6,0.96,1.46,1.55,1.72,,,,,,1,,,,,,0
62687,Rio de Janeiro,00:00.0,00:00.0,13/10/2016,Organic,Bicycle,21.4,27.2,27.2,57.2,73.7,118.2,48,62,62,128,162,267,2.24,2.28,2.28,2.24,2.2,2.26,,,,,,,,,,,,
62788,Rio de Janeiro,00:00.0,00:00.0,28/10/2016,Organic,Bicycle,2.2,2.2,2.2,2.2,2.2,2.2,4,4,4,4,4,4,1.84,1.84,1.84,1.84,1.84,1.84,,,,,,,,,,,,
62790,Rio de Janeiro,00:00.0,00:00.0,01/11/2016,Referral,Bicycle,22.7,33.1,41.3,43.7,44.1,44.1,45,63,83,87,88,88,1.98,1.91,2.01,1.99,2,2,,,,,,,,,,,,
62805,New York,,,13/02/2017,Organic,Scooter / Motorcycle,49,76.2,151.9,357.7,605.6,1326.9,156,243,464,870,1167,1858,3.18,3.19,3.05,2.43,1.93,1.4,,,,,2,4,,,,,0,2
62826,New York,00:00.0,00:00.0,17/10/2016,Organic,Bicycle,3.2,3.2,3.2,3.2,3.2,3.2,5,5,5,5,5,5,1.56,1.56,1.56,1.56,1.56,1.56,,,,,,,,,,,,
62871,New York,00:00.0,00:00.0,29/10/2016,Referral,Scooter / Motorcycle,3.7,3.7,3.7,3.7,3.7,3.7,8,8,8,8,8,8,2.16,2.16,2.16,2.16,2.16,2.16,,,,,,,,,,,,
62889,Rio de Janeiro,00:00.0,00:00.0,14/10/2016,Organic,Bicycle,55,101.2,189.8,361.4,482.5,643.4,132,254,529,1007,1348,1805,2.4,2.51,2.79,2.79,2.79,2.81,,,,,,,,,,,,
62895,Rio de Janeiro,00:00.0,00:00.0,13/10/2016,Organic,Bicycle,4.6,6.2,8.3,11.9,11.9,28,5,8,13,19,19,46,1.1,1.29,1.56,1.6,1.6,1.64,,,,,,,,,,,,
62971,Cape Town,00:00.0,00:00.0,13/10/2016,Organic,Bicycle,30.2,45.2,60,146.9,284.2,589.2,52,74,103,241,472,947,1.72,1.64,1.72,1.64,1.66,1.61,,,,,,,,,,,,
62973,Cape Town,,,13/10/2016,Unknown,Bicycle,26,41.7,83.2,169.8,301.2,616.1,44,70,142,287,495,1001,1.69,1.68,1.71,1.69,1.64,1.62,,,,,,,,,,,,
63012,New York,00:00.0,00:00.0,25/10/2016,Referral,Bicycle,12.6,16.4,23.2,23.2,23.2,23.2,24,30,43,43,43,43,1.91,1.83,1.85,1.85,1.85,1.85,,1,1,2,2,2,,0,0,1,1,1
63034,Cape Town,,,16/10/2016,Organic,Motor Vehicle,31.8,47.4,47.4,47.4,47.4,47.4,72,110,110,110,110,110,2.26,2.32,2.32,2.32,2.32,2.32,,,,,,,,,,,,
63066,New York,00:00.0,00:00.0,26/10/2016,Referral,Bicycle,26.4,26.4,33.5,111.6,167.9,191.1,28,28,37,110,158,183,1.06,1.06,1.1,0.99,0.94,0.96,,,,,,,,,,,,
63098,Rio de Janeiro,00:00.0,00:00.0,26/11/2016,Organic,Bicycle,5.3,5.3,6.4,11.5,21.4,21.4,11,11,13,22,48,48,2.09,2.09,2.04,1.92,2.24,2.24,,,,,,,,,,,,
63293,New York,00:00.0,00:00.0,02/11/2016,Offline,Bicycle,5.6,5.6,5.6,5.6,5.6,5.6,6,6,6,6,6,6,1.07,1.07,1.07,1.07,1.07,1.07,,,,,,,,,,,,
63336,Rio de Janeiro,00:00.0,00:00.0,16/02/2017,Organic,Bicycle,27.7,60.6,116.7,322.5,381.8,587.9,72,148,289,812,940,1447,2.6,2.44,2.48,2.52,2.46,2.46,,,,,,,,,,,,
63337,Rio de Janeiro,00:00.0,00:00.0,14/10/2016,Organic,Bicycle,15.1,33.7,45.1,46.4,46.4,46.4,28,70,93,93,93,93,1.86,2.08,2.06,2,2,2,,,,,,,,,,,,
63351,Cape Town,00:00.0,00:00.0,25/10/2016,Organic,Bicycle,27.2,44,77.8,109.4,155.5,293.1,55,87,160,230,315,573,2.02,1.98,2.06,2.1,2.03,1.95,,,,,,,,,,,,
63480,Rio de Janeiro,,,13/10/2016,Referral,Bicycle,13.4,20.9,34.8,37.3,37.3,37.3,18,30,62,65,65,65,1.35,1.43,1.78,1.74,1.74,1.74,,,,,,,,,,,,
63482,Rio de Janeiro,00:00.0,00:00.0,27/10/2016,Organic,Bicycle,6.3,10.5,17.3,33.1,46.2,64.9,10,18,27,52,76,109,1.6,1.71,1.56,1.57,1.64,1.68,,,,,1,1,,,,,0,0
63541,New York,00:00.0,00:00.0,23/10/2016,Digital,Bicycle,4.3,9.4,17.5,19.9,22.3,22.3,8,21,42,46,53,53,1.86,2.24,2.4,2.31,2.38,2.38,,,,,,,,,,,,
63544,Cape Town,00:00.0,00:00.0,24/10/2016,Organic,Bicycle,12.7,24,47.8,52.1,73.3,222.3,27,53,117,130,185,594,2.13,2.21,2.45,2.49,2.53,2.67,,,,,,,,,,,,
63604,New York,00:00.0,00:00.0,21/10/2016,Referral,Bicycle,7.9,10,10,10,10,10,4,4,4,4,4,4,0.51,0.4,0.4,0.4,0.4,0.4,,,,,,,,,,,,
63618,New York,00:00.0,00:00.0,27/10/2016,Digital,Bicycle,10.5,21,38.6,106.8,125.7,191.9,16,34,69,196,233,375,1.53,1.62,1.79,1.84,1.85,1.95,,,,,,,,,,,,
63629,New York,00:00.0,00:00.0,25/02/2017,Referral,Scooter / Motorcycle,4.2,4.2,4.2,4.2,4.2,9.7,11,11,11,11,11,22,2.65,2.65,2.65,2.65,2.65,2.27,,,,,,,,,,,,
63684,New York,00:00.0,00:00.0,29/10/2016,Digital,Bicycle,15.2,22.1,28.1,32.7,32.8,32.8,6,12,19,24,24,24,0.39,0.54,0.68,0.73,0.73,0.73,,,,,,,,,,,,
63750,New York,00:00.0,00:00.0,19/10/2016,Offline,Bicycle,7.3,7.6,7.6,7.6,7.6,7.6,13,13,13,13,13,13,1.78,1.71,1.71,1.71,1.71,1.71,,,,,,,,,,,,
63806,New York,,,13/12/2016,Referral,Bicycle,28.3,59.1,101,162.6,205.8,326.3,17,41,69,192,245,328,0.6,0.69,0.68,1.18,1.19,1.01,,,,,,,,,,,,
63941,New York,00:00.0,00:00.0,18/10/2016,Offline,Bicycle,7,12.5,23.9,40.9,59.7,113,13,22,26,48,86,186,1.85,1.76,1.09,1.17,1.44,1.65,,,,,3,3,,,,,0,0
64050,Rio de Janeiro,00:00.0,00:00.0,22/10/2016,Organic,Scooter / Motorcycle,1.4,1.4,1.4,10.1,21.7,86.1,2,2,2,9,39,174,1.46,1.46,1.46,0.89,1.79,2.02,,,,,,,,,,,,
64087,New York,00:00.0,00:00.0,13/10/2016,Referral,Bicycle,0.8,0.8,0.8,0.8,0.8,0.8,0,0,0,0,0,0,0,0,0,0,0,0,,,,,,,,,,,,
64098,New York,00:00.0,00:00.0,12/02/2017,Digital,Scooter / Motorcycle,37.9,70.5,140.2,275.6,393.5,541.7,62,123,253,503,699,976,1.64,1.74,1.8,1.82,1.78,1.8,,,,,,,,,,,,
64108,Rio de Janeiro,00:00.0,00:00.0,14/10/2016,Organic,Bicycle,21.2,32.1,69.3,143.7,257.9,415.2,55,84,168,351,618,945,2.59,2.61,2.43,2.44,2.4,2.28,,,,,,,,,,,,
64114,New York,00:00.0,00:00.0,13/10/2016,Referral,Bicycle,2,2,2,2,11.3,20.8,3,3,3,3,13,31,1.51,1.51,1.51,1.51,1.15,1.49,,,,,,,,,,,,
64118,New York,00:00.0,00:00.0,26/10/2016,Organic,Bicycle,19.8,34.1,54.9,95.9,144.4,286.5,28,45,87,179,295,676,1.42,1.32,1.58,1.87,2.04,2.36,,,,,,,,,,,,
64165,New York,00:00.0,00:00.0,15/10/2016,Digital,Bicycle,23.2,28.1,39.8,59.4,69.2,76.3,40,52,77,133,162,185,1.72,1.85,1.94,2.24,2.34,2.42,,,,2,2,2,,,,1,1,1
64179,New York,00:00.0,00:00.0,16/10/2016,Referral,Bicycle,5.4,5.4,21.2,52.7,84,115.5,1,1,21,65,114,159,0.18,0.18,0.99,1.23,1.36,1.38,,,,1,2,3,,,,1,1,1
64182,New York,00:00.0,00:00.0,26/10/2016,Organic,Bicycle,6.3,9.5,18.2,31.8,37.3,40.8,12,22,44,72,88,101,1.9,2.31,2.42,2.27,2.36,2.48,,,,,,,,,,,,
64219,Rio de Janeiro,00:00.0,00:00.0,22/11/2016,Organic,Bicycle,5.4,5.4,5.4,13.8,13.8,90.8,9,9,9,21,21,187,1.67,1.67,1.67,1.52,1.52,2.06,,,,,,,,,,,,
64224,Rio de Janeiro,00:00.0,00:00.0,12/02/2017,Organic,Bicycle,20.6,22.6,22.6,22.6,26.8,26.8,53,58,58,58,68,68,2.57,2.57,2.57,2.57,2.54,2.54,,,,,,,,,,,,
64225,Rio de Janeiro,00:00.0,00:00.0,13/10/2016,Organic,Bicycle,45.5,75.5,139.7,149.6,149.6,149.6,78,126,227,241,241,241,1.71,1.67,1.63,1.61,1.61,1.61,,,,,,,,,,,,
64284,New York,00:00.0,00:00.0,13/10/2016,Digital,Scooter / Motorcycle,11.7,11.7,11.7,11.7,11.7,11.7,18,18,18,18,18,18,1.54,1.54,1.54,1.54,1.54,1.54,,,,,,,,,,,,
64291,New York,00:00.0,00:00.0,14/10/2016,Offline,Bicycle,60.6,91.5,110.3,120.3,127.7,127.7,98,163,198,223,234,234,1.62,1.78,1.8,1.85,1.83,1.83,,,,,,,,,,,,
64334,Rio de Janeiro,00:00.0,00:00.0,26/10/2016,Referral,Bicycle,11.3,23.4,47,108,160.3,346.6,15,30,65,155,230,545,1.33,1.28,1.38,1.44,1.44,1.57,,,,,,,,,,,,
64396,Rio de Janeiro,00:00.0,00:00.0,27/10/2016,Organic,Bicycle,3.2,3.2,3.2,3.2,3.2,3.2,2,2,2,2,2,2,0.63,0.63,0.63,0.63,0.63,0.63,,,,,,,,,,,,
64429,New York,00:00.0,00:00.0,22/10/2016,Organic,Bicycle,10.7,26.1,50.9,79.8,96.7,96.7,10,20,50,84,106,106,0.93,0.77,0.98,1.05,1.1,1.1,,,,,,,,,,,,
64545,Rio de Janeiro,00:00.0,00:00.0,14/10/2016,Organic,Bicycle,47.3,75.8,118.5,234.6,323.6,498.3,125,193,310,602,812,1315,2.64,2.55,2.62,2.57,2.51,2.64,,,,,,,,,,,,
64558,Cape Town,00:00.0,00:00.0,14/10/2016,Digital,Bicycle,13.2,19.8,33.9,61,90.9,168.7,34,49,87,161,242,461,2.58,2.47,2.56,2.64,2.66,2.73,,,,,,,,,,,,
64717,New York,00:00.0,00:00.0,30/10/2016,Organic,Bicycle,14.4,14.4,14.4,14.4,14.4,16.8,17,17,17,17,17,20,1.18,1.18,1.18,1.18,1.18,1.19,,,,,,,,,,,,
64798,New York,00:00.0,00:00.0,13/12/2016,Referral,Bicycle,0.6,0.6,0.6,0.6,0.6,511.4,0,0,0,0,0,1194,0,0,0,0,0,2.33,,,,,,2,,,,,,0
64824,New York,00:00.0,00:00.0,23/10/2016,Digital,Bicycle,1.4,1.4,1.4,1.4,1.4,1.4,2,2,2,2,2,2,1.38,1.38,1.38,1.38,1.38,1.38,,,,,,,,,,,,
64836,New York,00:00.0,00:00.0,14/10/2016,Referral,Bicycle,3,3,3,3,3,3,6,6,6,6,6,6,1.99,1.99,1.99,1.99,1.98,1.97,,,1,1,1,1,,,1,1,1,1
64842,New York,00:00.0,00:00.0,16/10/2016,Digital,Bicycle,12.9,20.1,27.4,72,114.7,157.7,15,24,36,99,139,198,1.16,1.2,1.31,1.37,1.21,1.26,,,,,,,,,,,,
64849,New York,00:00.0,00:00.0,13/10/2016,Organic,Bicycle,26.2,39.3,56.3,56.3,56.3,56.3,42,74,104,104,104,104,1.6,1.88,1.85,1.85,1.85,1.85,,,,,,,,,,,,
64905,Cape Town,00:00.0,00:00.0,28/10/2016,Organic,Scooter / Motorcycle,1.1,1.1,1.1,1.1,1.1,1.1,0,0,0,0,0,0,0,0,0,0,0,0,,,,,,,,,,,,
64908,Cape Town,00:00.0,00:00.0,14/10/2016,Job Platforms,Bicycle,13.9,25.8,46.3,56.3,96.1,135.3,21,42,68,81,139,200,1.51,1.63,1.47,1.44,1.45,1.48,1,1,1,2,2,2,0,0,1,2,2,2
64910,Cape Town,,,23/10/2016,Unknown,Bicycle,24.8,45.2,67,115.3,115.3,115.3,24,40,59,106,106,106,0.97,0.89,0.88,0.92,0.92,0.92,,,,,,,,,,,,
64947,Cape Town,00:00.0,00:00.0,13/10/2016,Organic,Bicycle,3.5,3.5,13.8,14.6,14.6,14.6,8,8,25,26,26,26,2.28,2.28,1.81,1.78,1.78,1.78,,,,,,,,,,,,
64968,New York,00:00.0,00:00.0,31/10/2016,Organic,Bicycle,3.7,3.7,3.7,3.7,3.7,3.7,6,6,6,6,6,6,1.63,1.63,1.63,1.63,1.63,1.63,,,,,,,,,,,,
64973,New York,00:00.0,00:00.0,17/10/2016,Offline,Bicycle,3.6,3.6,8.2,8.2,8.2,8.2,5,5,10,10,10,10,1.37,1.37,1.22,1.22,1.22,1.22,,,,,,,,,,,,
64975,New York,00:00.0,00:00.0,18/10/2016,Referral,Bicycle,4.1,4.1,4.1,4.1,4.1,4.1,5,5,5,5,5,5,1.23,1.23,1.23,1.23,1.23,1.23,,,,,,,,,,,,
64989,New York,00:00.0,00:00.0,14/10/2016,Job Platforms,Scooter / Motorcycle,72,120.6,184.6,278.1,399.5,640.2,178,286,440,663,972,1674,2.47,2.37,2.38,2.38,2.43,2.61,,,,,,,,,,,,
65013,New York,00:00.0,00:00.0,14/10/2016,Referral,Bicycle,6.2,6.2,6.7,6.7,6.7,6.7,19,19,20,20,20,20,3.07,3.07,2.99,2.99,2.99,2.99,,,,,,,,,,,,
65032,New York,00:00.0,00:00.0,17/10/2016,Digital,Bicycle,3.7,3.7,3.7,3.7,3.7,3.7,1,1,1,1,1,1,0.27,0.27,0.27,0.27,0.27,0.27,,,,,,,,,,,,
65059,New York,00:00.0,00:00.0,01/11/2016,Organic,Scooter / Motorcycle,0.4,0.4,0.4,0.4,0.4,0.4,1,1,1,1,1,1,2.38,2.38,2.38,2.38,2.38,2.38,,,,,,,,,,,,
65064,New York,00:00.0,00:00.0,18/10/2016,Organic,Bicycle,17.2,27.9,27.9,27.9,27.9,27.9,27,54,54,54,54,54,1.57,1.94,1.94,1.94,1.94,1.94,,1,1,1,1,1,,0,0,0,0,0
65066,New York,00:00.0,00:00.0,23/11/2016,Digital,Bicycle,3.1,3.1,3.1,3.1,3.1,3.1,6,6,6,6,6,6,1.95,1.95,1.95,1.95,1.95,1.95,,,,,,,,,,,,
65081,New York,00:00.0,00:00.0,18/10/2016,Referral,Bicycle,10,13.1,23.6,30.4,44.3,55.6,27,33,55,73,102,126,2.71,2.52,2.33,2.4,2.3,2.27,,,,,1,1,,,,,0,0
65084,New York,00:00.0,00:00.0,01/01/2017,Offline,Bicycle,19,29,57,115.8,145.5,195.2,43,60,124,315,408,550,2.26,2.07,2.17,2.72,2.8,2.82,,,,,,2,,,,,,0
65088,New York,00:00.0,00:00.0,14/10/2016,Referral,Bicycle,22.9,51.4,87.1,87.1,87.1,87.1,15,38,71,71,71,71,0.65,0.74,0.82,0.82,0.82,0.82,,,,,,,,,,,,
65104,New York,00:00.0,00:00.0,17/10/2016,Offline,Bicycle,0.2,0.2,0.2,0.2,0.2,0.2,0,0,0,0,0,0,0,0,0,0,0,0,,,,,,,,,,,,
65107,New York,00:00.0,00:00.0,15/10/2016,Organic,Bicycle,4.9,4.9,4.9,4.9,4.9,4.9,4,4,4,4,4,4,0.82,0.82,0.82,0.82,0.82,0.82,,,,,,,,,,,,
65115,New York,00:00.0,00:00.0,15/10/2016,Digital,Bicycle,13.8,25.4,39.2,76.7,104.8,214.7,25,37,49,119,188,456,1.81,1.46,1.25,1.55,1.79,2.12,,,1,1,1,1,,,0,0,0,0
65146,New York,00:00.0,00:00.0,14/10/2016,Offline,Bicycle,59,101.4,121.5,121.5,121.5,121.5,69,126,153,153,153,153,1.17,1.24,1.26,1.26,1.26,1.26,,,,,,,,,,,,
65152,New York,00:00.0,00:00.0,16/10/2016,Digital,Bicycle,8.6,11.8,28.1,28.1,28.1,28.1,2,2,7,7,7,7,0.23,0.17,0.25,0.25,0.25,0.25,,,,,,,,,,,,
65170,New York,00:00.0,00:00.0,22/10/2016,Digital,Scooter / Motorcycle,1.7,2.6,28.5,28.5,28.5,28.5,2,4,41,41,41,41,1.16,1.54,1.44,1.44,1.44,1.44,,,,,,,,,,,,
65221,New York,00:00.0,00:00.0,19/10/2016,Offline,Bicycle,8.9,8.9,8.9,8.9,8.9,8.9,5,5,5,5,5,5,0.56,0.56,0.56,0.56,0.56,0.56,,,,,,,,,,,,
65224,New York,00:00.0,00:00.0,14/10/2016,Digital,Bicycle,8.6,29.9,65.7,118.8,175.6,321.2,9,35,62,125,190,362,1.05,1.17,0.94,1.05,1.08,1.13,,,,,,,,,,,,
65230,New York,00:00.0,00:00.0,16/10/2016,Digital,Bicycle,1.5,1.5,1.5,1.5,1.5,1.5,0,0,0,0,0,0,0,0,0,0,0,0,,,,,,,,,,,,
65236,New York,00:00.0,00:00.0,14/10/2016,Organic,Bicycle,7.6,7.6,7.6,7.6,7.6,7.6,4,4,4,4,4,4,0.53,0.53,0.53,0.53,0.53,0.53,,,,,,,,,,,,
65253,New York,00:00.0,00:00.0,13/10/2016,Organic,Bicycle,13.1,26.2,34.3,67.8,100.3,148.9,39,77,102,210,350,544,2.98,2.94,2.97,3.1,3.49,3.65,,,,,,,,,,,,
65260,New York,00:00.0,00:00.0,14/10/2016,Organic,Bicycle,21.8,43.2,84.5,174.6,238.7,255.8,24,42,84,152,211,234,1.1,0.97,0.99,0.87,0.88,0.91,,,,,,,,,,,,
65262,New York,00:00.0,00:00.0,16/10/2016,Offline,Scooter / Motorcycle,8.1,8.2,9.6,15.5,15.7,15.7,8,8,13,21,21,21,0.99,0.98,1.36,1.36,1.34,1.34,,,,,,,,,,,,
65277,Rio de Janeiro,00:00.0,00:00.0,19/10/2016,Organic,Bicycle,75.4,123.8,186.8,276.1,373.3,569.2,130,238,368,527,702,1125,1.72,1.92,1.97,1.91,1.88,1.98,,,,,,,,,,,,
65283,Rio de Janeiro,00:00.0,00:00.0,03/11/2016,Organic,Bicycle,3.7,15.8,47,82.2,82.2,82.2,8,32,103,192,192,192,2.18,2.02,2.19,2.33,2.33,2.33,,,,,,,,,,,,
65284,Rio de Janeiro,00:00.0,00:00.0,15/10/2016,Organic,Bicycle,33.4,74.1,129.4,168.7,168.7,168.7,84,178,314,409,409,409,2.51,2.4,2.43,2.42,2.42,2.42,,,,1,1,1,,,,0,0,0
65290,Rio de Janeiro,00:00.0,00:00.0,26/02/2017,Organic,Bicycle,6.2,6.2,6.2,8.2,8.2,9,18,18,18,18,18,18,2.89,2.89,2.89,2.19,2.19,2.01,,,,,,,,,,,,
65297,New York,00:00.0,00:00.0,15/10/2016,Referral,Bicycle,8.9,11.8,15.9,15.9,15.9,15.9,13,16,21,21,21,21,1.47,1.36,1.32,1.32,1.32,1.32,,,,,,,,,,,,
65298,New York,00:00.0,00:00.0,14/10/2016,Organic,Scooter / Motorcycle,0.2,0.2,0.2,0.2,0.2,0.2,0,0,0,0,0,0,0,0,0,0,0,0,,,,,,,,,,,,
65304,New York,00:00.0,00:00.0,14/10/2016,Organic,Scooter / Motorcycle,76.9,119.4,224.4,417.1,615.1,1088.5,165,263,521,1010,1534,3114,2.14,2.2,2.32,2.42,2.49,2.86,,,,,,,,,,,,
65311,New York,00:00.0,00:00.0,17/10/2016,Digital,Bicycle,4.2,11.6,28.1,42.2,67.1,127.9,5,19,39,57,109,233,1.19,1.64,1.39,1.35,1.62,1.82,,,,,,,,,,,,
65332,New York,00:00.0,00:00.0,14/10/2016,Organic,Bicycle,8.9,8.9,8.9,8.9,8.9,8.9,12,12,12,12,12,12,1.35,1.35,1.35,1.35,1.35,1.35,,,,,,,,,,,,
65338,New York,00:00.0,00:00.0,20/10/2016,Referral,Scooter / Motorcycle,22.4,26.6,26.6,26.6,26.6,26.6,44,50,50,50,50,50,1.96,1.88,1.88,1.88,1.88,1.88,,,,,,,,,,,,
65339,New York,00:00.0,00:00.0,13/10/2016,Referral,Bicycle,9.2,11.3,11.3,11.3,11.3,11.3,17,23,23,23,23,23,1.84,2.04,2.04,2.04,2.04,2.04,,,,,,,,,,,,
65342,New York,00:00.0,00:00.0,13/10/2016,Referral,Bicycle,19.7,35.3,60.3,100.2,116.3,116.3,13,36,69,99,112,112,0.66,1.02,1.15,0.99,0.96,0.96,,,,,,,,,,,,
65345,New York,00:00.0,00:00.0,15/10/2016,Digital,Bicycle,20.1,34,62.5,110.1,128.6,128.6,29,59,112,212,232,232,1.44,1.73,1.79,1.93,1.8,1.8,,,,,,,,,,,,
65347,New York,00:00.0,00:00.0,14/10/2016,Organic,Bicycle,57.4,105.1,215.9,367,579.6,958.6,108,207,444,868,1456,2796,1.88,1.97,2.06,2.37,2.51,2.92,,,,,1,1,,,,,0,0
65351,New York,00:00.0,00:00.0,15/10/2016,Digital,Bicycle,7,7,7,7,7,7,4,4,4,4,4,4,0.57,0.57,0.57,0.57,0.57,0.57,,,,,,,,,,,,
65353,New York,00:00.0,00:00.0,31/10/2016,Organic,Bicycle,4.3,4.3,4.3,4.3,4.3,4.3,3,3,3,3,3,3,0.71,0.71,0.71,0.71,0.71,0.71,,,,,,,,,,,,
65355,New York,00:00.0,00:00.0,17/11/2016,Offline,Bicycle,2.1,2.1,2.9,2.9,2.9,5,6,6,8,8,8,8,2.8,2.8,2.74,2.74,2.74,1.58,,,,,,,,,,,,
65357,New York,00:00.0,00:00.0,15/10/2016,Referral,Scooter / Motorcycle,27.6,56.4,82.7,117.7,178.3,356.2,65,144,191,198,350,959,2.35,2.55,2.31,1.68,1.96,2.69,,,,,,,,,,,,
65360,New York,00:00.0,00:00.0,14/10/2016,Referral,Scooter / Motorcycle,41.9,83.1,170.6,333.4,488.4,888.4,86,190,395,884,1348,2750,2.05,2.29,2.32,2.65,2.76,3.1,,,,,,,,,,,,
65362,New York,00:00.0,00:00.0,18/10/2016,Organic,Bicycle,10.5,20.1,33.2,99,123.2,182.1,28,49,77,202,260,417,2.66,2.44,2.32,2.04,2.11,2.29,,,,,,,,,,,,
65363,New York,00:00.0,00:00.0,13/10/2016,Organic,Bicycle,55.4,85.9,112,194.9,303.2,437.3,64,108,145,280,456,743,1.16,1.26,1.29,1.44,1.5,1.7,,,,1,11,12,,,,0,0,1
65364,New York,00:00.0,00:00.0,20/10/2016,Referral,Scooter / Motorcycle,38.7,52.4,52.5,52.5,52.5,52.5,61,76,76,76,76,76,1.58,1.45,1.45,1.45,1.45,1.45,1,1,1,1,1,1,0,1,1,1,1,1
65366,New York,00:00.0,00:00.0,14/10/2016,Referral,Scooter / Motorcycle,7.4,22.3,22.3,125.1,180.5,296,26,63,63,361,509,854,3.53,2.83,2.83,2.89,2.82,2.89,,1,1,2,3,4,,0,0,1,1,1
65412,Rio de Janeiro,00:00.0,00:00.0,13/10/2016,Organic,Bicycle,21.5,42.9,50.7,55.1,55.1,150.9,25,71,89,97,97,331,1.16,1.66,1.76,1.76,1.76,2.19,,,,,,,,,,,,
65435,Rio de Janeiro,00:00.0,00:00.0,16/10/2016,Organic,Bicycle,23.8,23.8,23.8,23.8,23.8,23.8,59,59,59,59,59,59,2.47,2.47,2.47,2.47,2.47,2.47,,,,,,,,,,,,
65459,Rio de Janeiro,00:00.0,00:00.0,18/10/2016,Organic,Bicycle,7.4,7.4,13.2,16.2,26.3,47.1,21,21,36,42,69,127,2.85,2.85,2.72,2.59,2.63,2.7,,,,,,,,,,,,
65463,Rio de Janeiro,00:00.0,00:00.0,08/11/2016,Organic,Bicycle,21.3,39.6,108.2,218.4,346,536.1,36,72,220,462,715,1153,1.69,1.82,2.03,2.12,2.07,2.15,,,,,,1,,,,,,0
65465,Rio de Janeiro,00:00.0,00:00.0,25/10/2016,Organic,Bicycle,0.7,0.7,0.7,0.7,0.7,0.7,0,0,0,0,0,0,0,0,0,0,0,0,,,,,,,,,,,,
65529,New York,00:00.0,00:00.0,19/10/2016,Organic,Bicycle,7.6,9.6,10.5,16.9,28.2,29.8,14,16,19,32,57,57,1.84,1.67,1.82,1.89,2.02,1.91,,,,,,,,,,,,
65540,New York,00:00.0,00:00.0,16/10/2016,Organic,Bicycle,24.3,43.3,83.3,141.2,177.3,177.3,22,47,100,169,198,198,0.9,1.09,1.2,1.2,1.12,1.12,,,,,,,,,,,,
65560,New York,00:00.0,00:00.0,13/10/2016,Organic,Bicycle,5.2,5.2,5.2,5.2,5.2,5.2,4,4,4,4,4,4,0.77,0.77,0.77,0.77,0.77,0.77,,,,,,,,,,,,
65575,Rio de Janeiro,00:00.0,00:00.0,10/01/2017,Organic,Bicycle,9,9,9,9,9,9,20,20,20,20,20,20,2.22,2.22,2.22,2.22,2.22,2.22,,,,,,,,,,,,
65577,Rio de Janeiro,00:00.0,00:00.0,16/10/2016,Organic,Bicycle,7,7,11.7,42.5,49.4,77.2,19,19,32,117,137,204,2.71,2.71,2.74,2.75,2.77,2.64,,,,,,,,,,,,
65591,New York,00:00.0,00:00.0,14/10/2016,Offline,Bicycle,4.9,10.1,10.1,10.1,10.1,10.1,8,14,14,14,14,14,1.63,1.39,1.39,1.39,1.39,1.39,,,,,,,,,,,,
65601,New York,00:00.0,00:00.0,01/11/2016,Organic,Bicycle,8.8,11.7,11.7,23.4,23.4,23.4,19,27,27,53,53,53,2.15,2.31,2.31,2.27,2.27,2.27,,,1,1,1,1,,,0,0,0,0
65606,New York,00:00.0,00:00.0,17/10/2016,Organic,Bicycle,6.3,6.3,6.3,6.3,6.3,6.3,6,6,6,6,6,6,0.96,0.96,0.96,0.96,0.96,0.96,,,,,,,,,,,,
65625,New York,00:00.0,00:00.0,14/10/2016,Digital,Bicycle,32,42.3,73.7,73.7,73.7,73.7,45,57,91,91,91,91,1.41,1.35,1.23,1.23,1.23,1.23,,,,1,1,1,,,,0,0,0
65642,New York,00:00.0,00:00.0,13/10/2016,Organic,Bicycle,43.5,63.6,104.4,157.4,169.3,224.7,80,123,202,290,308,425,1.84,1.93,1.94,1.84,1.82,1.89,,1,1,2,3,3,,0,0,0,0,0
65651,New York,00:00.0,00:00.0,13/10/2016,Organic,Bicycle,16.8,23.7,23.7,76.8,152,249.3,33,52,52,187,368,560,1.97,2.2,2.2,2.44,2.42,2.25,,,,1,1,1,,,,0,0,0
65656,New York,00:00.0,00:00.0,14/10/2016,Job Platforms,Bicycle,2.9,2.9,2.9,4.8,4.9,4.9,5,5,5,7,7,7,1.72,1.72,1.72,1.46,1.42,1.42,,,,,,,,,,,,
65673,New York,00:00.0,00:00.0,14/10/2016,Offline,Bicycle,36.7,95.9,212.1,336.3,494.2,509.7,55,175,434,738,1122,1122,1.5,1.83,2.05,2.19,2.27,2.2,,,,,1,1,,,,,0,0
65674,New York,00:00.0,00:00.0,29/10/2016,Offline,Scooter / Motorcycle,5.1,5.1,5.1,5.1,5.1,5.1,12,12,12,12,12,12,2.36,2.36,2.36,2.36,2.36,2.36,,,,,,,,,,,,
65683,New York,00:00.0,00:00.0,14/10/2016,Offline,Bicycle,13.3,25.1,31.9,35.2,35.2,35.2,20,42,60,68,68,68,1.5,1.67,1.88,1.93,1.93,1.93,,,1,1,1,1,,,0,0,0,0
65686,New York,00:00.0,00:00.0,14/10/2016,Offline,Bicycle,17.1,31.6,45.2,45.2,45.2,45.2,19,38,49,49,49,49,1.11,1.2,1.08,1.08,1.08,1.08,,,,,,,,,,,,
65699,New York,00:00.0,00:00.0,14/10/2016,Digital,Bicycle,12.1,19.9,41.3,78.4,102,172.9,30,54,110,234,313,557,2.48,2.72,2.66,2.98,3.07,3.22,,,1,1,1,1,,,0,0,0,0
65700,New York,00:00.0,00:00.0,13/10/2016,Referral,Bicycle,1.7,1.7,1.7,5.9,5.9,5.9,0,0,0,0,0,0,0,0,0,0,0,0,,,,,,,,,,,,
65701,New York,00:00.0,00:00.0,13/10/2016,Organic,Bicycle,4.4,4.4,4.4,31.6,111,439,9,9,9,47,92,226,2.06,2.06,2.06,1.49,0.83,0.51,,,,1,1,1,,,,1,1,1
65702,New York,00:00.0,00:00.0,02/11/2016,Organic,Bicycle,2.2,2.2,2.2,2.2,2.2,2.2,0,0,0,0,0,0,0,0,0,0,0,0,,,,,,,,,,,,
65703,New York,00:00.0,00:00.0,15/10/2016,Organic,Bicycle,11.2,11.2,11.2,11.2,11.2,11.2,17,17,17,17,17,17,1.52,1.52,1.52,1.52,1.52,1.52,,,,,,,,,,,,
65704,New York,00:00.0,00:00.0,15/10/2016,Digital,Bicycle,6.4,6.4,6.4,6.4,6.4,6.4,8,8,8,8,8,8,1.26,1.26,1.26,1.26,1.26,1.26,,,,,,,,,,,,
65713,Rio de Janeiro,00:00.0,00:00.0,13/10/2016,Organic,Bicycle,35.3,67.2,109.3,121,156.4,375.5,39,90,167,187,248,668,1.1,1.34,1.53,1.55,1.59,1.78,,,,,,,,,,,,
65716,Rio de Janeiro,,,18/10/2016,Unknown,Bicycle,7.8,7.8,18.2,22.9,36.4,56.6,12,12,38,48,76,126,1.54,1.54,2.09,2.1,2.09,2.23,,,,,,,,,,,,
65800,New York,00:00.0,00:00.0,20/10/2016,Organic,Bicycle,4.8,7.4,8.1,10.9,10.9,10.9,11,15,15,24,24,24,2.29,2.03,1.84,2.21,2.21,2.21,,,,,,,,,,,,
65801,New York,00:00.0,00:00.0,29/10/2016,Digital,Bicycle,12.5,12.5,12.5,12.5,12.5,12.5,9,9,9,9,9,9,0.72,0.72,0.72,0.72,0.72,0.72,,,,,,,,,,,,
65802,New York,00:00.0,00:00.0,15/10/2016,Job Platforms,Bicycle,7.5,16.6,42.5,156.4,292.9,292.9,7,10,25,115,187,187,0.93,0.6,0.59,0.74,0.64,0.64,,,,,,,,,,,,
65822,New York,00:00.0,00:00.0,13/10/2016,Referral,Bicycle,29.7,58.6,100.5,100.5,100.5,100.5,38,77,127,127,127,127,1.28,1.31,1.26,1.26,1.26,1.26,,,,,,,,,,,,
65826,Rio de Janeiro,00:00.0,00:00.0,13/10/2016,Organic,Bicycle,55.5,87.8,91.5,176.1,209,209,114,183,187,386,478,478,2.05,2.08,2.04,2.19,2.29,2.29,,,,,,,,,,,,
65833,New York,00:00.0,00:00.0,14/10/2016,Referral,Bicycle,24.9,56.4,96.4,96.4,96.4,96.4,35,52,65,65,65,65,1.41,0.92,0.67,0.67,0.67,0.67,,,,,,,,,,,,
65836,New York,00:00.0,00:00.0,15/10/2016,Offline,Bicycle,2.8,2.8,2.8,2.8,2.8,2.8,3,3,3,3,3,3,1.06,1.06,1.06,1.06,1.06,1.06,,,,,,,,,,,,
65837,New York,00:00.0,00:00.0,13/10/2016,Referral,Bicycle,15.4,20.9,35.8,45.9,51.4,131.2,20,26,53,77,93,178,1.3,1.25,1.48,1.68,1.81,1.36,,,,1,1,2,,,,1,1,1
65839,New York,00:00.0,00:00.0,14/10/2016,Referral,Scooter / Motorcycle,23.2,34.5,43.1,44.4,44.4,54.3,44,66,87,90,90,116,1.9,1.91,2.02,2.03,2.03,2.13,,,,,,45,,,,,,1
65840,New York,00:00.0,00:00.0,19/10/2016,Referral,Bicycle,11.5,19.5,27.9,49.1,74,93.1,20,34,54,101,175,224,1.74,1.74,1.94,2.06,2.36,2.4,,,,,,,,,,,,
65843,New York,00:00.0,00:00.0,18/11/2016,Referral,Bicycle,0.5,0.5,0.5,0.5,0.5,0.5,0,0,0,0,0,0,0,0,0,0,0,0,,,,,,,,,,,,
65848,New York,00:00.0,00:00.0,19/10/2016,Organic,Bicycle,9.7,12.5,12.5,12.5,12.5,12.5,8,11,11,11,11,11,0.82,0.88,0.88,0.88,0.88,0.88,,,,,,,,,,,,
65880,New York,00:00.0,00:00.0,16/10/2016,Digital,Bicycle,29.4,52.7,144.2,278.9,415,697.9,34,61,130,273,447,1018,1.16,1.16,0.9,0.98,1.08,1.46,,,,,,,,,,,,
65895,New York,00:00.0,00:00.0,17/10/2016,Offline,Bicycle,14.2,18.2,31.3,78.1,81.6,84.9,21,27,44,121,129,135,1.48,1.48,1.4,1.55,1.58,1.59,,,,,,,,,,,,
65896,New York,00:00.0,00:00.0,13/10/2016,Referral,Scooter / Motorcycle,71.8,131.6,257.6,475.8,707.3,1164.3,125,250,489,979,1560,2787,1.74,1.9,1.9,2.06,2.21,2.39,,,,,,,,,,,,
65901,New York,00:00.0,00:00.0,19/10/2016,Referral,Bicycle,0.8,0.8,0.8,0.8,0.8,0.8,0,0,0,0,0,0,0,0,0,0,0,0,1,1,1,1,1,1,0,0,0,0,0,0
65925,New York,00:00.0,00:00.0,16/10/2016,Referral,Scooter / Motorcycle,44.3,56.4,97.6,176.4,262.1,436.3,95,121,213,419,622,1057,2.15,2.15,2.18,2.37,2.37,2.42,,,,,,1,,,,,,0
65954,New York,00:00.0,00:00.0,13/10/2016,Referral,Bicycle,23.9,34.5,57.2,62.7,79.1,114.5,23,44,83,93,123,203,0.96,1.27,1.45,1.48,1.56,1.77,,,,,,,,,,,,
65974,New York,00:00.0,00:00.0,16/10/2016,Organic,Scooter / Motorcycle,25.2,34.9,72.2,72.2,72.2,72.2,24,37,91,91,91,91,0.95,1.06,1.26,1.26,1.26,1.26,,,2,2,2,2,,,0,0,0,0
65980,New York,00:00.0,00:00.0,30/10/2016,Referral,Bicycle,7.1,13.5,13.5,27.1,27.1,27.1,14,22,22,43,43,43,1.96,1.63,1.63,1.59,1.59,1.59,,,,,,,,,,,,
65985,New York,00:00.0,00:00.0,18/10/2016,Organic,Bicycle,11.5,15,15,15,15,15,18,25,25,25,25,25,1.56,1.67,1.67,1.67,1.67,1.67,,,,,,,,,,,,
65986,New York,00:00.0,00:00.0,16/11/2016,Job Platforms,Bicycle,18.9,39.4,72.5,178.3,247.1,403.1,33,64,117,315,487,899,1.75,1.63,1.61,1.77,1.97,2.23,,,,,,,,,,,,
65988,New York,00:00.0,00:00.0,16/10/2016,Offline,Bicycle,3.3,3.3,3.3,3.3,3.3,3.3,3,3,3,3,3,3,0.91,0.91,0.91,0.91,0.91,0.91,,,,,,,,,,,,
65992,New York,00:00.0,00:00.0,30/10/2016,Digital,Bicycle,20.4,25.7,61.6,80.3,80.3,80.3,22,30,69,87,87,87,1.08,1.17,1.12,1.08,1.08,1.08,,,,,,,,,,,,
65993,New York,00:00.0,00:00.0,19/10/2016,Job Platforms,Bicycle,22.6,26.2,26.2,26.2,26.2,26.2,10,14,14,14,14,14,0.44,0.54,0.54,0.54,0.54,0.54,,,,,,,,,,,,
65996,New York,00:00.0,00:00.0,20/10/2016,Offline,Bicycle,4.2,4.2,4.2,4.2,4.2,4.2,8,8,8,8,8,8,1.89,1.89,1.89,1.89,1.89,1.89,,,,,,,,,,,,
65997,New York,00:00.0,00:00.0,16/10/2016,Organic,Bicycle,11.9,20.6,42.5,85,101.4,104.1,6,13,29,59,71,73,0.5,0.63,0.68,0.69,0.7,0.7,1,1,1,1,1,1,1,1,1,1,1,1
66014,Rio de Janeiro,00:00.0,00:00.0,28/11/2016,Organic,Bicycle,24.8,45.4,85.8,163.2,236.2,397.7,60,116,221,430,653,1130,2.42,2.56,2.58,2.63,2.76,2.84,,,,,,,,,,,,
66015,Cape Town,00:00.0,00:00.0,14/10/2016,Organic,Bicycle,28.2,52.2,97.4,186.8,273.8,376.7,56,110,204,365,520,730,1.98,2.11,2.1,1.95,1.9,1.94,,,,,,,,,,,,
66030,New York,00:00.0,00:00.0,14/10/2016,Organic,Bicycle,47,85.3,136.9,144.7,144.7,144.7,89,158,258,270,270,270,1.89,1.85,1.88,1.87,1.87,1.87,,,,,,,,,,,,
66048,New York,00:00.0,00:00.0,21/10/2016,Digital,Scooter / Motorcycle,18.5,33.1,56.1,111.6,119.8,119.9,39,62,106,228,244,244,2.1,1.87,1.89,2.04,2.04,2.04,,,,,,,,,,,,
66064,New York,00:00.0,00:00.0,15/10/2016,Organic,Bicycle,4.2,6.6,9.6,9.6,9.6,9.6,13,23,32,32,32,32,3.07,3.47,3.32,3.32,3.32,3.32,,,,,,,,,,,,
66084,Rio de Janeiro,00:00.0,00:00.0,13/10/2016,Organic,Bicycle,49.8,80,94.2,161.7,212.7,475.2,118,191,224,383,519,1259,2.37,2.39,2.38,2.37,2.44,2.65,,,,,,3,,,,,,0
66087,Rio de Janeiro,00:00.0,00:00.0,14/10/2016,Organic,Bicycle,18.5,18.5,18.5,18.5,37.9,59,14,14,14,14,34,75,0.75,0.75,0.75,0.75,0.9,1.27,,,,,,,,,,,,
66088,Rio de Janeiro,00:00.0,00:00.0,13/10/2016,Organic,Bicycle,16.5,27.6,43.2,61.4,73,111.9,33,58,97,151,183,283,2,2.1,2.24,2.46,2.51,2.53,,,,,,,,,,,,
66098,New York,00:00.0,00:00.0,14/10/2016,Organic,Bicycle,4,21.9,33.8,48.4,62.7,62.7,5,19,27,46,54,54,1.25,0.87,0.8,0.95,0.86,0.86,,,,,,,,,,,,
66112,New York,00:00.0,00:00.0,14/10/2016,Organic,Bicycle,50.9,102.7,206.7,365.7,462.6,645.5,87,190,398,683,871,1285,1.71,1.85,1.93,1.87,1.88,1.99,,,1,1,1,3,,,0,0,0,0
66124,New York,00:00.0,00:00.0,14/10/2016,Organic,Scooter / Motorcycle,68,102.8,188,292.7,342,342,42,60,103,184,247,247,0.62,0.58,0.55,0.63,0.72,0.72,,,,1,1,1,,,,0,0,0
66140,New York,00:00.0,00:00.0,17/10/2016,Organic,Bicycle,9.2,13.9,13.9,13.9,13.9,13.9,22,32,32,32,32,32,2.38,2.3,2.3,2.3,2.3,2.3,,,,,,,,,,,,
66175,New York,00:00.0,00:00.0,18/12/2016,Referral,Scooter / Motorcycle,19.7,42.2,48.3,48.3,48.3,48.3,41,77,77,77,77,77,2.08,1.82,1.59,1.59,1.59,1.59,2,2,2,2,2,2,1,1,1,1,1,1
66178,New York,00:00.0,00:00.0,14/10/2016,Referral,Bicycle,42.7,78.5,149.7,289.7,445.7,947.6,65,143,288,613,1030,2673,1.52,1.82,1.92,2.12,2.31,2.82,,,,,,,,,,,,
66183,New York,00:00.0,00:00.0,20/10/2016,Offline,Bicycle,3.2,3.2,3.2,3.2,3.2,3.2,1,1,1,1,1,1,0.32,0.32,0.32,0.32,0.32,0.32,,,,,,,,,,,,
66188,New York,00:00.0,00:00.0,25/10/2016,Referral,Scooter / Motorcycle,16.9,22.4,28.7,40.7,58.7,71.4,33,45,55,75,112,128,1.95,2.01,1.91,1.84,1.91,1.79,,,,,,,,,,,,
66189,New York,00:00.0,00:00.0,14/10/2016,Digital,Bicycle,19,32.7,52.2,103.5,103.5,103.5,23,51,86,199,199,199,1.21,1.56,1.65,1.92,1.92,1.92,,,1,2,2,2,,,0,0,0,0
66191,New York,00:00.0,00:00.0,16/10/2016,Digital,Bicycle,18.1,29,33.4,33.4,40.6,122.9,19,34,36,36,45,166,1.05,1.17,1.08,1.08,1.11,1.35,,,,,,,,,,,,
66195,New York,00:00.0,00:00.0,14/10/2016,Referral,Bicycle,6.5,11,11,11,11,11,9,13,13,13,13,13,1.39,1.18,1.18,1.18,1.18,1.18,,,,,,,,,,,,
66196,New York,00:00.0,00:00.0,19/10/2016,Organic,Bicycle,5.1,5.1,7.4,7.4,7.4,7.4,4,4,5,5,5,5,0.79,0.79,0.67,0.67,0.67,0.67,,,,,,,,,,,,
66199,New York,00:00.0,00:00.0,13/10/2016,Referral,Bicycle,7,7,15.5,27.8,64.8,241.7,2,2,8,20,41,329,0.29,0.29,0.51,0.72,0.63,1.36,,,,,,,,,,,,
66202,New York,00:00.0,00:00.0,16/10/2016,Digital,Bicycle,25.2,48.7,84.6,124.9,188.5,280.8,33,65,112,182,284,479,1.31,1.33,1.32,1.46,1.51,1.71,,,,,,,,,,,,
66204,New York,00:00.0,00:00.0,15/10/2016,Job Platforms,Bicycle,4.3,11.3,40.7,55.8,55.8,55.8,8,21,84,112,112,112,1.84,1.85,2.06,2.01,2.01,2.01,,,,,,,,,,,,
66206,New York,00:00.0,00:00.0,19/10/2016,Organic,Bicycle,9.1,13.1,23.7,31.5,31.5,31.5,13,18,30,40,40,40,1.43,1.37,1.26,1.27,1.27,1.27,1,1,1,2,2,2,1,1,1,2,2,2
66210,New York,00:00.0,00:00.0,13/10/2016,Organic,Bicycle,4.6,4.6,4.6,4.6,4.6,4.6,4,4,4,4,4,4,0.86,0.86,0.86,0.86,0.86,0.86,,,,,,,,,,,,
66235,New York,00:00.0,00:00.0,28/10/2016,Referral,Bicycle,15.7,42.4,60.7,121.1,168.4,168.4,14,37,69,135,162,162,0.89,0.87,1.14,1.11,0.96,0.96,,,,,,2,,,,,,0
66246,Cape Town,00:00.0,00:00.0,13/10/2016,Organic,Motor Vehicle,17.6,19.8,19.8,19.8,19.8,73.8,41,47,47,47,47,180,2.33,2.37,2.37,2.37,2.37,2.44,,,,,,,,,,,,
66249,Cape Town,00:00.0,00:00.0,13/10/2016,Organic,Motor Vehicle,27.8,27.8,34.5,34.5,34.5,34.5,72,72,87,87,87,87,2.59,2.59,2.52,2.52,2.52,2.52,,,,,,,,,,,,
66271,New York,00:00.0,00:00.0,18/10/2016,Digital,Bicycle,12.2,15.1,17.7,17.7,17.7,17.7,22,26,31,31,31,31,1.8,1.72,1.75,1.75,1.75,1.75,,,,,,,,,,,,
66275,New York,00:00.0,00:00.0,26/10/2016,Organic,Bicycle,5.2,15.6,15.6,38.6,63.1,141.4,7,25,25,62,107,273,1.36,1.6,1.6,1.6,1.69,1.93,,,,1,1,2,,,,0,0,0
66280,New York,00:00.0,00:00.0,14/10/2016,Organic,Bicycle,3.1,3.1,3.1,3.1,3.1,3.1,3,3,3,3,3,3,0.97,0.97,0.97,0.97,0.97,0.97,1,1,1,1,1,1,1,1,1,1,1,1
66286,New York,00:00.0,00:00.0,16/10/2016,Organic,Bicycle,11.7,17.7,17.7,17.7,17.7,17.7,23,39,39,39,39,39,1.97,2.2,2.2,2.2,2.2,2.2,,,,,,,,,,,,
66287,New York,00:00.0,00:00.0,17/10/2016,Digital,Bicycle,22.1,30.2,30.2,30.2,30.2,30.2,26,33,33,33,33,33,1.18,1.09,1.09,1.09,1.09,1.09,,,,,,,,,,,,
66297,New York,00:00.0,00:00.0,15/10/2016,Offline,Bicycle,16.4,28.6,59.3,112.7,167.3,370.3,18,34,60,112,181,518,1.1,1.19,1.01,0.99,1.08,1.4,,,,,,,,,,,,
66299,New York,00:00.0,00:00.0,16/10/2016,Organic,Bicycle,17.5,27.3,50.5,65.6,109.7,120.9,17,23,60,91,158,177,0.97,0.84,1.19,1.39,1.44,1.46,,,,,,,,,,,,
66300,New York,00:00.0,00:00.0,14/10/2016,Organic,Bicycle,28.4,46.9,68.1,148.9,207.3,218,50,99,154,373,521,548,1.76,2.11,2.26,2.5,2.51,2.51,,,,,,,,,,,,
66305,New York,00:00.0,00:00.0,18/10/2016,Digital,Bicycle,8.7,14.3,21.6,42.2,57,111.2,15,23,36,77,111,230,1.73,1.61,1.66,1.83,1.95,2.07,,,,,,,,,,,,
66318,New York,00:00.0,00:00.0,19/10/2016,Organic,Bicycle,7.4,13.7,26.7,36.4,36.4,36.4,15,25,45,58,58,58,2.03,1.83,1.68,1.59,1.59,1.59,,,,,,,,,,,,
66319,New York,00:00.0,00:00.0,16/10/2016,Referral,Bicycle,20.7,33.6,42.4,134.9,157.6,338.7,33,59,72,297,354,723,1.6,1.75,1.7,2.2,2.25,2.13,,,1,1,1,2,,,0,1,1,1
66321,New York,00:00.0,00:00.0,15/10/2016,Organic,Bicycle,42.1,52.9,74.5,79.7,79.7,79.7,9,14,14,14,14,14,0.21,0.26,0.19,0.18,0.18,0.18,,,,,,,,,,,,
66324,New York,00:00.0,00:00.0,14/10/2016,Digital,Bicycle,13.2,22.5,42.7,93.2,133.9,243,19,39,77,175,257,472,1.44,1.73,1.81,1.88,1.92,1.94,,,,,1,1,,,,,0,0
66330,New York,00:00.0,00:00.0,14/10/2016,Referral,Bicycle,14,22.7,35,35,35,35,20,35,43,43,43,43,1.43,1.54,1.23,1.23,1.23,1.23,,,,,,,,,,,,
66336,New York,00:00.0,00:00.0,14/10/2016,Organic,Bicycle,48.8,91.8,162.1,235.1,235.1,235.1,94,202,369,550,550,550,1.93,2.2,2.28,2.34,2.34,2.34,,,,,,,,,,,,
66345,New York,00:00.0,00:00.0,19/10/2016,Referral,Bicycle,1.8,1.8,23.9,68.7,68.7,68.7,2,2,9,13,13,13,1.12,1.12,0.38,0.19,0.19,0.19,,,,,,,,,,,,
66347,New York,00:00.0,00:00.0,14/10/2016,Digital,Scooter / Motorcycle,48,76.6,138.2,177.2,177.2,177.2,88,137,238,302,302,302,1.83,1.79,1.72,1.7,1.7,1.7,,,,,,,,,,,,
66349,Rio de Janeiro,00:00.0,00:00.0,13/10/2016,Organic,Bicycle,2,2,2,15.1,15.1,15.1,0,0,0,15,15,15,0,0,0,1,1,1,,,,,,,,,,,,
66350,Rio de Janeiro,00:00.0,00:00.0,13/10/2016,Organic,Bicycle,16,19.4,19.4,19.4,35.9,56.9,36,44,44,44,78,137,2.26,2.27,2.27,2.27,2.17,2.41,,,,,,1,,,,,,0
66351,Rio de Janeiro,00:00.0,00:00.0,13/10/2016,Organic,Bicycle,10.4,19.2,25.5,39.8,56.3,102.1,15,31,43,71,105,180,1.44,1.62,1.68,1.78,1.86,1.76,,,,,,,,,,,,
66353,New York,00:00.0,00:00.0,14/10/2016,Organic,Bicycle,22.3,31.1,33.7,44.2,44.2,44.2,30,36,39,57,57,57,1.34,1.16,1.16,1.29,1.29,1.29,,,,,,,,,,,,
66369,New York,00:00.0,00:00.0,18/10/2016,Organic,Bicycle,6.4,6.4,6.4,6.4,6.4,6.4,19,19,19,19,19,19,2.98,2.98,2.98,2.98,2.98,2.98,2,2,2,2,2,2,0,0,0,0,0,0
66371,New York,00:00.0,00:00.0,14/10/2016,Organic,Scooter / Motorcycle,32.7,52,115.5,154,154,154,75,120,246,323,323,323,2.3,2.31,2.13,2.1,2.1,2.1,1,1,2,2,2,2,0,0,0,0,0,0
66373,New York,00:00.0,00:00.0,15/10/2016,Referral,Scooter / Motorcycle,21.5,41.7,71.6,89.1,92.6,92.6,39,80,160,207,214,214,1.81,1.92,2.24,2.32,2.31,2.31,,,1,1,1,1,,,0,0,0,0
66374,New York,00:00.0,00:00.0,16/10/2016,Offline,Bicycle,5.5,5.5,5.5,5.5,5.5,5.5,1,1,1,1,1,1,0.18,0.18,0.18,0.18,0.18,0.18,,,,,,,,,,,,
66382,New York,00:00.0,00:00.0,14/10/2016,Organic,Bicycle,17.4,46,82.6,82.6,82.6,82.6,28,79,135,135,135,135,1.61,1.72,1.63,1.63,1.63,1.63,,,,,,,,,,,,
66388,New York,00:00.0,00:00.0,14/10/2016,Referral,Bicycle,8.6,17.6,31.8,31.8,31.8,31.8,22,49,80,80,80,80,2.56,2.78,2.52,2.52,2.52,2.52,,,,,,,,,,,,
66398,New York,,00:00.0,14/10/2016,Organic,Bicycle,15.6,24.8,42.3,42.3,42.3,42.3,44,72,124,124,124,124,2.83,2.91,2.93,2.93,2.93,2.93,,,1,1,1,1,,,0,0,0,0
66399,New York,00:00.0,00:00.0,19/10/2016,Organic,Bicycle,26.4,47.2,65,92.3,137.2,153.7,18,36,54,80,140,160,0.68,0.76,0.83,0.87,1.02,1.04,,,,,,,,,,,,
66402,New York,00:00.0,00:00.0,14/10/2016,Referral,Scooter / Motorcycle,50.7,50.7,50.7,50.7,50.7,50.7,111,111,111,111,111,111,2.19,2.19,2.19,2.19,2.19,2.19,,,,,,,,,,,,
66405,New York,00:00.0,00:00.0,16/10/2016,Organic,Bicycle,21,51.7,118.9,242.9,327.9,402.4,20,60,108,206,291,310,0.95,1.16,0.91,0.85,0.89,0.77,,,,,,,,,,,,
66406,New York,,,14/10/2016,Unknown,Bicycle,24.1,41.5,72.1,72.1,72.1,72.1,41,69,120,120,120,120,1.7,1.66,1.66,1.66,1.66,1.66,,,,,,,,,,,,
66447,New York,00:00.0,00:00.0,15/10/2016,Digital,Bicycle,18.9,18.9,18.9,18.9,18.9,18.9,13,13,13,13,13,13,0.69,0.69,0.69,0.69,0.69,0.69,,,,,,,,,,,,
66468,New York,00:00.0,00:00.0,14/10/2016,Referral,Bicycle,1.4,1.4,1.5,1.5,1.5,1.5,0,0,0,0,0,0,0,0,0,0,0,0,,,,,,,,,,,,
66469,New York,00:00.0,00:00.0,28/10/2016,Referral,Bicycle,18.9,18.9,18.9,18.9,18.9,18.9,30,30,30,30,30,30,1.58,1.58,1.58,1.58,1.58,1.58,,,,,,,,,,,,
66484,New York,00:00.0,00:00.0,14/10/2016,Organic,Bicycle,4.3,4.3,6.2,6.2,6.2,6.2,5,5,8,8,8,8,1.16,1.16,1.28,1.28,1.28,1.28,,,,,,,,,,,,
66488,New York,00:00.0,00:00.0,18/10/2016,Referral,Bicycle,9.2,14.1,26,47,69.2,141.2,16,27,44,88,130,250,1.74,1.92,1.69,1.87,1.88,1.77,,,,,,,,,,,,
66496,New York,00:00.0,00:00.0,17/10/2016,Referral,Bicycle,13.7,28.8,32.1,34.3,34.3,34.3,15,18,19,20,20,20,1.09,0.63,0.59,0.58,0.58,0.58,,,,,,,,,,,,
66501,New York,00:00.0,00:00.0,18/10/2016,Digital,Bicycle,17.5,23.6,23.6,23.6,23.6,23.6,41,53,53,53,53,53,2.35,2.25,2.25,2.25,2.25,2.25,1,1,1,3,4,4,1,1,1,1,1,1
66514,New York,00:00.0,00:00.0,14/10/2016,Organic,Bicycle,20.6,22.2,24.2,24.2,24.2,24.2,18,18,18,18,18,18,0.88,0.81,0.74,0.74,0.74,0.74,,,,,,,,,,,,
66517,New York,00:00.0,00:00.0,15/10/2016,Organic,Scooter / Motorcycle,0.4,3,7.1,8,8,15.5,0,5,12,14,14,27,0,1.66,1.68,1.75,1.75,1.74,,,,,,1,,,,,,0
66533,New York,00:00.0,00:00.0,15/10/2016,Organic,Bicycle,8.6,14.2,25.6,45,45,45,4,7,9,28,28,28,0.47,0.49,0.35,0.62,0.62,0.62,,,,,,,,,,,,
66535,Rio de Janeiro,00:00.0,00:00.0,19/10/2016,Organic,Bicycle,15.2,28,45.4,75.8,121.4,264.8,28,53,89,155,249,550,1.85,1.89,1.96,2.04,2.05,2.08,,,,,,,,,,,,
66536,New York,00:00.0,00:00.0,17/10/2016,Organic,Bicycle,9.3,17.7,25,25,25,25,15,40,60,60,60,60,1.62,2.26,2.4,2.4,2.4,2.4,,,,,,,,,,,,
66538,Rio de Janeiro,00:00.0,00:00.0,16/10/2016,Organic,Bicycle,10.2,10.2,10.2,102.6,167.9,405.1,27,27,27,296,482,1234,2.64,2.64,2.64,2.89,2.87,3.05,,,,2,2,3,,,,0,0,0
66539,New York,00:00.0,00:00.0,19/10/2016,Organic,Bicycle,27.1,46,92.1,180.2,270.5,283.2,59,84,175,302,423,423,2.18,1.82,1.9,1.68,1.56,1.49,1,1,1,1,1,1,1,1,1,1,1,1
66542,New York,00:00.0,00:00.0,15/10/2016,Digital,Bicycle,26.1,42.5,60.4,100.2,121,167.3,22,40,60,106,120,207,0.84,0.94,0.99,1.06,0.99,1.24,,1,1,1,1,2,,0,0,0,0,1
66544,New York,00:00.0,00:00.0,19/10/2016,Offline,Bicycle,6.2,9.5,20.1,35.2,35.2,47.6,16,24,52,91,91,123,2.6,2.53,2.59,2.59,2.59,2.58,,,,,,,,,,,,
66545,New York,00:00.0,00:00.0,21/10/2016,Digital,Scooter / Motorcycle,13.2,13.2,13.2,13.2,13.2,13.2,26,26,26,26,26,26,1.97,1.97,1.97,1.97,1.97,1.97,,,,,,,,,,,,
66552,New York,00:00.0,00:00.0,16/10/2016,Offline,Bicycle,21.3,26.6,48.9,74.5,116.6,116.6,9,11,24,34,47,47,0.42,0.41,0.49,0.46,0.4,0.4,,,,,,,,,,,,
66554,New York,00:00.0,00:00.0,14/10/2016,Referral,Bicycle,16,35.1,44.6,80.2,116.5,170.5,19,44,59,84,123,156,1.19,1.26,1.32,1.05,1.06,0.91,,,,,,,,,,,,
66556,New York,00:00.0,00:00.0,14/10/2016,Referral,Bicycle,10.7,12.3,14.3,14.3,14.3,14.3,14,15,17,17,17,17,1.31,1.22,1.19,1.19,1.19,1.19,,,,,,,,,,,,
66557,New York,00:00.0,00:00.0,16/10/2016,Digital,Scooter / Motorcycle,47.2,89.4,157,302.3,324.6,610.4,67,136,251,544,591,1200,1.42,1.52,1.6,1.8,1.82,1.97,,,,,,,,,,,,
66558,New York,00:00.0,00:00.0,15/10/2016,Organic,Scooter / Motorcycle,44.5,69.2,78.8,121,121,121,70,128,140,234,234,234,1.57,1.85,1.78,1.93,1.93,1.93,1,1,1,1,1,1,0,1,1,1,1,1
66559,New York,00:00.0,00:00.0,19/10/2016,Referral,Bicycle,17.5,23.4,30.6,49.4,49.4,49.4,20,26,31,39,39,39,1.15,1.11,1.01,0.79,0.79,0.79,,,,1,1,1,,,,0,0,0
66560,New York,00:00.0,00:00.0,15/10/2016,Organic,Scooter / Motorcycle,60.6,96.2,158.6,219.9,311.1,422.1,49,77,114,183,361,604,0.81,0.8,0.72,0.83,1.16,1.43,,,,,,,,,,,,
66563,New York,00:00.0,00:00.0,15/10/2016,Digital,Bicycle,27.1,27.1,27.1,27.1,27.1,27.1,7,7,7,7,7,7,0.26,0.26,0.26,0.26,0.26,0.26,,,,,,,,,,,,
66565,New York,00:00.0,00:00.0,14/10/2016,Organic,Bicycle,0.7,5.6,10.6,24.2,38.7,38.7,0,1,1,1,1,1,0,0.18,0.09,0.04,0.03,0.03,,2,2,2,2,2,,1,2,2,2,2
66568,New York,00:00.0,00:00.0,14/10/2016,Offline,Bicycle,76.9,117.4,222,317.8,317.8,317.8,58,110,249,379,379,379,0.75,0.94,1.12,1.19,1.19,1.19,,,,,,,,,,,,
66574,Rio de Janeiro,,,28/10/2016,Unknown,Bicycle,26,57.3,93.5,99.7,99.7,99.7,80,162,206,206,206,206,3.08,2.83,2.2,2.07,2.07,2.07,,1,1,1,1,1,,0,0,0,0,0
66575,New York,00:00.0,00:00.0,20/10/2016,Organic,Bicycle,7.5,7.5,7.5,7.5,7.5,7.5,17,17,17,17,17,17,2.28,2.28,2.28,2.28,2.28,2.28,,,,,,,,,,,,
66579,New York,00:00.0,00:00.0,18/10/2016,Organic,Bicycle,6.6,9.6,12.1,14.4,14.4,14.4,4,6,8,11,11,11,0.6,0.63,0.66,0.76,0.76,0.76,,,,,,,,,,,,
66580,New York,00:00.0,00:00.0,16/10/2016,Digital,Bicycle,22.4,50.5,93.8,183.4,206.4,209.1,27,86,167,213,222,223,1.21,1.7,1.78,1.16,1.08,1.07,,,,,,,,,,,,
66581,New York,00:00.0,00:00.0,17/02/2017,Digital,Bicycle,34,53.8,65.6,65.6,82.4,82.4,54,93,111,111,121,121,1.59,1.73,1.69,1.69,1.47,1.47,,,,,,,,,,,,
66582,New York,00:00.0,00:00.0,15/10/2016,Digital,Bicycle,21.5,24.1,31.9,40.1,40.1,40.1,24,26,35,45,45,45,1.12,1.08,1.1,1.12,1.12,1.12,,,,,,,,,,,,
66585,New York,00:00.0,00:00.0,18/10/2016,Referral,Bicycle,6,6,6,6,6,6,16,16,16,16,16,16,2.69,2.69,2.69,2.69,2.69,2.69,,,,,,,,,,,,
66588,New York,00:00.0,00:00.0,18/10/2016,Referral,Bicycle,13.5,42,49.6,49.6,49.6,49.6,5,5,6,6,6,6,0.37,0.12,0.12,0.12,0.12,0.12,,,,,,,,,,,,
66589,New York,00:00.0,00:00.0,14/10/2016,Organic,Bicycle,1.2,1.2,1.2,1.2,1.2,1.2,0,0,0,0,0,0,0,0,0,0,0,0,,,,,,,,,,,,
66591,New York,00:00.0,00:00.0,18/10/2016,Organic,Bicycle,5.6,11.8,11.8,11.8,15.5,15.5,14,32,32,32,43,43,2.5,2.72,2.72,2.72,2.77,2.77,,,,,,,,,,,,
66594,New York,00:00.0,00:00.0,14/10/2016,Referral,Bicycle,21.2,37.2,80.8,83.8,83.8,83.8,23,36,77,81,81,81,1.09,0.97,0.95,0.97,0.97,0.97,,,,,,,,,,,,
66695,New York,00:00.0,00:00.0,18/10/2016,Job Platforms,Bicycle,8.4,14.2,14.2,14.2,14.2,14.2,19,28,28,28,28,28,2.27,1.97,1.97,1.97,1.97,1.97,,,,,,,,,,,,
66704,New York,00:00.0,00:00.0,19/10/2016,Organic,Bicycle,9.6,20.3,28,43.4,65.6,66.7,24,39,54,57,72,73,2.5,1.92,1.93,1.31,1.1,1.09,,1,1,1,1,1,,0,0,0,0,0
66708,New York,00:00.0,00:00.0,23/10/2016,Referral,Bicycle,4.2,4.2,4.2,4.2,4.2,4.2,1,1,1,1,1,1,0.24,0.24,0.24,0.24,0.24,0.24,,,,,,,,,,,,
66712,New York,00:00.0,00:00.0,15/10/2016,Organic,Bicycle,39.1,39.1,39.1,39.1,39.1,39.1,34,34,34,34,34,34,0.87,0.87,0.87,0.87,0.87,0.87,,,,,,,,,,,,
66718,New York,00:00.0,00:00.0,17/10/2016,Digital,Bicycle,18.4,37.1,69.4,144.8,190.7,241.7,19,35,84,208,276,424,1.03,0.94,1.21,1.44,1.45,1.75,,,,,,1,,,,,,0
66719,New York,00:00.0,00:00.0,15/10/2016,Referral,Bicycle,3.3,6.6,12.5,12.5,12.5,12.5,2,5,12,12,12,12,0.61,0.75,0.96,0.96,0.96,0.96,,,,,,,,,,,,
66734,New York,00:00.0,00:00.0,17/10/2016,Digital,Bicycle,30.2,48.8,83.9,117.6,143.8,147.8,27,44,109,176,216,225,0.89,0.9,1.3,1.5,1.5,1.52,,,1,1,1,2,,,0,1,1,1
66737,New York,00:00.0,00:00.0,15/10/2016,Referral,Bicycle,57.8,107,210.1,394,546.2,751.4,62,112,166,283,365,572,1.07,1.05,0.79,0.72,0.67,0.76,1,1,2,2,3,3,0,0,0,1,1,1
66738,Rio de Janeiro,00:00.0,00:00.0,16/10/2016,Organic,Bicycle,12,16.9,20.7,25.8,31.3,31.3,17,29,42,50,63,63,1.42,1.72,2.03,1.94,2.01,2.01,,,,,,,,,,,,
66739,Rio de Janeiro,00:00.0,00:00.0,18/10/2016,Organic,Bicycle,29.2,53.7,102.9,220.9,307.4,503.2,61,117,218,451,662,1070,2.09,2.18,2.12,2.04,2.15,2.13,,,,,,,,,,,,
66740,Rio de Janeiro,00:00.0,00:00.0,19/10/2016,Organic,Bicycle,6.7,8.5,18.8,18.8,18.8,18.8,15,21,42,42,42,42,2.23,2.46,2.24,2.24,2.24,2.24,,,,,,,,,,,,
66741,New York,00:00.0,00:00.0,16/10/2016,Digital,Bicycle,23.8,45.5,87.7,178.3,263.3,393.3,17,43,70,138,236,353,0.71,0.94,0.8,0.77,0.9,0.9,3,3,3,4,4,4,0,1,1,1,1,1
66746,New York,00:00.0,00:00.0,16/10/2016,Referral,Bicycle,23,34.7,50,50,50,50,29,47,60,60,60,60,1.26,1.35,1.2,1.2,1.2,1.2,,,,,,,,,,,,
66751,New York,00:00.0,00:00.0,18/10/2016,Referral,Scooter / Motorcycle,21.8,37.5,94.5,160.1,210.6,334.6,26,34,66,163,293,588,1.19,0.91,0.7,1.02,1.39,1.76,,,,,,,,,,,,
66753,New York,00:00.0,00:00.0,16/10/2016,Offline,Bicycle,26.5,48.4,96.7,189.2,215.3,215.3,34,67,119,199,205,205,1.29,1.38,1.23,1.05,0.95,0.95,,,,,,,,,,,,
66755,New York,00:00.0,00:00.0,18/10/2016,Organic,Bicycle,12.4,21.7,35.5,68.8,102.9,120.6,31,44,70,112,155,193,2.5,2.03,1.97,1.63,1.51,1.6,,,,,,,,,,,,
66764,New York,00:00.0,00:00.0,16/10/2016,Digital,Bicycle,29.2,55,95.1,198.5,293.8,307.7,25,46,80,144,224,240,0.86,0.84,0.84,0.73,0.76,0.78,,,,,,,,,,,,
66765,New York,00:00.0,00:00.0,15/10/2016,Referral,Bicycle,15.6,37.5,70.9,117.9,117.9,117.9,14,27,61,109,109,109,0.9,0.72,0.86,0.92,0.92,0.92,,,,,,,,,,,,
66787,New York,00:00.0,00:00.0,16/10/2016,Referral,Bicycle,15.4,27.8,42.2,78.4,99,122.7,26,54,82,153,197,259,1.69,1.94,1.94,1.95,1.99,2.11,,,,4,9,34,,,,1,1,4
66790,New York,00:00.0,00:00.0,18/10/2016,Referral,Bicycle,10.1,18.1,34.8,68.2,95.7,136.6,17,31,67,147,212,312,1.68,1.72,1.93,2.16,2.21,2.28,,1,1,1,1,1,,0,0,0,0,0
66809,New York,00:00.0,00:00.0,29/10/2016,Offline,Scooter / Motorcycle,35,63.4,106.4,108.3,108.3,108.3,57,111,212,216,216,216,1.63,1.75,1.99,1.99,1.99,1.99,,,,,,,,,,,,
66811,New York,00:00.0,00:00.0,17/10/2016,Organic,Scooter / Motorcycle,38.9,81.6,153.8,279.3,376,480.3,49,118,219,439,621,857,1.26,1.45,1.42,1.57,1.65,1.78,,,,,,,,,,,,
66812,New York,00:00.0,00:00.0,25/10/2016,Digital,Bicycle,12.8,22,29.4,53.6,62.4,90.1,35,55,88,173,206,303,2.73,2.5,3,3.23,3.3,3.36,1,1,1,1,1,1,0,0,0,0,0,0
66814,New York,00:00.0,00:00.0,22/10/2016,Organic,Bicycle,35.9,66.1,167.2,167.2,167.2,167.2,22,33,64,64,64,64,0.61,0.5,0.38,0.38,0.38,0.38,,,,,,,,,,,,
66823,New York,00:00.0,00:00.0,15/10/2016,Referral,Scooter / Motorcycle,19,27.4,81.3,92.5,144.8,517.7,35,61,163,191,344,1483,1.84,2.23,2.01,2.06,2.38,2.86,,,,,,,,,,,,
66829,New York,00:00.0,00:00.0,16/10/2016,Referral,Bicycle,3.3,3.3,4.7,20.2,46.1,46.1,3,3,5,20,29,29,0.9,0.9,1.07,0.99,0.63,0.63,,,,,,,,,,,,
66836,New York,00:00.0,00:00.0,18/10/2016,Referral,Bicycle,27.5,50.9,101.7,173.1,207.1,207.1,21,27,39,55,58,58,0.76,0.53,0.38,0.32,0.28,0.28,,,,,,,,,,,,
66837,New York,00:00.0,00:00.0,16/10/2016,Offline,Bicycle,7.4,18.6,19.7,19.7,19.7,19.7,8,23,23,23,23,23,1.08,1.24,1.17,1.17,1.17,1.17,,,,1,1,1,,,,0,0,0
66841,New York,00:00.0,00:00.0,18/10/2016,Organic,Bicycle,14.9,21.4,26.3,29.7,29.7,29.7,27,39,49,56,56,56,1.82,1.82,1.87,1.89,1.89,1.89,,,,,,,,,,,,
66845,New York,00:00.0,00:00.0,18/10/2016,Referral,Scooter / Motorcycle,1.1,10.2,13.2,33.9,106.1,422.3,2,12,16,69,290,1399,1.79,1.18,1.22,2.04,2.73,3.31,,,,1,1,1,,,,0,0,0
66847,New York,00:00.0,00:00.0,26/11/2016,Organic,Bicycle,15.6,19.7,19.7,43.3,74.2,90,33,42,42,108,211,255,2.11,2.14,2.13,2.49,2.84,2.83,,,,,,,,,,,,
66848,New York,00:00.0,00:00.0,22/10/2016,Offline,Scooter / Motorcycle,12.3,19.4,39.3,52.3,113.1,126.5,24,39,79,115,224,255,1.96,2.01,2.01,2.2,1.98,2.02,,,1,1,1,1,,,0,0,0,0
66849,New York,00:00.0,00:00.0,21/10/2016,Referral,Bicycle,25.2,45.6,89.7,166.2,243.1,331.1,13,23,35,125,175,268,0.52,0.5,0.39,0.75,0.72,0.81,2,2,2,2,2,3,1,1,1,1,1,1
66856,New York,00:00.0,00:00.0,21/10/2016,Offline,Scooter / Motorcycle,60.9,95.7,155.6,155.6,155.6,155.6,90,147,210,210,210,210,1.48,1.54,1.35,1.35,1.35,1.35,,,,,,,,,,,,
66857,New York,00:00.0,00:00.0,22/10/2016,Referral,Scooter / Motorcycle,14.1,14.1,14.1,14.1,14.1,14.1,32,32,32,32,32,32,2.27,2.27,2.27,2.27,2.27,2.27,,,,,,,,,,,,
66859,New York,00:00.0,00:00.0,21/10/2016,Organic,Bicycle,7.4,7.4,7.4,7.4,7.4,7.4,14,14,14,14,14,14,1.9,1.9,1.9,1.9,1.9,1.9,,,,,,,,,,,,
66860,New York,00:00.0,00:00.0,16/10/2016,Organic,Bicycle,14.9,35,48.7,51.5,51.5,51.5,16,45,69,75,75,75,1.07,1.29,1.42,1.46,1.46,1.46,,,,,,,,,,,,
66861,New York,00:00.0,00:00.0,19/10/2016,Referral,Bicycle,18.4,37.9,65.3,65.3,65.3,65.3,31,67,104,104,104,104,1.69,1.77,1.59,1.59,1.59,1.59,,,,,,,,,,,,
66865,New York,00:00.0,00:00.0,19/10/2016,Referral,Bicycle,10.4,14.7,18.5,18.6,18.6,18.6,14,21,25,25,25,25,1.35,1.43,1.35,1.34,1.34,1.34,,,,,,,,,,,,
66866,New York,00:00.0,00:00.0,18/10/2016,Digital,Bicycle,0.9,0.9,1.6,1.6,3.3,3.3,0,0,2,2,3,3,0,0,1.23,1.23,0.9,0.9,,,,,,,,,,,,
66867,New York,00:00.0,00:00.0,22/10/2016,Digital,Bicycle,10.9,13.8,27.4,27.4,35.2,40.5,23,31,54,54,70,90,2.11,2.24,1.97,1.97,1.99,2.22,,,,1,1,1,,,,0,0,0
66871,New York,00:00.0,00:00.0,15/10/2016,Referral,Bicycle,32.5,92.3,218.5,366.5,468.3,633.8,37,82,133,264,420,591,1.14,0.89,0.61,0.72,0.9,0.93,,,,,,,,,,,,
66872,New York,00:00.0,00:00.0,21/10/2016,Offline,Bicycle,9.6,16.2,16.2,33.6,65.4,84.3,22,32,32,70,115,161,2.29,1.98,1.98,2.08,1.76,1.91,,,,,1,1,,,,,0,0
66873,New York,00:00.0,00:00.0,16/10/2016,Organic,Bicycle,11.7,33.4,61.6,121.9,162.3,167.9,10,36,70,177,246,254,0.85,1.08,1.14,1.45,1.52,1.51,,,,,,,,,,,,
66874,New York,00:00.0,00:00.0,16/10/2016,Referral,Bicycle,5.2,5.6,19.2,19.2,19.2,19.2,2,2,12,12,12,12,0.38,0.36,0.62,0.62,0.62,0.62,,,,,,,,,,,,
66882,Rio de Janeiro,00:00.0,00:00.0,18/10/2016,Organic,Bicycle,20.6,46.8,100,205.7,311.2,345,35,98,224,487,759,855,1.7,2.09,2.24,2.37,2.44,2.48,,,,,,,,,,,,
66913,Cape Town,,,17/10/2016,Unknown,Motor Vehicle,23,23,23,23,23,26.9,36,36,36,36,36,45,1.57,1.57,1.57,1.57,1.57,1.68,,,,,,,,,,,,
66931,New York,00:00.0,00:00.0,01/11/2016,Digital,Bicycle,5.3,5.3,5.3,5.3,5.3,5.3,5,5,5,5,5,5,0.95,0.95,0.95,0.95,0.95,0.95,,,,,,,,,,,,
66970,New York,00:00.0,00:00.0,17/10/2016,Referral,Bicycle,15.1,31.2,62.9,128.7,159.7,271.3,11,16,30,68,85,116,0.73,0.51,0.48,0.53,0.53,0.43,,,,,,,,,,,,
66974,New York,00:00.0,00:00.0,22/10/2016,Digital,Bicycle,2.1,2.1,2.1,2.1,2.1,2.1,1,1,1,1,1,1,0.47,0.47,0.47,0.47,0.47,0.47,,,,,,,,,,,,
66975,New York,00:00.0,00:00.0,16/10/2016,Referral,Bicycle,11.6,17,19.3,19.3,19.3,19.3,10,16,19,19,19,19,0.86,0.94,0.99,0.99,0.99,0.99,,,,,,,,,,,,
66976,New York,00:00.0,00:00.0,30/10/2016,Digital,Bicycle,0.4,0.4,0.4,0.4,0.4,0.4,0,0,0,0,0,0,0,0,0,0,0,0,,,,,,,,,,,,
66984,New York,00:00.0,00:00.0,18/10/2016,Referral,Bicycle,24.6,50.4,110.5,306.4,505,717.3,29,65,96,378,641,1102,1.18,1.29,0.87,1.23,1.27,1.54,1,2,3,4,4,7,0,0,0,1,1,4
66988,New York,00:00.0,00:00.0,26/10/2016,Digital,Bicycle,5.9,5.9,6.3,6.4,6.4,6.4,6,6,6,6,6,6,1.03,1.03,0.95,0.94,0.94,0.94,,,,,,,,,,,,
66993,New York,00:00.0,00:00.0,23/10/2016,Organic,Bicycle,1.7,1.7,1.7,1.7,1.7,1.7,1,1,1,1,1,1,0.59,0.59,0.59,0.59,0.59,0.59,,,,,,,,,,,,
66996,New York,00:00.0,00:00.0,17/10/2016,Digital,Bicycle,6.6,29.2,67.3,85.7,85.7,85.7,12,43,81,91,91,91,1.8,1.47,1.2,1.06,1.06,1.06,,,,,,,,,,,,
67004,New York,00:00.0,00:00.0,12/11/2016,Organic,Bicycle,36.9,65.7,88.2,130.4,169.6,286.4,59,115,163,248,334,630,1.6,1.75,1.85,1.9,1.97,2.2,,,,,1,1,,,,,0,0
67005,New York,00:00.0,00:00.0,26/10/2016,Digital,Bicycle,8.7,14.4,25.9,50.7,67.6,86.1,24,40,73,114,156,203,2.77,2.78,2.82,2.25,2.31,2.36,1,1,1,1,1,2,1,1,1,1,1,2
67006,Rio de Janeiro,00:00.0,00:00.0,17/10/2016,Organic,Bicycle,23,45,70.5,81.9,88,102.5,50,103,152,174,185,221,2.18,2.29,2.15,2.13,2.1,2.16,,,,,,,,,,,,
67007,New York,00:00.0,00:00.0,21/10/2016,Referral,Scooter / Motorcycle,40.4,79.9,149.8,284.1,446.6,812.6,87,171,342,687,1125,2270,2.15,2.14,2.28,2.42,2.52,2.79,,,,,1,1,,,,,0,1
67008,Rio de Janeiro,00:00.0,00:00.0,18/10/2016,Organic,Bicycle,13,29.3,53.8,97.6,120.9,198.4,20,57,108,197,257,486,1.54,1.94,2.01,2.02,2.13,2.45,,,,,,,,,,,,
67009,New York,00:00.0,00:00.0,21/10/2016,Digital,Bicycle,41.1,74.9,118.6,118.6,135.3,181.3,85,147,230,230,274,391,2.07,1.96,1.94,1.94,2.02,2.16,,,,,,3,,,,,,1
67010,Rio de Janeiro,00:00.0,00:00.0,19/10/2016,Organic,Bicycle,6.6,6.6,8.3,8.3,8.3,8.3,13,13,17,17,17,17,1.97,1.97,2.04,2.04,2.04,2.04,,,,,,,,,,,,
67011,New York,00:00.0,00:00.0,17/10/2016,Organic,Bicycle,14.6,27,43.7,52.1,52.1,52.1,18,36,50,60,60,60,1.23,1.33,1.14,1.15,1.15,1.15,,,,,,,,,,,,
67014,Rio de Janeiro,00:00.0,00:00.0,18/10/2016,Organic,Bicycle,26.5,34.5,63.2,100.4,167.5,196.5,24,42,90,165,282,346,0.91,1.22,1.42,1.64,1.68,1.76,,,,,,,,,,,,
67016,New York,00:00.0,00:00.0,19/10/2016,Digital,Bicycle,12.4,18.8,29.3,29.3,29.3,29.3,12,22,27,27,27,27,0.97,1.17,0.92,0.92,0.92,0.92,,3,3,3,3,3,,0,0,0,0,0
67018,New York,00:00.0,00:00.0,17/10/2016,Organic,Bicycle,8.9,20.4,50.4,120.7,204.3,460.8,14,32,88,214,372,1025,1.57,1.57,1.75,1.77,1.82,2.22,,,,1,1,2,,,,0,0,1
67021,Rio de Janeiro,00:00.0,00:00.0,17/10/2016,Organic,Bicycle,2.5,4.5,8.1,8.1,13.1,16.9,3,6,13,13,25,31,1.22,1.35,1.6,1.6,1.9,1.84,,,,,,,,,,,,
67025,Rio de Janeiro,00:00.0,00:00.0,11/11/2016,Organic,Bicycle,2,2,4.7,13,15.7,52.1,3,3,8,21,26,100,1.48,1.48,1.69,1.62,1.66,1.92,,,,,,2,,,,,,0
67027,Rio de Janeiro,00:00.0,00:00.0,17/10/2016,Organic,Bicycle,34,51.6,80.3,92,107.2,107.2,34,60,93,120,158,158,1,1.16,1.16,1.3,1.47,1.47,,,,,,,,,,,,
67030,Rio de Janeiro,00:00.0,00:00.0,19/10/2016,Organic,Bicycle,11.3,14.1,25,53.3,63.3,63.3,16,21,38,83,95,95,1.42,1.48,1.52,1.56,1.5,1.5,,,,,,,,,,,,
67053,New York,00:00.0,00:00.0,25/10/2016,Organic,Bicycle,4.2,7.2,8.6,16.6,16.6,16.6,13,21,26,49,49,49,3.06,2.91,3.01,2.96,2.96,2.96,,,,,,,,,,,,
67056,New York,00:00.0,00:00.0,21/10/2016,Offline,Scooter / Motorcycle,5.1,12.8,30.2,31.8,31.8,31.8,6,16,25,28,28,28,1.17,1.25,0.83,0.88,0.88,0.88,,,,,,,,,,,,
67060,New York,00:00.0,00:00.0,22/10/2016,Referral,Bicycle,14.8,14.8,20.8,35.9,52.3,64,23,23,31,51,75,88,1.55,1.55,1.49,1.42,1.44,1.37,,,,,,,,,,,,
67061,New York,00:00.0,00:00.0,25/10/2016,Organic,Scooter / Motorcycle,49.1,107,184.7,317.4,440.2,719.1,75,150,278,560,832,1588,1.53,1.4,1.51,1.76,1.89,2.21,,,,,,,,,,,,
67068,New York,00:00.0,00:00.0,21/10/2016,Organic,Bicycle,38,72.3,117.5,156.7,172.1,172.1,86,161,276,358,392,392,2.26,2.23,2.35,2.29,2.28,2.28,,,1,1,6,9,,,0,0,1,2
67090,New York,00:00.0,00:00.0,21/10/2016,Digital,Scooter / Motorcycle,53.9,95,171.2,332.3,553.6,1180.9,86,160,266,631,1081,2392,1.6,1.68,1.55,1.9,1.95,2.03,1,1,1,2,2,5,0,0,0,0,0,0
67097,New York,00:00.0,00:00.0,17/10/2016,Digital,Bicycle,4.8,16.4,34.9,56.9,94.6,142.5,0,30,86,145,236,377,0,1.82,2.46,2.55,2.49,2.65,,,,1,1,1,,,,0,0,0
67114,New York,00:00.0,00:00.0,25/10/2016,Digital,Bicycle,4.6,4.6,4.6,4.6,27.6,34.2,13,13,13,13,58,80,2.83,2.83,2.83,2.83,2.1,2.34,,1,1,1,1,1,,0,0,0,0,0
67119,New York,00:00.0,00:00.0,25/10/2016,Digital,Bicycle,12.6,16.6,36.3,47.9,47.9,58.7,20,28,64,79,79,114,1.59,1.69,1.76,1.65,1.65,1.94,,,,,,,,,,,,
67123,New York,00:00.0,00:00.0,21/10/2016,Referral,Scooter / Motorcycle,42.4,106.8,242.7,423.5,603.9,1047.8,71,213,464,883,1295,2393,1.67,1.99,1.91,2.08,2.14,2.28,,,,,,2,,,,,,0
67124,New York,00:00.0,00:00.0,18/10/2016,Referral,Bicycle,6,14,19,32.6,42.1,47.8,19,40,52,82,106,125,3.15,2.85,2.74,2.52,2.52,2.62,,,,,,,,,,,,
67125,New York,00:00.0,00:00.0,18/12/2016,Organic,Bicycle,22.1,26.2,26.2,26.2,26.2,26.2,28,39,39,39,39,39,1.27,1.49,1.49,1.49,1.49,1.49,,,,,,,,,,,,
67126,New York,00:00.0,00:00.0,25/10/2016,Referral,Bicycle,13.2,24,32.6,32.6,32.6,33.8,9,13,18,18,18,19,0.68,0.54,0.55,0.55,0.55,0.56,,,,,,1,,,,,,0
67128,New York,00:00.0,00:00.0,17/10/2016,Referral,Bicycle,19.5,36,42.4,59.5,82.1,104.7,35,63,79,93,120,151,1.79,1.75,1.86,1.56,1.46,1.44,,,,,,,,,,,,
67129,New York,00:00.0,00:00.0,17/10/2016,Organic,Bicycle,13.3,43,149.2,290,411.5,494.4,10,37,157,452,781,977,0.75,0.86,1.05,1.56,1.9,1.98,,,,,,,,,,,,
67130,New York,00:00.0,00:00.0,18/10/2016,Organic,Bicycle,5.1,5.1,5.1,5.1,5.1,5.1,4,4,4,4,4,4,0.78,0.78,0.78,0.78,0.78,0.78,,,,,,,,,,,,
67131,New York,00:00.0,00:00.0,17/10/2016,Organic,Bicycle,20.8,24.1,24.1,24.1,24.1,24.1,15,16,16,16,16,16,0.72,0.66,0.66,0.66,0.66,0.66,,,,,,,,,,,,
67132,New York,00:00.0,00:00.0,17/10/2016,Digital,Bicycle,22.3,53,108.8,108.8,108.8,108.8,25,56,88,88,88,88,1.12,1.06,0.81,0.81,0.81,0.81,,,,,,,,,,,,
67133,New York,00:00.0,00:00.0,23/10/2016,Organic,Bicycle,2,2,2,2,2,2,0,0,0,0,0,0,0,0,0,0,0,0,,,,,,,,,,,,
67136,New York,00:00.0,00:00.0,21/10/2016,Referral,Bicycle,11.7,17.3,31.4,56.4,85.4,148.7,18,24,40,83,138,282,1.54,1.38,1.28,1.47,1.62,1.9,1,2,2,2,2,2,1,1,1,1,1,1
67138,New York,00:00.0,00:00.0,17/10/2016,Digital,Bicycle,11.5,26.6,47.5,97.4,132.6,223.7,20,48,89,176,231,395,1.74,1.8,1.87,1.81,1.74,1.77,,,,,,,,,,,,
67145,New York,00:00.0,00:00.0,21/10/2016,Organic,Scooter / Motorcycle,51.7,87.9,201.6,302.3,302.3,302.3,118,208,493,763,763,763,2.28,2.37,2.45,2.52,2.52,2.52,,,,,,,,,,,,
67146,New York,00:00.0,00:00.0,23/10/2016,Digital,Bicycle,2.9,13.5,20.6,20.6,20.6,20.6,1,22,34,34,34,34,0.34,1.62,1.65,1.65,1.65,1.65,,,,,,,,,,,,
67148,New York,00:00.0,00:00.0,25/10/2016,Organic,Bicycle,4,7,7,11.4,13.4,13.4,9,14,14,14,14,14,2.26,2,2,1.23,1.04,1.04,,,,,,,,,,,,
67151,New York,00:00.0,00:00.0,17/10/2016,Referral,Bicycle,14.6,25.3,49.4,74.9,74.9,74.9,3,4,6,6,6,6,0.21,0.16,0.12,0.08,0.08,0.08,,,,,,,,,,,,
67152,New York,00:00.0,00:00.0,22/10/2016,Referral,Bicycle,5.9,6.5,9.5,9.5,9.5,9.5,6,7,11,11,11,11,1.02,1.08,1.15,1.15,1.15,1.15,2,2,2,2,2,2,1,1,1,1,1,1
67159,Rio de Janeiro,00:00.0,00:00.0,19/10/2016,Organic,Bicycle,9,9,9,9,53.5,53.5,15,15,15,15,101,101,1.66,1.66,1.66,1.66,1.89,1.89,,,,,,,,,,,,
67161,Rio de Janeiro,00:00.0,00:00.0,22/10/2016,Organic,Bicycle,20.8,50.4,128.3,237.6,356.9,757.5,58,138,357,663,1001,2332,2.79,2.74,2.78,2.79,2.81,3.08,,,,,,,,,,,,
67163,Rio de Janeiro,00:00.0,00:00.0,18/10/2016,Organic,Bicycle,7.4,12.9,47.7,49.6,53,53,11,21,65,68,74,74,1.48,1.63,1.36,1.37,1.4,1.4,,,,,,,,,,,,
67168,Cape Town,00:00.0,00:00.0,17/10/2016,Organic,Bicycle,25.4,41.1,104.8,227.4,282.6,440.7,53,83,206,469,575,971,2.08,2.02,1.97,2.06,2.03,2.2,,,,,,,,,,,,
67169,Cape Town,00:00.0,00:00.0,19/10/2016,Organic,Bicycle,16.4,32.4,67.1,139,196.6,392.6,33,69,152,307,427,899,2.01,2.13,2.27,2.21,2.17,2.29,,,,,,,,,,,,
67171,Cape Town,00:00.0,00:00.0,18/10/2016,Organic,Bicycle,15.2,15.2,17.9,31.2,57.2,110.7,20,20,21,42,76,150,1.32,1.32,1.17,1.35,1.33,1.36,,,,,2,2,,,,,0,0
67172,Cape Town,00:00.0,00:00.0,21/10/2016,Organic,Motor Vehicle,53.1,87.3,152.6,312.6,426,426.1,91,150,276,527,714,714,1.71,1.72,1.81,1.69,1.68,1.68,,,,,,,,,,,,
67173,Cape Town,00:00.0,00:00.0,28/10/2016,Offline,Bicycle,21.9,23.9,58.4,119.2,185.4,357.6,47,51,127,237,390,798,2.15,2.13,2.18,1.99,2.1,2.23,,,,,,,,,,,,
67174,Cape Town,00:00.0,00:00.0,19/10/2016,Organic,Bicycle,32.7,66.6,119.5,185.6,217,257.5,52,98,166,275,315,398,1.59,1.47,1.39,1.48,1.45,1.55,,,1,1,1,1,,,0,0,0,0
67175,Cape Town,,,22/10/2016,Digital,Bicycle,11.6,33,50.2,50.2,50.2,50.2,18,56,93,93,93,93,1.55,1.7,1.85,1.85,1.85,1.85,,,,,,,,,,,,
67177,Cape Town,00:00.0,00:00.0,20/10/2016,Organic,Bicycle,6.8,6.8,6.8,6.8,6.8,6.8,13,13,13,13,13,13,1.91,1.91,1.91,1.91,1.91,1.91,,,,,,,,,,,,
67182,Cape Town,00:00.0,00:00.0,19/10/2016,Digital,Motor Vehicle,17.6,17.6,27.6,72.7,98.8,103.4,34,34,58,158,217,227,1.94,1.94,2.1,2.17,2.2,2.2,,,,,,,,,,,,
67185,Cape Town,00:00.0,00:00.0,18/10/2016,Organic,Bicycle,23.8,33.6,50.3,65.9,65.9,65.9,27,40,56,74,74,74,1.14,1.19,1.11,1.12,1.12,1.12,,,,,,,,,,,,
67212,Cape Town,00:00.0,00:00.0,18/10/2016,Organic,Bicycle,38.5,71.4,137.4,268.5,367.5,506.9,72,134,238,357,455,732,1.87,1.88,1.73,1.33,1.24,1.44,,,,,,,,,,,,
67239,New York,00:00.0,00:00.0,19/10/2016,Referral,Bicycle,9.4,19.9,31.1,47.3,80.6,87.4,17,32,45,58,96,110,1.8,1.61,1.45,1.22,1.19,1.26,,,,,,,,,,,,
67247,New York,00:00.0,00:00.0,18/10/2016,Referral,Scooter / Motorcycle,31.8,49.7,68.3,154.7,262.9,650.1,56,90,135,350,638,2080,1.76,1.81,1.98,2.26,2.43,3.2,1,1,1,1,1,10,0,1,1,1,1,4
67248,New York,00:00.0,00:00.0,24/10/2016,Digital,Bicycle,15.6,28,54,96,124.4,246.8,32,57,114,207,271,639,2.05,2.04,2.11,2.16,2.18,2.59,,,,,,,,,,,,
67249,New York,00:00.0,00:00.0,21/10/2016,Organic,Bicycle,44.7,81.2,159.5,273.3,390.1,670.1,49,84,150,296,448,1007,1.1,1.03,0.94,1.08,1.15,1.5,,,,1,1,1,,,,0,0,0
67260,New York,00:00.0,00:00.0,22/10/2016,Digital,Bicycle,5.6,12.7,21.9,25.1,25.1,25.1,6,20,33,34,34,34,1.08,1.58,1.51,1.35,1.35,1.35,,,,,,,,,,,,
67266,New York,00:00.0,00:00.0,19/10/2016,Job Platforms,Bicycle,9.1,15.2,31.4,37.5,66.8,112.1,18,29,71,85,138,229,1.97,1.9,2.26,2.26,2.07,2.04,,,,,,,,,,,,
67269,New York,00:00.0,00:00.0,21/10/2016,Referral,Scooter / Motorcycle,54.6,122.5,244,515.6,723.9,1438.1,91,230,435,1125,1679,3944,1.67,1.88,1.78,2.18,2.32,2.74,,,,,,1,,,,,,0
67270,New York,00:00.0,00:00.0,19/10/2016,Organic,Bicycle,5.9,10.9,18.6,28,38.4,39,7,15,26,34,52,52,1.18,1.37,1.4,1.22,1.35,1.33,3,3,3,3,3,3,3,3,3,3,3,3
67294,Rio de Janeiro,00:00.0,00:00.0,11/11/2016,Organic,Bicycle,28.7,52.7,101.2,196.1,262.5,382.5,51,107,212,424,595,867,1.78,2.03,2.09,2.16,2.27,2.27,,,,,,1,,,,,,0
67298,Rio de Janeiro,00:00.0,00:00.0,17/10/2016,Organic,Bicycle,62.6,111,164.4,242.3,242.3,271.1,116,204,308,475,475,497,1.85,1.84,1.87,1.96,1.96,1.83,,,,,,,,,,,,
67299,Rio de Janeiro,00:00.0,00:00.0,17/10/2016,Organic,Bicycle,30.7,30.7,30.7,47.4,47.4,56.3,49,49,49,82,82,103,1.6,1.6,1.6,1.73,1.73,1.83,,,,,,,,,,,,
67300,Rio de Janeiro,00:00.0,00:00.0,18/10/2016,Organic,Bicycle,26.6,61.9,142.4,187.3,195.2,453.4,49,120,306,410,429,1216,1.84,1.94,2.15,2.19,2.2,2.68,,,,,,,,,,,,
67302,Rio de Janeiro,,,02/11/2016,Organic,Bicycle,6.1,6.1,6.1,79.9,93.9,525.5,12,12,12,183,215,1414,1.98,1.98,1.98,2.29,2.29,2.69,,,,,,,,,,,,
67303,Rio de Janeiro,00:00.0,00:00.0,18/10/2016,Organic,Bicycle,37.5,37.5,37.5,37.5,37.5,37.5,67,67,67,67,67,67,1.79,1.79,1.79,1.79,1.79,1.79,,,,,,,,,,,,
67304,Rio de Janeiro,00:00.0,00:00.0,18/10/2016,Organic,Bicycle,17.5,17.5,17.5,17.5,17.5,47.2,45,45,45,45,45,126,2.57,2.57,2.57,2.57,2.57,2.67,,,,,1,6,,,,,0,0
67305,Rio de Janeiro,00:00.0,00:00.0,09/11/2016,Organic,Bicycle,3.5,3.5,3.5,3.5,3.5,3.5,2,2,2,2,2,2,0.58,0.58,0.58,0.58,0.58,0.58,,,,,,,,,,,,
67310,New York,00:00.0,00:00.0,24/10/2016,Organic,Bicycle,12.8,15.3,23,23,23,23,15,21,30,30,30,30,1.17,1.37,1.3,1.3,1.3,1.3,,,,,,,,,,,,
67318,New York,00:00.0,00:00.0,22/10/2016,Organic,Scooter / Motorcycle,5.7,5.7,5.7,5.7,5.7,5.7,7,7,7,7,7,7,1.22,1.22,1.22,1.22,1.22,1.22,,,,,,,,,,,,
67327,New York,00:00.0,00:00.0,24/11/2016,Digital,Bicycle,6,6,8.5,8.5,19.1,20.7,6,6,11,11,34,38,1.01,1.01,1.29,1.29,1.78,1.83,,,,,,,,,,,,
67329,New York,00:00.0,00:00.0,19/10/2016,Digital,Bicycle,13,25.4,25.4,25.4,25.4,25.4,19,39,39,39,39,39,1.46,1.53,1.53,1.53,1.53,1.53,,,,,,,,,,,,
67352,New York,00:00.0,00:00.0,25/10/2016,Digital,Bicycle,5.3,8.1,8.1,8.1,8.1,8.1,11,15,15,15,15,15,2.06,1.85,1.85,1.85,1.85,1.85,,,,,,,,,,,,
67355,New York,00:00.0,00:00.0,21/10/2016,Digital,Scooter / Motorcycle,53.8,92.3,153.1,164.1,164.1,164.1,139,233,406,441,441,441,2.58,2.52,2.65,2.69,2.69,2.69,,,,,,,,,,,,
67357,New York,00:00.0,00:00.0,21/10/2016,Organic,Bicycle,36.1,68.8,137.8,267.4,401.9,668.8,79,149,294,538,785,1336,2.19,2.17,2.13,2.01,1.95,2,,,,,,1,,,,,,0
67359,New York,00:00.0,00:00.0,21/10/2016,Referral,Bicycle,6.3,6.3,6.3,6.3,6.3,6.3,5,5,5,5,5,5,0.79,0.79,0.79,0.79,0.79,0.79,,,,,,,,,,,,
67378,New York,00:00.0,00:00.0,21/10/2016,Organic,Bicycle,5.9,10.3,10.3,10.3,10.3,10.3,12,17,17,17,17,17,2.05,1.65,1.65,1.65,1.65,1.65,,,,,,,,,,,,
67380,New York,00:00.0,00:00.0,23/10/2016,Digital,Bicycle,8.1,8.1,11.2,11.2,11.2,11.2,19,19,29,29,29,29,2.35,2.35,2.58,2.58,2.58,2.58,,,,,,,,,,,,
67381,New York,00:00.0,00:00.0,23/10/2016,Digital,Scooter / Motorcycle,17,29.8,52,89,116,201.6,24,45,82,147,196,373,1.41,1.51,1.58,1.65,1.69,1.85,,,,,,,,,,,,
67382,New York,00:00.0,00:00.0,18/10/2016,Referral,Bicycle,8.2,8.2,11,11,11,11,8,8,14,14,14,14,0.97,0.97,1.27,1.27,1.27,1.27,,,,,,,,,,,,
67386,New York,00:00.0,00:00.0,21/10/2016,Digital,Bicycle,14.6,17.4,18.1,45.3,45.3,45.3,47,56,58,92,92,92,3.22,3.23,3.2,2.03,2.03,2.03,,,,,,,,,,,,
67406,New York,00:00.0,00:00.0,17/10/2016,Organic,Bicycle,0.6,15.1,37.1,92.8,123.3,147.9,0,21,66,166,237,294,0,1.39,1.78,1.79,1.92,1.99,,,,2,2,2,,,,1,1,1
67413,New York,00:00.0,00:00.0,21/10/2016,Referral,Scooter / Motorcycle,34.3,64.9,112.2,177.2,188.9,188.9,68,129,220,359,386,386,1.99,1.99,1.96,2.03,2.04,2.04,,,,,,,,,,,,
67418,New York,00:00.0,00:00.0,22/10/2016,Offline,Scooter / Motorcycle,59.6,118,223.9,389.5,480.3,580.8,67,126,251,487,615,812,1.12,1.07,1.12,1.25,1.28,1.4,,,,1,1,1,,,,0,0,0
67419,New York,00:00.0,00:00.0,22/10/2016,Offline,Scooter / Motorcycle,65.8,90.9,133.8,165,165,165,83,107,157,185,185,185,1.26,1.18,1.17,1.12,1.12,1.12,,,,,,,,,,,,
67421,New York,00:00.0,00:00.0,21/10/2016,Referral,Scooter / Motorcycle,44.8,95.4,172.3,301.4,415.2,507.3,115,234,427,736,1023,1276,2.57,2.45,2.48,2.44,2.46,2.52,,,,,,,,,,,,
67422,New York,00:00.0,00:00.0,17/10/2016,Referral,Bicycle,1.4,1.4,10.4,19.1,28.5,28.5,0,0,10,27,40,40,0,0,0.96,1.41,1.4,1.4,,,,,,,,,,,,
67424,New York,00:00.0,00:00.0,20/10/2016,Organic,Bicycle,15.6,22.7,25.4,39,39,39,17,29,32,46,46,46,1.09,1.28,1.26,1.18,1.18,1.18,1,1,1,1,1,1,0,0,0,0,0,0
67428,New York,00:00.0,00:00.0,21/10/2016,Referral,Bicycle,2.5,4.8,7,7,7,7,1,4,5,5,5,5,0.39,0.83,0.72,0.72,0.72,0.72,,,,,,,,,,,,
67429,New York,00:00.0,00:00.0,25/10/2016,Organic,Bicycle,23.3,33.4,57.8,103.5,155.8,288.9,19,33,55,136,249,673,0.81,0.99,0.95,1.31,1.6,2.33,,,,,,,,,,,,
67430,New York,00:00.0,00:00.0,04/11/2016,Organic,Scooter / Motorcycle,29.7,50.3,63.4,94.5,96.2,96.2,66,107,141,211,214,214,2.22,2.13,2.22,2.23,2.22,2.22,,,,,,,,,,,,
67433,New York,00:00.0,00:00.0,23/10/2016,Digital,Bicycle,8.8,15.4,21.5,21.5,21.5,21.5,8,12,19,19,19,19,0.91,0.78,0.88,0.88,0.88,0.88,,,,,,,,,,,,
67434,New York,00:00.0,00:00.0,25/10/2016,Organic,Scooter / Motorcycle,17.4,17.4,17.4,17.4,17.4,17.4,26,26,26,26,26,26,1.49,1.49,1.49,1.49,1.49,1.49,,,,,,,,,,,,
67435,New York,00:00.0,00:00.0,18/10/2016,Organic,Bicycle,13.9,21.2,34.9,41.7,48.3,62.1,23,35,58,71,82,84,1.66,1.65,1.66,1.7,1.7,1.35,1,1,2,2,2,2,1,1,1,1,2,2
67436,New York,00:00.0,00:00.0,21/10/2016,Digital,Bicycle,16.1,23.3,32.5,47.3,83.9,153.8,26,43,64,102,176,284,1.61,1.84,1.97,2.16,2.1,1.85,,,,,,,,,,,,
67438,New York,00:00.0,00:00.0,21/10/2016,Referral,Bicycle,10.3,15.5,18.9,32.3,32.3,32.3,14,15,17,32,32,32,1.36,0.97,0.9,0.99,0.99,0.99,,,,,,,,,,,,
67439,New York,00:00.0,00:00.0,18/10/2016,Organic,Bicycle,12.9,19.3,19.3,19.3,19.3,19.3,25,38,38,38,38,38,1.93,1.97,1.97,1.97,1.97,1.97,,,,,,,,,,,,
67448,Rio de Janeiro,00:00.0,00:00.0,26/10/2016,Referral,Bicycle,19.3,47.5,76.4,127.1,149.3,168.6,36,96,153,267,304,344,1.87,2.02,2,2.1,2.04,2.04,,,,,,,,,,,,
67449,Rio de Janeiro,00:00.0,00:00.0,18/10/2016,Organic,Bicycle,27.3,38.5,49.9,59.5,86.2,215.7,55,77,104,124,179,568,2.02,2,2.08,2.08,2.08,2.63,,,,,,,,,,,,
67450,Rio de Janeiro,00:00.0,00:00.0,19/10/2016,Organic,Bicycle,5.2,14.4,20.9,20.9,20.9,20.9,6,24,38,38,38,38,1.16,1.67,1.82,1.82,1.82,1.82,,,,,,,,,,,,
67451,Rio de Janeiro,00:00.0,00:00.0,18/10/2016,Organic,Bicycle,7.4,11,14.7,22.6,22.6,23.8,13,19,27,40,40,41,1.75,1.73,1.84,1.77,1.77,1.72,,,,,,2,,,,,,0
67452,Rio de Janeiro,00:00.0,00:00.0,18/10/2016,Organic,Bicycle,24.4,42.6,89.1,147.9,153.3,161.8,46,79,175,290,297,316,1.88,1.86,1.96,1.96,1.94,1.95,,,,,,,,,,,,
67454,Rio de Janeiro,00:00.0,00:00.0,21/10/2016,Organic,Bicycle,7,7,7,7,7,7,8,8,8,8,8,8,1.14,1.14,1.14,1.14,1.14,1.14,,,,,,,,,,,,
67455,Rio de Janeiro,00:00.0,00:00.0,19/10/2016,Organic,Bicycle,24.6,53.7,98.2,194,281.3,542,55,121,222,444,640,1312,2.24,2.25,2.26,2.29,2.28,2.42,,,,,,,,,,,,
67456,Rio de Janeiro,00:00.0,00:00.0,20/10/2016,Organic,Bicycle,10.3,10.3,10.3,11.7,34.8,37.4,20,20,20,24,63,67,1.94,1.94,1.94,2.05,1.81,1.79,,,,,,,,,,,,
67458,Rio de Janeiro,00:00.0,00:00.0,24/10/2016,Organic,Bicycle,5,25.9,66.9,152.3,244,435.2,14,65,163,366,612,1244,2.8,2.51,2.44,2.4,2.51,2.86,,,,,2,2,,,,,0,2
67466,New York,,,18/10/2016,Unknown,Bicycle,1.1,1.1,1.1,1.1,1.1,2.5,3,3,3,3,3,7,2.73,2.73,2.73,2.73,2.73,2.79,,,,,,,,,,,,
67478,Rio de Janeiro,,,04/11/2016,Unknown,Bicycle,22.4,25.9,25.9,25.9,25.9,25.9,44,50,50,50,50,50,1.97,1.93,1.93,1.93,1.93,1.93,,,,,,,,,,,,
67482,New York,00:00.0,00:00.0,21/10/2016,Digital,Scooter / Motorcycle,51.3,100.2,179.8,275.9,275.9,275.9,91,197,327,535,535,535,1.77,1.97,1.82,1.94,1.94,1.94,,,,,,,,,,,,
67489,New York,00:00.0,00:00.0,21/10/2016,Referral,Bicycle,121,220.5,452.5,855.6,1296.7,2042.4,74,179,334,786,1198,2560,0.61,0.81,0.74,0.92,0.92,1.25,,,,,,,,,,,,
67492,New York,00:00.0,00:00.0,19/10/2016,Digital,Bicycle,14.3,14.3,26,26,26,26,25,25,46,46,46,46,1.75,1.75,1.77,1.77,1.77,1.77,,,,,,,,,,,,
67498,New York,00:00.0,00:00.0,03/11/2016,Organic,Bicycle,1.7,4.5,4.5,4.5,4.5,4.5,4,7,7,7,7,7,2.41,1.57,1.57,1.57,1.57,1.57,,,,,,,,,,,,
67506,New York,00:00.0,00:00.0,21/10/2016,Offline,Bicycle,9,13.3,21,31.1,45,56.4,22,33,44,50,74,83,2.43,2.48,2.09,1.61,1.65,1.47,,,,,,,,,,,,
67508,New York,00:00.0,00:00.0,25/10/2016,Referral,Bicycle,9,10,15.7,25.6,28.5,28.5,22,24,36,60,68,68,2.44,2.41,2.29,2.34,2.38,2.38,,,,,2,2,,,,,0,0
67510,New York,00:00.0,00:00.0,21/10/2016,Referral,Bicycle,23,37.2,70,106.2,140.7,202.7,30,48,80,119,164,319,1.3,1.29,1.14,1.12,1.17,1.57,,,,,,,,,,,,
67511,New York,00:00.0,00:00.0,18/10/2016,Referral,Scooter / Motorcycle,30.8,87.4,206.6,437,659.9,1207.9,62,193,456,1088,1715,3546,2.02,2.21,2.21,2.49,2.6,2.94,,,,,,,,,,,,
67513,New York,00:00.0,00:00.0,21/10/2016,Digital,Bicycle,16.9,22.3,25.4,31.5,31.5,31.5,13,19,19,28,28,28,0.77,0.85,0.75,0.89,0.89,0.89,,,,,,,,,,,,
67523,Rio de Janeiro,00:00.0,00:00.0,19/10/2016,Organic,Bicycle,19.7,29.3,60.5,161.2,302.5,842.6,60,94,184,453,817,2592,3.05,3.21,3.04,2.81,2.7,3.08,,,,,,,,,,,,
67524,Rio de Janeiro,00:00.0,00:00.0,20/10/2016,Organic,Bicycle,7.8,7.8,7.8,7.8,7.8,7.8,17,17,17,17,17,17,2.17,2.17,2.17,2.17,2.17,2.17,,,,,,,,,,,,
67525,Rio de Janeiro,00:00.0,00:00.0,19/10/2016,Organic,Bicycle,17.6,20.3,35.8,37.8,37.8,37.8,29,32,57,61,61,61,1.64,1.58,1.59,1.61,1.61,1.61,,,,,,,,,,,,
67527,Rio de Janeiro,00:00.0,00:00.0,19/10/2016,Organic,Bicycle,57,105.3,204.1,354.2,499.3,1132,116,228,454,735,1050,2615,2.04,2.17,2.22,2.08,2.1,2.31,,,,,,2,,,,,,0
67530,New York,00:00.0,00:00.0,23/10/2016,Organic,Bicycle,0.7,0.8,14.1,27.4,163.9,609.4,0,0,13,36,299,1591,0,0,0.92,1.32,1.82,2.61,,,,,2,2,,,,,0,1
67531,Rio de Janeiro,00:00.0,00:00.0,18/10/2016,Organic,Bicycle,2.7,8.5,14.4,14.4,39.2,76.5,5,18,31,31,72,153,1.83,2.12,2.15,2.15,1.83,2,,,,,,,,,,,,
67534,Rio de Janeiro,00:00.0,00:00.0,21/10/2016,Organic,Bicycle,22,23.1,64.4,94.3,150,179.9,34,36,115,183,294,367,1.54,1.56,1.78,1.94,1.96,2.04,,,,,,,,,,,,
67537,Rio de Janeiro,00:00.0,00:00.0,19/10/2016,Organic,Bicycle,21.9,37.4,80.7,142.8,192.7,305.4,54,97,202,349,446,755,2.47,2.6,2.5,2.44,2.32,2.47,,,,,,,,,,,,
67539,New York,00:00.0,00:00.0,21/10/2016,Organic,Bicycle,31,59.9,115.3,214.3,284.6,530.2,63,125,254,489,671,1261,2.03,2.09,2.2,2.28,2.36,2.38,,,,,,,,,,,,
67541,Rio de Janeiro,00:00.0,00:00.0,19/10/2016,Organic,Bicycle,16.6,20.7,50.6,79.2,79.2,79.2,32,40,116,185,185,185,1.92,1.93,2.29,2.33,2.33,2.33,,,,,,,,,,,,
67542,New York,00:00.0,00:00.0,20/10/2016,Organic,Scooter / Motorcycle,36.9,87.8,205,396.3,639.7,954.3,73,179,364,705,1068,1756,1.98,2.04,1.78,1.78,1.67,1.84,,,,,,2,,,,,,0
67545,New York,00:00.0,00:00.0,21/10/2016,Organic,Bicycle,18.1,27.5,54.8,67,67,67,57,82,157,189,189,189,3.15,2.98,2.87,2.82,2.82,2.82,,,,,,,,,,,,
67547,New York,00:00.0,00:00.0,21/10/2016,Organic,Bicycle,21.3,32.8,61.9,86.9,86.9,86.9,39,52,93,109,109,109,1.83,1.58,1.5,1.25,1.25,1.25,,,,,,,,,,,,
67550,New York,00:00.0,00:00.0,22/10/2016,Organic,Bicycle,39.1,72.6,110,184.3,274.1,480.2,64,111,201,394,544,1047,1.64,1.53,1.83,2.14,1.98,2.18,,1,1,1,3,3,,0,0,0,0,0
67558,Rio de Janeiro,00:00.0,00:00.0,19/10/2016,Organic,Bicycle,20.7,45.2,80,142.6,167.7,186.3,40,100,193,349,395,446,1.93,2.21,2.41,2.45,2.35,2.39,,,,,,,,,,,,
67560,Rio de Janeiro,00:00.0,00:00.0,20/10/2016,Organic,Bicycle,12.3,24.4,43.2,43.2,43.2,43.2,12,27,61,61,61,61,0.97,1.11,1.41,1.41,1.41,1.41,,,,,,,,,,,,
67579,New York,00:00.0,00:00.0,22/10/2016,Digital,Bicycle,12.7,22.1,25.6,33.2,49,56,23,39,43,57,90,98,1.82,1.76,1.68,1.72,1.83,1.75,,,,,,,,,,,,
67582,New York,00:00.0,00:00.0,21/10/2016,Organic,Bicycle,18,32.9,57.4,97.8,116.9,116.9,24,39,58,103,116,116,1.34,1.18,1.01,1.05,0.99,0.99,,,,1,1,1,,,,0,1,1
67588,New York,00:00.0,00:00.0,18/10/2016,Referral,Bicycle,0.4,0.4,0.4,0.4,0.4,0.4,0,0,0,0,0,0,0,0,0,0,0,0,,,,,,,,,,,,
67593,Rio de Janeiro,00:00.0,00:00.0,19/10/2016,Organic,Bicycle,10.6,26,38.6,38.6,48,139.9,22,54,81,81,104,301,2.08,2.08,2.1,2.1,2.17,2.15,,,,,,,,,,,,
67594,Rio de Janeiro,00:00.0,00:00.0,19/10/2016,Organic,Bicycle,22,66.8,139.2,240,290.8,576.8,55,198,380,661,807,1606,2.5,2.97,2.73,2.75,2.78,2.78,,,,,,,,,,,,
67596,New York,00:00.0,00:00.0,22/11/2016,Referral,Bicycle,15.2,24.1,40.8,77.4,106.2,217.8,23,37,56,104,168,383,1.51,1.53,1.37,1.34,1.58,1.76,,,,,,,,,,,,
67598,New York,00:00.0,00:00.0,21/10/2016,Organic,Scooter / Motorcycle,23.2,51.2,105.3,181.5,231.6,251.2,29,79,174,356,432,471,1.25,1.54,1.65,1.96,1.87,1.87,,,,,,,,,,,,
67599,New York,00:00.0,00:00.0,21/10/2016,Referral,Scooter / Motorcycle,33.9,52.8,82.6,135.1,183.1,271.8,53,85,134,235,319,507,1.56,1.61,1.62,1.74,1.74,1.87,,,,,,,,,,,,
67616,New York,00:00.0,00:00.0,19/10/2016,Referral,Scooter / Motorcycle,45.1,94.4,192.1,237,331.9,647.2,98,203,453,572,792,1614,2.17,2.15,2.36,2.41,2.39,2.49,,,,,,,,,,,,
67618,New York,00:00.0,00:00.0,21/10/2016,Organic,Scooter / Motorcycle,33,49.5,88.9,176.9,260.5,441.4,68,102,202,442,697,1251,2.06,2.06,2.27,2.5,2.68,2.83,,,,,,,,,,,,
67620,New York,00:00.0,00:00.0,22/10/2016,Referral,Scooter / Motorcycle,35,78.9,160.2,311.3,430,540.7,73,161,352,733,1008,1306,2.08,2.04,2.2,2.35,2.34,2.42,1,1,2,2,2,2,0,0,1,1,1,1
67624,New York,00:00.0,00:00.0,22/10/2016,Digital,Bicycle,15.2,26.6,44.9,71.7,89.9,136.1,21,35,52,82,100,143,1.38,1.32,1.16,1.14,1.11,1.05,,,,,,,,,,,,
67627,New York,00:00.0,00:00.0,20/10/2016,Organic,Bicycle,3.1,3.1,6.3,6.3,6.3,7.8,6,6,15,15,15,16,1.93,1.93,2.38,2.38,2.38,2.06,,,,,,,,,,,,
67630,New York,00:00.0,00:00.0,27/10/2016,Referral,Bicycle,1.1,1.1,1.1,1.1,1.1,1.1,3,3,3,3,3,3,2.7,2.7,2.7,2.7,2.7,2.7,,,,,,,,,,,,
67634,New York,00:00.0,00:00.0,25/10/2016,Organic,Bicycle,7.6,10.8,13.9,13.9,13.9,40.5,11,15,17,17,17,72,1.44,1.39,1.22,1.22,1.22,1.78,,,,,,,,,,,,
67635,New York,00:00.0,00:00.0,19/10/2016,Referral,Bicycle,12.4,14.6,24.4,38.5,57.8,57.8,19,24,27,27,29,29,1.53,1.64,1.11,0.7,0.5,0.5,,,,,,,,,,,,
67638,New York,00:00.0,00:00.0,22/10/2016,Referral,Bicycle,6.3,9.1,11.2,19.9,28.7,34.9,10,17,19,38,61,71,1.6,1.86,1.69,1.91,2.12,2.04,,,,,,,,,,,,
67640,New York,00:00.0,00:00.0,31/10/2016,Organic,Bicycle,18.7,22.8,37.3,37.7,37.7,37.7,38,47,80,80,80,80,2.03,2.07,2.15,2.12,2.12,2.12,,,,,,,,,,,,
67644,New York,00:00.0,00:00.0,21/10/2016,Organic,Bicycle,0.9,0.9,0.9,0.9,0.9,0.9,0,0,0,0,0,0,0,0,0,0,0,0,,,,,,,,,,,,
67648,New York,00:00.0,00:00.0,21/10/2016,Offline,Scooter / Motorcycle,44.8,85.3,124,179.7,209.6,408.5,69,112,167,244,295,605,1.54,1.31,1.35,1.36,1.41,1.48,,,,1,2,2,,,,1,1,2
67650,New York,00:00.0,00:00.0,19/10/2016,Organic,Bicycle,14.5,23.2,40.3,67.5,103.7,165.1,26,42,81,148,246,427,1.79,1.81,2.01,2.19,2.37,2.59,,,,,,,,,,,,
67658,New York,00:00.0,00:00.0,21/10/2016,Referral,Scooter / Motorcycle,18.9,27,34,44.9,49,66.7,49,75,97,135,147,211,2.59,2.78,2.86,3,3,3.16,,,,,,4,,,,,,0
67661,New York,00:00.0,00:00.0,19/10/2016,Referral,Bicycle,9.5,19.7,28.5,41.9,41.9,41.9,10,14,18,20,20,20,1.06,0.71,0.63,0.48,0.48,0.48,1,1,1,1,1,1,0,0,0,0,0,0
67666,New York,00:00.0,00:00.0,22/10/2016,Organic,Bicycle,13.1,13.1,13.1,13.1,13.1,13.1,2,2,2,2,2,2,0.15,0.15,0.15,0.15,0.15,0.15,,,,,,,,,,,,
67668,New York,00:00.0,00:00.0,22/10/2016,Digital,Bicycle,12,16.1,33.4,69.7,105.6,151,32,44,97,203,297,442,2.66,2.73,2.91,2.91,2.81,2.93,,,,,,,,,,,,
67669,New York,00:00.0,00:00.0,21/10/2016,Organic,Scooter / Motorcycle,35.9,66.7,118.8,137,137,137,64,123,206,240,240,240,1.78,1.84,1.73,1.75,1.75,1.75,,,,,,,,,,,,
67671,New York,00:00.0,00:00.0,19/10/2016,Referral,Scooter / Motorcycle,50,108.7,233.6,483.8,715.7,1218.8,82,161,332,668,989,1849,1.64,1.48,1.42,1.38,1.38,1.52,,,,,,,,,,,,
67672,New York,00:00.0,00:00.0,19/10/2016,Referral,Scooter / Motorcycle,23.3,83.2,191,363.6,488.9,662.9,36,104,205,485,700,1096,1.54,1.25,1.07,1.33,1.43,1.65,1,1,2,2,3,3,0,0,0,1,1,1
67673,New York,00:00.0,00:00.0,21/10/2016,Organic,Bicycle,24.6,52.7,109.7,175.8,175.8,175.8,19,35,90,109,109,109,0.77,0.66,0.82,0.62,0.62,0.62,,,,,,,,,,,,
67675,New York,00:00.0,00:00.0,23/10/2016,Referral,Bicycle,3.3,9.7,23.8,30.8,35.8,82.3,6,19,36,51,52,177,1.81,1.95,1.52,1.65,1.45,2.15,,,1,1,2,2,,,1,1,1,1
67676,New York,00:00.0,00:00.0,26/10/2016,Referral,Bicycle,13.3,21.3,40.5,76.4,97.9,108.6,31,42,86,154,196,225,2.32,1.98,2.13,2.02,2,2.07,,,,,,,,,,,,
67677,New York,00:00.0,00:00.0,28/10/2016,Digital,Bicycle,3.1,3.1,3.1,5.4,10.6,10.6,3,3,3,3,4,4,0.97,0.97,0.97,0.55,0.38,0.38,,,,,,,,,,,,
67686,New York,00:00.0,00:00.0,29/10/2016,Organic,Bicycle,7.3,17.1,34.7,34.7,34.7,38.1,5,11,35,35,35,42,0.68,0.64,1.01,1.01,1.01,1.1,,,,,,,,,,,,
67687,New York,00:00.0,00:00.0,21/10/2016,Digital,Bicycle,39.9,74.4,143.1,172.4,175.9,175.9,35,64,98,112,113,113,0.88,0.86,0.68,0.65,0.64,0.64,,,,,,,,,,,,
67688,New York,00:00.0,00:00.0,21/10/2016,Digital,Bicycle,54.3,84.5,107.7,107.7,107.7,107.7,40,59,69,69,69,69,0.74,0.7,0.64,0.64,0.64,0.64,,,,,,,,,,,,
67691,New York,00:00.0,00:00.0,24/10/2016,Digital,Bicycle,1.9,1.9,1.9,1.9,1.9,1.9,4,4,4,4,4,4,2.07,2.07,2.07,2.07,2.07,2.07,,,,,,,,,,,,
67692,New York,00:00.0,00:00.0,23/10/2016,Referral,Bicycle,12.1,24.1,40,49.2,49.2,49.2,6,17,28,38,38,38,0.5,0.71,0.7,0.77,0.77,0.77,,,,,,,,,,,,
67693,New York,00:00.0,00:00.0,21/10/2016,Referral,Bicycle,13.6,26.2,51.1,51.1,51.1,51.1,13,17,20,20,20,20,0.95,0.65,0.39,0.39,0.39,0.39,,,,,,,,,,,,
67694,New York,00:00.0,00:00.0,19/10/2016,Digital,Bicycle,14.6,19.8,19.8,19.8,19.8,19.8,22,31,31,31,31,31,1.51,1.56,1.56,1.56,1.56,1.56,,,,,,,,,,,,
67696,New York,00:00.0,00:00.0,20/10/2016,Referral,Bicycle,8.9,15.8,22.2,22.2,22.2,22.2,14,21,28,28,28,28,1.57,1.33,1.26,1.26,1.26,1.26,,,,,,,,,,,,
67702,New York,00:00.0,00:00.0,26/10/2016,Digital,Bicycle,9.9,16.6,20.9,25.1,25.1,25.1,14,24,33,40,40,40,1.41,1.44,1.58,1.6,1.6,1.6,,,,,,,,,,,,
67703,New York,00:00.0,00:00.0,21/10/2016,Digital,Bicycle,24.8,24.8,24.8,24.8,24.8,24.8,49,49,49,49,49,49,1.98,1.98,1.98,1.98,1.98,1.98,,,,,,,,,,,,
67704,New York,00:00.0,00:00.0,21/10/2016,Referral,Scooter / Motorcycle,82.6,154.5,297.9,567.4,855.2,1603.4,185,324,696,1412,2192,4727,2.24,2.1,2.34,2.49,2.56,2.95,,,1,2,3,3,,,0,1,1,1
67705,New York,00:00.0,00:00.0,23/10/2016,Organic,Bicycle,9.4,12.6,12.6,12.6,12.6,12.6,12,20,20,20,20,20,1.28,1.59,1.59,1.59,1.59,1.59,,,,,,,,,,,,
67706,New York,00:00.0,00:00.0,19/10/2016,Digital,Bicycle,9.2,14.1,15.7,17.8,19.5,19.5,13,18,18,23,25,25,1.41,1.27,1.15,1.29,1.28,1.28,,,,,,,,,,,,
67707,New York,00:00.0,00:00.0,19/10/2016,Referral,Bicycle,5.8,5.8,5.8,71.5,71.5,71.5,0,0,0,90,90,90,0,0,0,1.26,1.26,1.26,,,,,,,,,,,,
67708,New York,00:00.0,00:00.0,21/10/2016,Offline,Scooter / Motorcycle,39.7,85.3,194.4,394.6,507.3,507.3,22,50,109,310,456,456,0.55,0.59,0.56,0.79,0.9,0.9,,,,,,,,,,,,
67709,New York,00:00.0,00:00.0,24/10/2016,Referral,Bicycle,5.6,5.6,5.6,5.6,5.6,5.6,13,13,13,13,13,13,2.3,2.3,2.3,2.3,2.3,2.3,1,1,1,1,1,1,0,0,0,1,1,1
67710,New York,00:00.0,00:00.0,25/10/2016,Referral,Bicycle,3.3,3.3,3.3,3.3,3.3,3.3,5,5,5,5,5,5,1.53,1.53,1.53,1.53,1.53,1.53,,,,,,,,,,,,
67712,New York,00:00.0,00:00.0,22/10/2016,Digital,Bicycle,7.2,7.2,7.2,7.2,7.2,7.2,16,16,16,16,16,16,2.21,2.21,2.21,2.21,2.21,2.21,9,9,9,9,10,10,0,0,0,0,0,0
67713,New York,00:00.0,00:00.0,22/10/2016,Organic,Bicycle,37.6,51.4,91.1,140.8,183.2,201.2,25,34,66,118,159,168,0.67,0.66,0.72,0.84,0.87,0.83,1,1,1,1,1,1,0,0,0,0,0,0
67714,New York,00:00.0,00:00.0,20/10/2016,Referral,Scooter / Motorcycle,28.1,28.1,28.1,142,205.7,239.7,44,44,44,365,513,590,1.56,1.56,1.56,2.57,2.49,2.46,,,,,,,,,,,,
67715,New York,00:00.0,00:00.0,21/10/2016,Organic,Bicycle,34.1,67.7,120.4,225.5,322.3,322.3,35,60,129,285,458,458,1.03,0.89,1.07,1.26,1.42,1.42,,,1,1,2,2,,,0,0,0,0
67716,New York,00:00.0,00:00.0,21/10/2016,Organic,Bicycle,22.1,38.4,54.6,126.5,166.1,188.2,40,62,91,282,373,448,1.81,1.61,1.67,2.23,2.25,2.38,,,,,,,,,,,,
67717,New York,00:00.0,00:00.0,20/10/2016,Referral,Bicycle,14.4,40.7,70.9,95.1,113.2,151.6,20,44,82,114,144,195,1.39,1.08,1.16,1.2,1.27,1.29,,,,,,2,,,,,,0
67718,New York,00:00.0,00:00.0,23/10/2016,Organic,Bicycle,10.8,18.9,24.3,32.4,32.4,32.4,21,34,46,60,60,60,1.94,1.8,1.9,1.85,1.85,1.85,,,,,,,,,,,,
67719,New York,00:00.0,00:00.0,18/11/2016,Digital,Bicycle,16.7,26.9,33.9,35.7,35.7,35.7,30,50,64,66,66,66,1.8,1.86,1.89,1.85,1.85,1.85,,,,,,1,,,,,,0
67720,New York,00:00.0,00:00.0,24/10/2016,Digital,Bicycle,9.4,10.7,15,22.5,31.2,34.8,11,13,22,41,54,64,1.16,1.21,1.47,1.82,1.73,1.84,,,,,,,,,,,,
67722,New York,00:00.0,00:00.0,25/10/2016,Digital,Bicycle,9.5,19.2,40.7,80.1,124.6,203.4,12,24,69,148,235,387,1.26,1.25,1.7,1.85,1.89,1.9,,,,,,4,,,,,,1
67723,New York,00:00.0,00:00.0,24/10/2016,Organic,Bicycle,12.3,20.3,30.1,56.6,79.2,150.1,26,42,62,125,184,406,2.12,2.07,2.06,2.21,2.32,2.7,,,,,,1,,,,,,0
67724,New York,00:00.0,00:00.0,22/10/2016,Organic,Bicycle,8.5,9.4,9.4,9.4,9.4,9.4,5,6,6,6,6,6,0.59,0.64,0.64,0.64,0.64,0.64,,,,,,,,,,,,
67725,New York,00:00.0,00:00.0,21/10/2016,Referral,Bicycle,11.3,18.9,33.5,55.3,65,65,18,27,47,71,91,91,1.6,1.43,1.4,1.28,1.4,1.4,1,1,1,1,1,1,0,0,0,0,0,0
67726,New York,00:00.0,00:00.0,23/10/2016,Referral,Bicycle,3.6,6,6,6,6,6,4,5,5,5,5,5,1.1,0.84,0.84,0.84,0.84,0.84,,,,,,,,,,,,
67727,New York,00:00.0,00:00.0,26/10/2016,Digital,Bicycle,3.3,3.3,3.3,3.3,3.3,3.3,2,2,2,2,2,2,0.61,0.61,0.61,0.61,0.61,0.61,,,,,,,,,,,,
67728,New York,00:00.0,00:00.0,22/10/2016,Referral,Scooter / Motorcycle,66.5,121.3,157.3,157.3,157.3,157.3,54,116,141,141,141,141,0.81,0.96,0.9,0.9,0.9,0.9,,,,,,,,,,,,
67731,New York,00:00.0,00:00.0,19/10/2016,Organic,Bicycle,0.2,0.2,0.2,0.2,0.2,0.2,0,0,0,0,0,0,0,0,0,0,0,0,,,,,,,,,,,,
67732,New York,00:00.0,00:00.0,20/10/2016,Organic,Bicycle,3,4.6,19.7,53.7,74.4,74.4,5,6,29,94,138,138,1.67,1.3,1.47,1.75,1.85,1.85,,,,1,1,1,,,,0,0,0
67733,New York,00:00.0,00:00.0,27/10/2016,Digital,Scooter / Motorcycle,9,27.5,45.5,119.9,251.4,654.6,18,57,99,264,577,1588,2.01,2.07,2.18,2.2,2.3,2.43,,,,1,1,1,,,,0,0,0
67734,New York,00:00.0,00:00.0,20/10/2016,Offline,Bicycle,18.6,29.9,56,97.3,124.3,130.3,30,45,79,131,167,183,1.61,1.51,1.41,1.35,1.34,1.4,1,1,2,2,2,2,1,1,1,1,1,1
67739,New York,00:00.0,00:00.0,21/10/2016,Digital,Bicycle,48.3,52.2,52.2,52.2,52.2,52.2,55,55,55,55,55,55,1.14,1.05,1.05,1.05,1.05,1.05,,,,,,,,,,,,
67741,New York,00:00.0,00:00.0,22/10/2016,Offline,Bicycle,45.4,45.4,45.4,45.4,45.4,45.4,37,37,37,37,37,37,0.81,0.81,0.81,0.81,0.81,0.81,,,,,,,,,,,,
67744,New York,00:00.0,00:00.0,21/10/2016,Referral,Scooter / Motorcycle,24,38.6,82.6,197.6,231.7,231.7,46,69,145,276,289,289,1.91,1.79,1.76,1.4,1.25,1.25,,,,,,,,,,,,
67745,New York,00:00.0,00:00.0,21/10/2016,Digital,Bicycle,8.6,11.9,28.5,31,31,31,7,10,19,19,19,19,0.82,0.84,0.67,0.61,0.61,0.61,,,,,,,,,,,,
67746,New York,00:00.0,00:00.0,21/10/2016,Digital,Bicycle,18.8,34.1,63.3,95.1,100.2,100.2,36,72,144,213,227,227,1.92,2.11,2.27,2.24,2.27,2.27,,,,,,,,,,,,
67748,New York,00:00.0,00:00.0,21/10/2016,Referral,Bicycle,9.3,9.3,15.9,21.4,24.8,30.3,24,24,37,42,49,64,2.58,2.58,2.32,1.96,1.97,2.11,,,,,,,,,,,,
67750,New York,00:00.0,00:00.0,22/10/2016,Referral,Bicycle,15.3,23.1,49.5,77.1,125.9,154.7,31,47,95,165,281,348,2.03,2.03,1.92,2.14,2.23,2.25,,,,,,,,,,,,
67751,New York,00:00.0,00:00.0,22/10/2016,Digital,Bicycle,30.6,47.6,80.2,125.3,125.3,125.3,61,92,156,253,253,253,2,1.93,1.94,2.02,2.02,2.02,,,,,,,,,,,,
67763,New York,00:00.0,00:00.0,26/10/2016,Organic,Bicycle,10,16.1,29.4,51.1,54.2,54.2,20,28,57,105,114,114,2.01,1.74,1.94,2.06,2.1,2.1,,,,,,,,,,,,
67764,New York,00:00.0,00:00.0,21/10/2016,Organic,Bicycle,8.5,14.2,23.1,35.1,43.6,147.9,8,13,19,42,55,319,0.94,0.92,0.82,1.2,1.26,2.16,,,,,,1,,,,,,0
67766,New York,00:00.0,00:00.0,22/10/2016,Organic,Bicycle,30.2,56.4,104.5,172.1,289.1,289.1,72,133,231,373,622,622,2.38,2.36,2.21,2.17,2.15,2.15,,,,,,,,,,,,
67767,New York,00:00.0,00:00.0,20/10/2016,Organic,Bicycle,26,32.8,32.8,32.8,32.8,32.8,2,2,2,2,2,2,0.08,0.06,0.06,0.06,0.06,0.06,,,,,,,,,,,,
67770,New York,00:00.0,00:00.0,26/10/2016,Referral,Bicycle,6,6,11.1,13.9,17.1,17.1,14,14,24,30,39,39,2.31,2.31,2.17,2.15,2.28,2.28,1,1,1,2,2,2,1,1,1,1,1,1
67773,New York,00:00.0,00:00.0,21/10/2016,Digital,Bicycle,10.2,19.2,19.2,19.2,19.2,19.2,21,32,32,32,32,32,2.07,1.66,1.66,1.66,1.66,1.66,,,,,,,,,,,,
67774,New York,00:00.0,00:00.0,23/10/2016,Organic,Bicycle,20.9,32,52.9,61.1,61.1,148.2,31,44,73,84,84,227,1.48,1.37,1.38,1.37,1.37,1.53,,,,,,,,,,,,
67778,New York,00:00.0,00:00.0,23/10/2016,Digital,Bicycle,15.2,15.2,15.2,15.2,15.2,15.2,25,25,25,25,25,25,1.65,1.65,1.65,1.65,1.65,1.65,,,,,,,,,,,,
67779,New York,00:00.0,00:00.0,21/10/2016,Referral,Bicycle,6.1,22,58.1,58.1,58.1,58.1,10,33,72,72,72,72,1.64,1.5,1.24,1.24,1.24,1.24,,,,,,,,,,,,
67780,New York,00:00.0,00:00.0,25/10/2016,Referral,Bicycle,18.7,34.2,65.1,77.9,77.9,77.9,32,51,90,109,109,109,1.71,1.49,1.38,1.4,1.4,1.4,,,,,,,,,,,,
67781,New York,00:00.0,00:00.0,25/11/2016,Digital,Bicycle,2.6,2.6,2.6,2.6,2.6,2.6,3,3,3,3,3,3,1.16,1.16,1.16,1.16,1.16,1.16,,,,,,,,,,,,
67782,New York,00:00.0,00:00.0,21/10/2016,Organic,Scooter / Motorcycle,63.6,78.5,83.7,83.7,83.7,83.7,132,169,175,175,175,175,2.07,2.15,2.09,2.09,2.09,2.09,,,,,,,,,,,,
67783,New York,00:00.0,00:00.0,21/10/2016,Referral,Scooter / Motorcycle,44.4,88.2,176.2,308.7,438,717.3,57,128,247,465,684,1366,1.28,1.45,1.4,1.51,1.56,1.9,,,,,,1,,,,,,0
67784,New York,00:00.0,00:00.0,24/10/2016,Organic,Bicycle,25,38.7,65.2,65.2,65.2,65.2,22,38,54,54,54,54,0.88,0.98,0.83,0.83,0.83,0.83,,,,,,,,,,,,
67785,New York,00:00.0,00:00.0,25/10/2016,Digital,Bicycle,1.8,1.8,1.8,1.8,1.8,1.8,0,0,0,0,0,0,0,0,0,0,0,0,,,,,,,,,,,,
67786,New York,00:00.0,00:00.0,25/10/2016,Digital,Bicycle,8.3,8.3,8.3,8.3,8.3,8.3,6,6,6,6,6,6,0.72,0.72,0.72,0.72,0.72,0.72,,,,,,,,,,,,
67787,New York,00:00.0,00:00.0,23/10/2016,Digital,Bicycle,8.9,13.7,23.6,40.6,56.2,103.7,20,30,52,90,117,207,2.25,2.2,2.2,2.22,2.08,2,1,2,7,24,58,286,0,0,0,2,2,27
67788,New York,00:00.0,00:00.0,21/10/2016,Referral,Bicycle,12.7,21.8,40.5,69.4,81.3,81.3,27,40,77,129,142,142,2.13,1.84,1.9,1.86,1.75,1.75,2,2,2,2,2,2,1,2,2,2,2,2
67789,New York,00:00.0,00:00.0,20/10/2016,Referral,Bicycle,28,28,28,28,28,28,24,24,24,24,24,24,0.86,0.86,0.86,0.86,0.86,0.86,,,,,,,,,,,,
67790,New York,00:00.0,00:00.0,09/11/2016,Referral,Bicycle,2.7,2.7,15,41.3,41.3,41.3,6,6,29,79,79,79,2.21,2.21,1.93,1.91,1.91,1.91,,,,,,,,,,,,
67792,New York,00:00.0,00:00.0,23/10/2016,Referral,Bicycle,16.9,29.8,61.3,96.4,115,115,11,27,65,103,127,127,0.65,0.9,1.06,1.07,1.1,1.1,,,,1,1,1,,,,0,0,0
67793,New York,00:00.0,00:00.0,21/10/2016,Organic,Bicycle,23.1,35,35,167.1,248.2,315.7,37,61,61,214,314,445,1.6,1.74,1.74,1.28,1.27,1.41,,,,,,,,,,,,
67794,New York,00:00.0,00:00.0,28/10/2016,Digital,Bicycle,1.9,1.9,1.9,1.9,1.9,1.9,3,3,3,3,3,3,1.59,1.59,1.59,1.59,1.59,1.59,,,,,,,,,,,,
67795,New York,00:00.0,00:00.0,21/10/2016,Digital,Bicycle,4.9,4.9,4.9,4.9,4.9,4.9,2,2,2,2,2,2,0.4,0.4,0.4,0.4,0.4,0.4,,,,,,,,,,,,
67796,New York,00:00.0,00:00.0,22/10/2016,Referral,Scooter / Motorcycle,43.9,81.7,148.9,258.9,322,539.7,77,153,253,477,596,1109,1.75,1.87,1.7,1.84,1.85,2.05,,,,,,,,,,,,
67797,New York,00:00.0,00:00.0,20/10/2016,Referral,Scooter / Motorcycle,72.5,141.3,166.7,365.5,479,908.5,32,37,43,160,277,592,0.44,0.26,0.26,0.44,0.58,0.65,,,,,,,,,,,,
67798,New York,00:00.0,00:00.0,21/10/2016,Digital,Bicycle,8.6,12.2,14.1,19.5,19.5,19.5,9,12,14,24,24,24,1.05,0.98,0.99,1.23,1.23,1.23,,,,,,,,,,,,
67800,New York,00:00.0,00:00.0,20/10/2016,Offline,Bicycle,12.4,12.4,12.4,12.4,12.4,12.4,6,6,6,6,6,6,0.48,0.48,0.48,0.48,0.48,0.48,,,,,,,,,,,,
67802,New York,00:00.0,00:00.0,26/10/2016,Referral,Bicycle,12.8,16.9,35.4,67.2,102.7,182.1,29,35,80,129,185,376,2.27,2.07,2.26,1.92,1.8,2.06,,,,,,,,,,,,
67803,New York,00:00.0,00:00.0,21/10/2016,Organic,Bicycle,14.5,28.6,58.3,119.8,156.6,248.6,26,50,97,206,276,447,1.8,1.75,1.67,1.72,1.76,1.8,,,,,,,,,,,,
67805,New York,00:00.0,00:00.0,20/10/2016,Referral,Bicycle,7.5,20.4,40.1,52.5,64.1,64.1,6,18,36,50,57,57,0.8,0.88,0.9,0.95,0.89,0.89,,,,,,,,,,,,
67808,New York,00:00.0,00:00.0,21/10/2016,Referral,Bicycle,9,13.8,26.6,28,28,28,3,4,4,4,4,4,0.33,0.29,0.15,0.14,0.14,0.14,,,,,,,,,,,,
67809,New York,00:00.0,00:00.0,22/10/2016,Digital,Bicycle,1.2,6.6,15.2,33.4,49.7,55.3,1,15,31,72,105,113,0.82,2.27,2.04,2.15,2.11,2.04,,,,,,,,,,,,
67810,New York,00:00.0,00:00.0,20/10/2016,Organic,Bicycle,9.9,13.7,16.5,27.3,27.3,27.3,2,4,4,7,7,7,0.2,0.29,0.24,0.26,0.26,0.26,,,,,,,,,,,,
67858,New York,00:00.0,00:00.0,01/11/2016,Organic,Bicycle,6.9,6.9,6.9,6.9,6.9,6.9,5,5,5,5,5,5,0.72,0.72,0.72,0.72,0.72,0.72,1,1,1,1,1,1,0,0,0,0,0,0
67873,New York,00:00.0,00:00.0,21/10/2016,Organic,Bicycle,28.6,29.8,42.9,46.8,66.3,168.3,49,49,68,73,116,464,1.71,1.64,1.59,1.56,1.75,2.76,,,,,,2,,,,,,0
67879,Rio de Janeiro,00:00.0,00:00.0,26/10/2016,Organic,Bicycle,9.3,19.5,39.9,77.5,118.7,169.5,18,39,92,167,267,393,1.94,2,2.31,2.16,2.25,2.32,,,,,,,,,,,,
67881,Rio de Janeiro,00:00.0,00:00.0,25/10/2016,Organic,Bicycle,18.3,24.9,24.9,24.9,24.9,36.8,44,56,56,56,56,87,2.4,2.25,2.25,2.25,2.25,2.36,,,,,,,,,,,,
67882,Rio de Janeiro,00:00.0,00:00.0,21/10/2016,Organic,Bicycle,35.5,58.7,93.4,171.8,315.5,529.6,64,116,191,324,562,940,1.8,1.98,2.05,1.89,1.78,1.77,,,,,,,,,,,,
67884,Rio de Janeiro,00:00.0,00:00.0,26/10/2016,Organic,Bicycle,9.9,11,11,13.6,13.6,13.6,13,16,16,22,22,22,1.31,1.45,1.45,1.62,1.62,1.62,,,,,,,,,,,,
67885,Rio de Janeiro,00:00.0,00:00.0,22/10/2016,Organic,Bicycle,13.2,26.9,28.9,72.3,136.7,363.8,36,64,70,179,361,1014,2.72,2.38,2.43,2.48,2.64,2.79,,1,1,1,1,1,,1,1,1,1,1
67887,Rio de Janeiro,00:00.0,00:00.0,22/10/2016,Organic,Bicycle,19.2,43.4,92.7,140.8,140.8,140.8,44,97,203,293,293,293,2.29,2.23,2.19,2.08,2.08,2.08,,,,,,,,,,,,
67908,New York,00:00.0,00:00.0,21/10/2016,Organic,Bicycle,4,42.6,47.2,47.2,47.2,47.2,1,53,62,62,62,62,0.25,1.24,1.31,1.31,1.31,1.31,,,,,,,,,,,,
67912,Rio de Janeiro,00:00.0,00:00.0,22/10/2016,Organic,Bicycle,14.8,14.8,14.8,14.8,14.8,14.8,33,33,33,33,33,33,2.23,2.23,2.23,2.23,2.23,2.23,,,,,,,,,,,,
67917,Rio de Janeiro,00:00.0,00:00.0,22/10/2016,Organic,Bicycle,42.3,81.2,157.9,255.2,427,566.1,94,181,335,559,957,1324,2.22,2.23,2.12,2.19,2.24,2.34,,5,5,5,5,5,,0,0,0,0,0
67918,Rio de Janeiro,00:00.0,00:00.0,22/10/2016,Digital,Bicycle,54.6,102.3,188.7,393.7,528.7,683.5,89,160,317,638,838,1204,1.63,1.56,1.68,1.62,1.59,1.76,,,1,2,2,4,,,0,0,0,0
67922,Rio de Janeiro,,,21/10/2016,Unknown,Bicycle,47.3,76.1,124.5,191.3,281.4,504.5,80,147,232,362,573,1069,1.69,1.93,1.86,1.89,2.04,2.12,,,,,,5,,,,,,0
67934,Rio de Janeiro,00:00.0,00:00.0,22/10/2016,Organic,Bicycle,35.2,43.1,63.2,79.1,79.1,79.1,65,87,124,168,168,168,1.85,2.02,1.96,2.13,2.13,2.13,,,,,,,,,,,,
67936,Rio de Janeiro,00:00.0,00:00.0,21/10/2016,Organic,Scooter / Motorcycle,47.3,91.6,177.4,310.5,425,614.3,83,182,360,678,983,1458,1.75,1.99,2.03,2.18,2.31,2.37,,,,,,,,,,,,
67937,Rio de Janeiro,00:00.0,00:00.0,22/10/2016,Organic,Bicycle,27.9,34.8,56.1,92.8,92.8,92.8,57,68,105,173,173,173,2.04,1.95,1.87,1.86,1.86,1.86,,,,,,,,,,,,
67939,New York,00:00.0,00:00.0,22/10/2016,Organic,Bicycle,3.8,3.8,7.9,7.9,7.9,7.9,0,0,3,3,3,3,0,0,0.38,0.38,0.38,0.38,,,,,,,,,,,,
67940,Rio de Janeiro,00:00.0,00:00.0,22/10/2016,Referral,Bicycle,21.9,30.5,30.5,30.5,30.5,30.5,39,55,55,55,55,55,1.78,1.8,1.8,1.8,1.8,1.8,,,,,,,,,,,,
67943,Rio de Janeiro,00:00.0,00:00.0,22/10/2016,Organic,Bicycle,22.1,34.2,58.7,90.7,136.4,231.3,47,73,116,174,274,495,2.13,2.13,1.98,1.92,2.01,2.14,,,,,,,,,,,,
67945,New York,00:00.0,00:00.0,22/10/2016,Organic,Scooter / Motorcycle,45,89.3,142.9,235.3,292.7,525.2,89,202,337,630,793,1614,1.98,2.26,2.36,2.68,2.71,3.07,,,,,,,,,,,,
67947,New York,00:00.0,00:00.0,22/10/2016,Digital,Bicycle,26.8,48.5,68.5,68.5,68.5,68.5,19,28,31,31,31,31,0.71,0.58,0.45,0.45,0.45,0.45,,,,,,,,,,,,
67953,New York,00:00.0,00:00.0,21/10/2016,Digital,Bicycle,7.4,10.2,20.1,35.5,50.5,76.6,18,24,50,94,125,190,2.42,2.35,2.48,2.65,2.47,2.48,,,,,,,,,,,,
67963,New York,00:00.0,00:00.0,30/10/2016,Digital,Bicycle,19,22,40.8,95.6,119.8,125.8,49,55,106,206,240,255,2.57,2.5,2.6,2.15,2,2.03,1,1,1,1,1,6,0,0,0,0,0,1
67965,Rio de Janeiro,00:00.0,00:00.0,22/10/2016,Organic,Bicycle,21.2,43.7,72.9,113.6,136.8,140.2,36,80,127,219,266,275,1.7,1.83,1.74,1.93,1.94,1.96,,,,,,,,,,,,
67967,New York,00:00.0,00:00.0,23/10/2016,Organic,Bicycle,18.2,24.7,79.5,118.1,195.8,310.9,39,46,82,101,131,227,2.14,1.86,1.03,0.86,0.67,0.73,,,,,,,,,,,,
67971,New York,00:00.0,00:00.0,22/10/2016,Digital,Bicycle,15.1,15.1,15.1,15.1,15.1,15.1,25,25,25,25,25,25,1.66,1.66,1.66,1.66,1.66,1.66,,,,,,,,,,,,
67978,New York,00:00.0,00:00.0,26/10/2016,Digital,Bicycle,19,30.5,54.7,84.2,84.2,84.2,21,35,70,108,108,108,1.11,1.15,1.28,1.28,1.28,1.28,,,,,1,1,,,,,0,0
67992,Rio de Janeiro,00:00.0,00:00.0,26/10/2016,Organic,Bicycle,14.7,26,34.1,34.1,34.1,34.1,24,46,63,63,63,63,1.63,1.77,1.84,1.84,1.84,1.84,,,,,,,,,,,,
67994,Rio de Janeiro,00:00.0,00:00.0,22/10/2016,Organic,Bicycle,8,8,18.2,54.8,69.2,104.6,18,18,40,128,162,261,2.24,2.24,2.2,2.34,2.34,2.5,,,,,,,,,,,,
67996,Rio de Janeiro,00:00.0,00:00.0,25/10/2016,Organic,Bicycle,30.6,44.7,99.4,223.1,333.7,575.9,45,72,169,415,646,1197,1.47,1.61,1.7,1.86,1.94,2.08,,,,,,,,,,,,
67998,Rio de Janeiro,00:00.0,00:00.0,22/10/2016,Organic,Bicycle,18.3,34.1,51.1,96.7,179.3,368.5,37,71,110,192,392,874,2.02,2.08,2.15,1.99,2.19,2.37,,1,1,1,3,3,,0,0,0,0,0
68000,Rio de Janeiro,00:00.0,00:00.0,04/11/2016,Organic,Bicycle,11.2,36.8,88.7,185.9,303.2,458,28,91,213,469,618,949,2.51,2.47,2.4,2.52,2.04,2.07,,,,,,,,,,,,
68001,New York,00:00.0,00:00.0,22/10/2016,Organic,Bicycle,12.2,12.2,12.2,12.2,12.2,12.2,17,17,17,17,17,17,1.39,1.39,1.39,1.39,1.39,1.39,,,,,,,,,,,,
68002,Rio de Janeiro,00:00.0,00:00.0,25/10/2016,Organic,Bicycle,11.7,18.7,32.8,49.1,67.2,103.6,17,27,60,96,130,215,1.45,1.44,1.83,1.96,1.94,2.07,,,,,,,,,,,,
68003,Rio de Janeiro,00:00.0,00:00.0,24/10/2016,Digital,Bicycle,9.9,33.2,73.2,95.9,95.9,95.9,15,74,183,238,238,238,1.52,2.23,2.5,2.48,2.48,2.48,,,,,,,,,,,,
68005,Rio de Janeiro,00:00.0,00:00.0,22/10/2016,Organic,Bicycle,6.1,6.1,8.8,12.1,19.1,20.1,12,12,17,23,40,43,1.96,1.96,1.93,1.9,2.09,2.14,,,,,1,1,,,,,0,0
68006,Rio de Janeiro,00:00.0,00:00.0,14/11/2016,Organic,Bicycle,65.2,141.7,313.6,579.5,737.5,935,109,262,561,1037,1409,1876,1.67,1.85,1.79,1.79,1.91,2.01,,,,,,,,,,,,
68007,Rio de Janeiro,00:00.0,00:00.0,23/10/2016,Organic,Bicycle,8.1,13.5,13.5,28.6,43.5,86.1,13,25,25,52,77,171,1.6,1.85,1.85,1.82,1.77,1.99,,,,,,,,,,,,
68008,New York,00:00.0,00:00.0,21/10/2016,Organic,Bicycle,48.5,67.1,106.5,256.4,256.4,256.4,3,3,9,66,66,66,0.06,0.04,0.08,0.26,0.26,0.26,,,,,,,,,,,,
68009,Rio de Janeiro,,,25/10/2016,Unknown,Bicycle,29.6,36.7,40.9,46.3,53.8,65.5,81,99,109,122,143,172,2.73,2.7,2.67,2.64,2.66,2.63,1,1,1,1,2,2,0,0,0,0,0,0
68012,Rio de Janeiro,00:00.0,00:00.0,21/10/2016,Organic,Bicycle,24.1,39.7,69.7,116.6,148.5,210.5,45,74,146,245,324,468,1.87,1.87,2.1,2.1,2.18,2.22,,,,,4,5,,,,,0,0
68017,New York,00:00.0,00:00.0,22/10/2016,Organic,Bicycle,7.6,10.1,16.4,18.7,18.7,18.7,6,10,23,25,25,25,0.79,0.99,1.4,1.34,1.34,1.34,,,,,,,,,,,,
68018,Rio de Janeiro,00:00.0,00:00.0,21/10/2016,Organic,Bicycle,37.2,78.4,159.6,309.3,471.5,946.3,73,158,326,655,1011,2248,1.96,2.01,2.04,2.12,2.14,2.38,,,,,1,1,,,,,0,0
68023,Rio de Janeiro,00:00.0,00:00.0,25/10/2016,Organic,Bicycle,20.6,30.1,50,83.6,113.2,139.6,45,61,116,208,282,365,2.18,2.03,2.32,2.49,2.49,2.61,,,,,,,,,,,,
68024,New York,,,23/10/2016,Organic,Scooter / Motorcycle,28.7,42.2,58.5,83.7,147.6,194.5,53,76,101,149,178,271,1.85,1.8,1.73,1.78,1.21,1.39,,,,,,3,,,,,,0
68028,Rio de Janeiro,00:00.0,00:00.0,25/10/2016,Organic,Bicycle,11.9,18.5,41.9,69.8,117.3,244,18,26,62,104,179,410,1.52,1.4,1.48,1.49,1.53,1.68,,,,,,,,,,,,
68032,New York,00:00.0,00:00.0,28/10/2016,Digital,Bicycle,25.8,25.8,25.8,25.8,25.8,25.8,18,18,18,18,18,18,0.7,0.7,0.7,0.7,0.7,0.7,,,,,,,,,,,,
68034,New York,00:00.0,00:00.0,24/10/2016,Digital,Bicycle,7.8,7.8,7.8,7.8,7.8,7.8,7,7,7,7,7,7,0.89,0.89,0.89,0.89,0.89,0.89,,,,,,,,,,,,
68035,New York,00:00.0,00:00.0,22/10/2016,Organic,Scooter / Motorcycle,6,10.7,22,42.3,48.5,58.2,16,28,50,103,118,134,2.67,2.61,2.27,2.43,2.43,2.3,,,,1,1,1,,,,1,1,1
68037,New York,00:00.0,00:00.0,23/10/2016,Organic,Bicycle,10.9,10.9,42.2,60.3,60.3,60.3,5,5,21,32,32,32,0.46,0.46,0.5,0.53,0.53,0.53,,,,,,,,,,,,
68042,Rio de Janeiro,00:00.0,00:00.0,25/10/2016,Referral,Bicycle,7.3,15.4,29.4,49.8,49.8,62.9,13,28,68,120,120,159,1.79,1.82,2.31,2.41,2.41,2.53,,,,,,,,,,,,
68046,New York,00:00.0,00:00.0,28/10/2016,Referral,Scooter / Motorcycle,43,77.7,102.8,102.9,102.9,239.2,104,189,244,244,244,661,2.42,2.43,2.37,2.37,2.37,2.76,,,,,,,,,,,,
68047,New York,00:00.0,00:00.0,24/10/2016,Organic,Bicycle,14.6,24.3,27.5,27.5,27.5,27.5,25,37,43,43,43,43,1.72,1.52,1.57,1.57,1.57,1.57,3,3,3,3,3,3,0,0,0,0,0,0
68048,New York,00:00.0,00:00.0,26/10/2016,Organic,Bicycle,8.7,10.9,10.9,21.9,32.4,45.6,13,14,14,31,55,98,1.5,1.29,1.29,1.41,1.7,2.15,,,,,,,,,,,,
68061,New York,00:00.0,00:00.0,25/10/2016,Organic,Bicycle,5.4,7.4,7.4,10.4,10.4,10.4,12,13,13,15,15,15,2.21,1.75,1.75,1.45,1.45,1.45,,,,,1,1,,,,,0,1
68066,New York,00:00.0,00:00.0,28/10/2016,Organic,Scooter / Motorcycle,62.3,95.5,109.3,109.3,109.3,109.3,85,145,160,160,160,160,1.36,1.52,1.46,1.46,1.46,1.46,,,,,,,,,,,,
68068,New York,00:00.0,00:00.0,23/10/2016,Organic,Bicycle,15.2,19.8,36.5,36.5,36.5,36.5,18,22,30,30,30,30,1.19,1.11,0.82,0.82,0.82,0.82,,,,,,,,,,,,
68072,New York,,,28/10/2016,Referral,Scooter / Motorcycle,59.7,108.1,204.6,389.8,563.4,1072.6,114,183,385,772,1154,2400,1.91,1.69,1.88,1.98,2.05,2.24,,,,,,,,,,,,
68074,New York,00:00.0,00:00.0,04/11/2016,Offline,Bicycle,15.8,33.1,41.2,67.6,79.5,79.5,12,30,45,84,95,95,0.76,0.91,1.09,1.24,1.2,1.2,,,,,,,,,,,,
68081,New York,00:00.0,00:00.0,22/10/2016,Organic,Bicycle,15.8,27.2,44.8,83.5,120.2,196.1,18,28,39,69,114,238,1.14,1.03,0.87,0.83,0.95,1.21,1,1,1,1,1,1,0,0,0,0,0,0
68106,New York,00:00.0,00:00.0,21/10/2016,Referral,Scooter / Motorcycle,15.2,49.3,50.8,54,60.1,60.1,30,84,84,88,92,92,1.98,1.7,1.65,1.63,1.53,1.53,,,,,,,,,,,,
68112,New York,00:00.0,00:00.0,28/10/2016,Digital,Bicycle,5.4,5.4,5.4,5.4,5.4,5.4,2,2,2,2,2,2,0.37,0.37,0.37,0.37,0.37,0.37,,,,,,,,,,,,
68114,New York,00:00.0,00:00.0,28/10/2016,Referral,Scooter / Motorcycle,15.7,33.3,59.2,107.7,154.3,275.1,35,67,127,240,375,748,2.23,2.01,2.15,2.23,2.43,2.72,,,,,,,,,,,,
68117,New York,00:00.0,00:00.0,22/10/2016,Organic,Bicycle,16.8,31.9,61.1,105.2,131.9,157,20,36,82,112,136,146,1.19,1.13,1.34,1.06,1.03,0.93,,,,,,,,,,,,
68123,New York,00:00.0,00:00.0,28/10/2016,Referral,Bicycle,11.3,18.4,31,52.2,60.2,60.2,27,41,70,105,128,128,2.4,2.23,2.26,2.01,2.13,2.13,,,,1,1,1,,,,1,1,1
68125,New York,00:00.0,00:00.0,22/10/2016,Organic,Bicycle,18.7,41.7,79.3,105.7,138.5,201,19,55,117,141,174,254,1.01,1.32,1.48,1.33,1.26,1.26,,,,,,1,,,,,,0
68126,New York,00:00.0,00:00.0,28/10/2016,Referral,Scooter / Motorcycle,20,40.6,73.7,149.3,197.7,295.3,60,131,241,519,727,1084,3.01,3.23,3.27,3.48,3.68,3.67,,,1,3,3,5,,,0,0,0,1
68127,New York,00:00.0,00:00.0,21/10/2016,Digital,Scooter / Motorcycle,39.3,39.3,39.3,39.3,39.3,39.3,28,28,28,28,28,28,0.71,0.71,0.71,0.71,0.71,0.71,,,,,,,,,,,,
68128,New York,00:00.0,00:00.0,21/10/2016,Referral,Bicycle,1.4,46.4,123.8,265.2,265.2,265.2,0,67,174,351,351,351,0,1.44,1.41,1.32,1.32,1.32,1,1,2,2,2,2,0,0,0,1,1,1
68129,New York,00:00.0,00:00.0,31/10/2016,Digital,Bicycle,12.6,22,36.3,62.1,86.9,126,6,15,37,63,92,136,0.48,0.68,1.02,1.01,1.06,1.08,,,,,,,,,,,,
68130,New York,00:00.0,00:00.0,27/10/2016,Digital,Bicycle,9.2,12.4,12.4,12.4,12.4,12.4,18,19,19,19,19,19,1.95,1.53,1.53,1.53,1.53,1.53,,,,,,,,,,,,
68134,New York,00:00.0,00:00.0,31/10/2016,Digital,Bicycle,9.3,14,16.2,16.2,16.2,16.2,19,36,60,60,60,60,2.04,2.56,3.7,3.7,3.7,3.7,,,,,,,,,,,,
68136,New York,00:00.0,00:00.0,28/10/2016,Referral,Bicycle,20.4,49.8,95.6,102.3,102.3,102.3,15,41,57,60,60,60,0.74,0.82,0.6,0.59,0.59,0.59,,,,,,,,,,,,
68177,Rio de Janeiro,00:00.0,00:00.0,22/10/2016,Organic,Bicycle,2.3,2.3,29.9,88.3,142.8,197.1,5,5,69,215,351,497,2.22,2.22,2.31,2.44,2.46,2.52,,,,,,,,,,,,
68178,Rio de Janeiro,00:00.0,00:00.0,24/10/2016,Organic,Bicycle,7.2,7.2,7.2,7.2,7.2,7.2,13,13,13,13,13,13,1.82,1.82,1.82,1.82,1.82,1.82,,,,,,,,,,,,
68179,Rio de Janeiro,00:00.0,00:00.0,24/10/2016,Job Platforms,Bicycle,11.8,18.8,22.6,22.6,22.6,22.6,15,32,38,38,38,38,1.27,1.7,1.68,1.68,1.68,1.68,,,,,,,,,,,,
68180,Rio de Janeiro,00:00.0,00:00.0,26/10/2016,Offline,Bicycle,12,22.4,33,46,46,46,20,42,65,95,95,95,1.66,1.88,1.97,2.07,2.07,2.07,,,,1,1,1,,,,0,0,0
68181,Rio de Janeiro,,,25/10/2016,Unknown,Bicycle,3,3,5.4,9.8,9.8,9.8,0,0,1,5,5,5,0,0,0.19,0.51,0.51,0.51,,,,,,,,,,,,
68182,Rio de Janeiro,00:00.0,00:00.0,22/10/2016,Organic,Bicycle,15.5,31.5,57.1,89.3,128.5,215.7,21,49,98,170,259,457,1.35,1.56,1.71,1.9,2.01,2.12,,,,,,,,,,,,
68184,Rio de Janeiro,00:00.0,00:00.0,07/11/2016,Organic,Bicycle,13,21.8,38,38,38,38,19,32,68,68,68,68,1.46,1.47,1.79,1.79,1.79,1.79,,,,,,,,,,,,
68185,Rio de Janeiro,00:00.0,00:00.0,25/10/2016,Organic,Bicycle,21.4,27.7,43.2,66.8,91.3,156.2,54,75,118,178,236,434,2.52,2.71,2.73,2.67,2.58,2.78,,,,1,1,1,,,,0,0,0
68186,Rio de Janeiro,00:00.0,00:00.0,26/10/2016,Organic,Bicycle,6,6,9,42,75.9,167.1,7,7,11,69,128,284,1.16,1.16,1.22,1.64,1.69,1.7,,,,,,,,,,,,
68188,Rio de Janeiro,00:00.0,00:00.0,23/10/2016,Organic,Bicycle,58.3,103.8,176.8,249.9,378.9,464.2,95,192,343,490,779,1006,1.63,1.85,1.94,1.96,2.06,2.17,,,,,,,,,,,,
68233,New York,00:00.0,00:00.0,22/10/2016,Referral,Scooter / Motorcycle,9.2,24.9,50.7,91.8,148.8,274.2,11,39,81,152,240,511,1.19,1.57,1.6,1.66,1.61,1.86,,,,,,,,,,,,
68258,New York,00:00.0,00:00.0,29/10/2016,Referral,Bicycle,27.5,39.6,58.9,71.8,87.8,91.4,54,83,108,119,144,149,1.97,2.1,1.83,1.66,1.64,1.63,,,,,,,,,,,,
68272,New York,00:00.0,00:00.0,29/10/2016,Organic,Bicycle,11.1,26,46.9,128,206.8,461.5,16,54,125,256,434,1223,1.45,2.07,2.67,2,2.1,2.65,,,,1,1,1,,,,0,0,0
68273,New York,00:00.0,00:00.0,04/11/2016,Organic,Bicycle,3.9,5.5,7.1,7.1,7.1,7.1,12,17,24,24,24,24,3.07,3.11,3.39,3.39,3.39,3.39,,,,,,,,,,,,
68277,New York,00:00.0,00:00.0,28/10/2016,Organic,Bicycle,15.4,25.1,33.9,80.5,109.4,119.6,23,44,57,141,192,198,1.5,1.76,1.68,1.75,1.76,1.66,,,,,,,,,,,,
68278,New York,00:00.0,00:00.0,28/10/2016,Organic,Bicycle,36.1,51.7,56.2,107.7,112.3,112.3,31,43,47,66,66,66,0.86,0.83,0.84,0.61,0.59,0.59,,,,,,,,,,,,
68279,New York,00:00.0,00:00.0,22/10/2016,Offline,Bicycle,18.7,39.8,77.4,137.4,194.4,360.2,12,20,42,105,193,469,0.64,0.5,0.54,0.76,0.99,1.3,,,,,,,,,,,,
68280,New York,00:00.0,00:00.0,24/10/2016,Digital,Bicycle,7.1,7.1,7.1,7.1,7.1,7.1,3,3,3,3,3,3,0.42,0.42,0.42,0.42,0.42,0.42,,,,,,,,,,,,
68285,New York,00:00.0,00:00.0,28/10/2016,Referral,Scooter / Motorcycle,40.9,80,137.8,259.3,413.4,654.2,65,129,201,371,619,928,1.59,1.61,1.46,1.43,1.5,1.42,,,,,,,,,,,,
68298,Rio de Janeiro,00:00.0,00:00.0,26/10/2016,Organic,Bicycle,15.7,15.7,21.4,56.8,56.8,56.8,22,22,31,99,99,99,1.41,1.41,1.45,1.74,1.74,1.74,,,,,,,,,,,,
68300,Rio de Janeiro,00:00.0,00:00.0,23/10/2016,Organic,Scooter / Motorcycle,40,55,116.8,246.2,345.5,584.1,128,174,388,859,1205,2152,3.2,3.16,3.32,3.49,3.49,3.68,,,,,,1,,,,,,0
68302,Rio de Janeiro,00:00.0,00:00.0,22/10/2016,Organic,Bicycle,6.6,6.6,6.6,6.6,6.6,6.6,14,14,14,14,14,14,2.13,2.13,2.13,2.13,2.13,2.13,,,,,,,,,,,,
68303,Rio de Janeiro,00:00.0,00:00.0,22/10/2016,Organic,Bicycle,1.3,1.3,1.3,6.8,7.9,7.9,0,0,0,7,9,9,0,0,0,1.03,1.14,1.14,,,,,,,,,,,,
68304,Rio de Janeiro,00:00.0,00:00.0,23/10/2016,Organic,Bicycle,20.7,41.6,63.1,106,130.2,214.2,34,73,116,214,272,469,1.64,1.75,1.84,2.02,2.09,2.19,,,,,,,,,,,,
68305,New York,00:00.0,00:00.0,26/10/2016,Organic,Bicycle,14.1,24.7,37.9,37.9,37.9,37.9,9,14,20,20,20,20,0.64,0.57,0.53,0.53,0.53,0.53,1,1,1,1,1,1,0,0,0,0,0,0
68306,Rio de Janeiro,00:00.0,00:00.0,24/10/2016,Organic,Bicycle,6,8.5,15,39.5,39.5,39.5,10,14,27,78,78,78,1.66,1.65,1.8,1.97,1.97,1.97,,,,,,,,,,,,
68307,Rio de Janeiro,00:00.0,00:00.0,16/11/2016,Organic,Scooter / Motorcycle,0.6,0.9,1.8,26.8,39.8,171.7,1,1,2,51,83,457,1.74,1.14,1.12,1.9,2.09,2.66,,,,,,1,,,,,,0
68312,New York,00:00.0,00:00.0,28/10/2016,Organic,Bicycle,18.7,28.7,37.3,45.9,45.9,45.9,11,28,42,59,59,59,0.59,0.98,1.13,1.28,1.28,1.28,,,,,,,,,,,,
68313,New York,00:00.0,00:00.0,26/10/2016,Digital,Bicycle,11.4,22.7,40.3,59.8,72.6,84.2,19,30,67,108,132,163,1.66,1.32,1.66,1.81,1.82,1.94,,,,,,,,,,,,
68314,New York,00:00.0,00:00.0,28/10/2016,Organic,Bicycle,5.6,5.6,5.6,5.6,5.6,5.6,5,5,5,5,5,5,0.89,0.89,0.89,0.89,0.89,0.89,,,,,,,,,,,,
68315,New York,00:00.0,00:00.0,22/10/2016,Referral,Bicycle,19.5,30.3,49.3,70.3,70.3,70.3,24,35,47,64,64,64,1.23,1.16,0.95,0.91,0.91,0.91,,,,,,,,,,,,
68317,New York,00:00.0,00:00.0,28/10/2016,Organic,Bicycle,22.1,45.1,103.9,210.9,269.7,269.7,12,23,54,113,152,152,0.54,0.51,0.52,0.54,0.56,0.56,,,,,,,,,,,,
68319,New York,00:00.0,00:00.0,28/10/2016,Organic,Bicycle,24.2,45,79.3,148.6,226.4,389.4,10,19,36,90,163,259,0.41,0.42,0.45,0.61,0.72,0.67,5,5,5,5,5,5,1,1,1,2,2,2
68327,New York,00:00.0,00:00.0,28/10/2016,Organic,Bicycle,16.3,19.4,19.4,19.4,19.4,19.4,3,7,7,7,7,7,0.18,0.36,0.36,0.36,0.36,0.36,,,,,,,,,,,,
68360,New York,00:00.0,00:00.0,25/10/2016,Referral,Bicycle,2.6,2.6,2.6,2.6,2.6,2.6,5,5,5,5,5,5,1.92,1.92,1.92,1.92,1.92,1.92,,,,,,,,,,,,
68373,New York,00:00.0,00:00.0,28/10/2016,Organic,Bicycle,3.6,5.6,10.2,10.2,10.2,10.2,9,15,23,23,23,23,2.5,2.67,2.25,2.25,2.25,2.25,,,,,,,,,,,,
68377,Rio de Janeiro,00:00.0,00:00.0,28/10/2016,Organic,Bicycle,18.4,22.4,33.3,63.4,85.4,106.1,33,37,62,136,205,263,1.8,1.65,1.86,2.14,2.4,2.48,,,,,,,,,,,,
68378,Rio de Janeiro,00:00.0,00:00.0,25/10/2016,Organic,Bicycle,10.5,17.6,35.2,48.3,51.5,51.5,14,21,40,58,62,62,1.33,1.19,1.14,1.2,1.2,1.2,,,,,,,,,,,,
68379,New York,00:00.0,00:00.0,22/10/2016,Referral,Bicycle,1.2,31,93.2,181.8,181.8,181.8,0,40,111,183,183,183,0,1.29,1.19,1.01,1.01,1.01,,,1,1,1,1,,,1,1,1,1
68380,Rio de Janeiro,00:00.0,00:00.0,26/10/2016,Organic,Bicycle,10.1,10.1,10.1,10.1,10.1,10.1,17,17,17,17,17,17,1.69,1.69,1.69,1.69,1.69,1.69,,,,,,,,,,,,
68382,New York,00:00.0,00:00.0,24/10/2016,Referral,Bicycle,22.2,48.5,75.9,105.2,159.6,185.5,13,39,66,97,154,188,0.59,0.8,0.87,0.92,0.97,1.01,,,,,,,,,,,,
68383,Rio de Janeiro,00:00.0,00:00.0,26/10/2016,Organic,Bicycle,10.5,15.1,23,39.2,50.6,69.1,23,33,55,94,121,171,2.19,2.19,2.39,2.4,2.39,2.47,,,,,,,,,,,,
68385,Rio de Janeiro,00:00.0,00:00.0,02/11/2016,Organic,Bicycle,22.3,45.2,118.8,146.3,253.1,338.2,31,69,190,239,479,660,1.39,1.53,1.6,1.63,1.89,1.95,,,,,,,,,,,,
68387,New York,00:00.0,00:00.0,24/10/2016,Referral,Scooter / Motorcycle,43.3,108.4,187.4,378.4,534.2,936.3,62,184,319,746,1112,2153,1.43,1.7,1.7,1.97,2.08,2.3,,,,,,1,,,,,,0
68410,New York,00:00.0,00:00.0,22/10/2016,Digital,Bicycle,46.8,85.6,151.2,196.4,196.4,196.4,30,56,116,141,141,141,0.64,0.65,0.77,0.72,0.72,0.72,,,,,,,,,,,,
68412,New York,00:00.0,00:00.0,27/10/2016,Referral,Bicycle,16.5,21.7,35.3,52.2,55.4,55.4,16,22,38,53,54,54,0.97,1.01,1.08,1.02,0.98,0.98,,,,,,,,,,,,
68414,New York,00:00.0,00:00.0,28/10/2016,Organic,Bicycle,22.7,44.9,84.4,183.6,295.7,658.7,54,111,214,444,744,1845,2.38,2.47,2.54,2.42,2.52,2.8,,,,,,1,,,,,,0
68432,New York,00:00.0,00:00.0,28/10/2016,Referral,Scooter / Motorcycle,27.7,58.7,167.1,221.2,396.6,887.5,32,75,372,500,810,1893,1.16,1.28,2.23,2.26,2.04,2.13,,,,1,1,1,,,,0,0,0
68439,New York,00:00.0,00:00.0,24/10/2016,Organic,Bicycle,7.6,21.9,38.2,52.8,52.8,52.8,20,56,93,127,127,127,2.62,2.55,2.43,2.41,2.41,2.41,,,,,1,1,,,,,0,0
68441,New York,00:00.0,00:00.0,22/10/2016,Offline,Bicycle,1.1,7.1,8.7,8.7,8.7,8.7,0,5,5,5,5,5,0,0.7,0.58,0.58,0.58,0.58,,,,,,,,,,,,
68443,New York,00:00.0,00:00.0,24/10/2016,Offline,Bicycle,1.3,1.3,1.4,14,14.3,34.7,3,3,3,9,10,58,2.23,2.23,2.2,0.65,0.7,1.67,,,,,,1,,,,,,0
68445,New York,00:00.0,00:00.0,22/10/2016,Organic,Bicycle,12.5,12.5,12.5,12.5,12.5,12.5,14,14,14,14,14,14,1.12,1.12,1.12,1.12,1.12,1.12,,,,,,,,,,,,
68446,New York,00:00.0,00:00.0,29/10/2016,Referral,Bicycle,28.2,34.3,62.8,83.6,83.6,83.6,28,33,69,89,89,89,0.99,0.96,1.1,1.06,1.06,1.06,,,,,,,,,,,,
68447,New York,00:00.0,00:00.0,23/10/2016,Digital,Bicycle,36.8,42.9,42.9,42.9,42.9,42.9,31,31,31,31,31,31,0.84,0.72,0.72,0.72,0.72,0.72,,,,,,,,,,,,
68448,New York,00:00.0,00:00.0,23/10/2016,Referral,Bicycle,19.5,28.8,48.6,48.6,48.6,48.6,18,23,33,33,33,33,0.92,0.8,0.68,0.68,0.68,0.68,,,,,,,,,,,,
68449,New York,00:00.0,00:00.0,24/10/2016,Organic,Bicycle,13.4,25.7,50.4,95,163.7,334,18,33,64,137,231,415,1.34,1.29,1.27,1.44,1.41,1.24,,,,,,,,,,,,
68451,New York,00:00.0,00:00.0,26/10/2016,Referral,Bicycle,11.1,16,26.4,39.3,52.9,52.9,22,30,49,75,93,93,1.98,1.87,1.85,1.91,1.76,1.76,,,,,,,,,,,,
68452,New York,00:00.0,00:00.0,22/10/2016,Organic,Bicycle,1.3,1.3,1.3,1.3,1.3,1.3,0,0,0,0,0,0,0,0,0,0,0,0,,,,,,,,,,,,
68453,New York,00:00.0,00:00.0,25/10/2016,Referral,Bicycle,16.5,24.7,35.7,47.6,50.4,50.4,46,75,98,126,131,131,2.79,3.03,2.75,2.65,2.6,2.6,,,1,1,1,1,,,0,0,0,0
68455,New York,00:00.0,00:00.0,25/10/2016,Referral,Bicycle,7,7,7,7,7,7,11,11,11,11,11,11,1.56,1.56,1.56,1.56,1.56,1.56,,,,,,,,,,,,
68456,New York,,,28/10/2016,Unknown,Bicycle,5,5,5,5,7,15.8,9,9,9,9,10,22,1.79,1.79,1.79,1.79,1.42,1.4,,,,,,,,,,,,
68457,New York,00:00.0,00:00.0,28/10/2016,Referral,Bicycle,4.8,4.8,4.8,4.8,4.8,4.8,13,13,13,13,13,13,2.69,2.69,2.69,2.69,2.69,2.69,,,,,,,,,,,,
68458,New York,00:00.0,00:00.0,01/11/2016,Referral,Bicycle,9.6,16.3,22.7,46.4,59.9,84.7,19,35,48,99,128,193,1.99,2.14,2.12,2.13,2.14,2.28,,,,,,,,,,,,
68521,Rio de Janeiro,00:00.0,00:00.0,24/10/2016,Organic,Bicycle,24.8,37.3,63.5,115.8,194.4,333.1,35,59,93,161,283,578,1.41,1.58,1.46,1.39,1.46,1.74,,,,,,,,,,,,
68523,Rio de Janeiro,00:00.0,00:00.0,25/10/2016,Organic,Bicycle,14.3,25.2,29.8,53.6,59.4,95.5,32,54,68,129,141,254,2.23,2.14,2.28,2.41,2.38,2.66,,,,,,,,,,,,
68524,Rio de Janeiro,00:00.0,00:00.0,23/10/2016,Organic,Bicycle,27.8,49.5,78.3,131.7,185,330,57,97,157,284,402,775,2.05,1.96,2,2.16,2.17,2.35,,,,,,,,,,,,
68528,Cape Town,00:00.0,00:00.0,24/10/2016,Organic,Bicycle,22.1,43.8,65.2,97.8,142.3,144.2,38,70,105,158,232,235,1.72,1.6,1.61,1.62,1.63,1.63,,,,,,,,,,,,
68529,Cape Town,00:00.0,00:00.0,26/10/2016,Job Platforms,Motor Vehicle,25.1,45.3,92.1,147.2,179,233,45,85,184,297,355,483,1.79,1.88,2,2.02,1.98,2.07,,,,,,,,,,,,
68530,Cape Town,00:00.0,00:00.0,27/10/2016,Offline,Bicycle,25.9,41.3,51.4,76,119.8,219,61,93,118,179,279,544,2.36,2.25,2.29,2.35,2.33,2.48,,,,,,,,,,,,
68531,Cape Town,00:00.0,00:00.0,27/10/2016,Digital,Bicycle,20.8,31.3,59.7,122.6,183.9,375.9,39,57,115,233,353,759,1.88,1.82,1.93,1.9,1.92,2.02,,,,,,,,,,,,
68532,Cape Town,00:00.0,00:00.0,25/10/2016,Organic,Bicycle,41.2,74.7,124.1,240.4,297.3,437.3,90,157,282,565,725,1132,2.19,2.1,2.27,2.35,2.44,2.59,,,,,,,,,,,,
68533,Cape Town,,,27/10/2016,Unknown,Bicycle,15.2,33.3,48.1,60,60,60,42,86,127,153,153,153,2.76,2.58,2.64,2.55,2.55,2.55,,,,,,,,,,,,
68546,Rio de Janeiro,00:00.0,00:00.0,23/10/2016,Organic,Bicycle,25.2,32.5,32.5,32.5,56.8,78.6,48,62,62,62,106,147,1.91,1.91,1.91,1.91,1.87,1.87,,,,,,,,,,,,
68591,New York,00:00.0,00:00.0,28/10/2016,Digital,Bicycle,15,35.8,81.3,149.8,267.1,468,20,53,153,264,467,881,1.33,1.48,1.88,1.76,1.75,1.88,,,,,,5,,,,,,0
68655,New York,00:00.0,00:00.0,28/10/2016,Organic,Bicycle,26.3,49.8,92.1,179.7,255.9,466.3,27,52,113,245,377,732,1.03,1.05,1.23,1.36,1.47,1.57,,,,1,1,1,,,,1,1,1
68678,New York,00:00.0,00:00.0,24/10/2016,Digital,Bicycle,17.2,24.9,24.9,24.9,24.9,24.9,21,32,32,32,32,32,1.22,1.28,1.28,1.28,1.28,1.28,,,,,,,,,,,,
68689,New York,00:00.0,00:00.0,28/10/2016,Referral,Scooter / Motorcycle,48.9,91.2,171.4,335.9,459.4,521.5,88,133,221,423,562,716,1.8,1.46,1.29,1.26,1.22,1.37,,1,1,2,3,3,,1,1,1,1,1
68694,New York,00:00.0,00:00.0,27/10/2016,Organic,Bicycle,26.1,34,76.8,183.9,262,482,19,29,61,167,260,515,0.73,0.85,0.79,0.91,0.99,1.07,,,1,2,2,3,,,0,0,0,0
68696,New York,00:00.0,00:00.0,23/10/2016,Organic,Bicycle,7.2,7.2,7.2,7.2,7.2,7.2,0,0,0,0,0,0,0,0,0,0,0,0,,,,,,,,,,,,
68697,New York,00:00.0,00:00.0,28/10/2016,Organic,Bicycle,15.6,26.9,29.8,29.8,29.8,29.8,22,33,40,40,40,40,1.41,1.23,1.34,1.34,1.34,1.34,,,,,,,,,,,,
68700,New York,00:00.0,00:00.0,25/10/2016,Referral,Scooter / Motorcycle,14,24.5,42.4,76.8,109.6,150.6,29,53,84,172,252,362,2.07,2.17,1.98,2.24,2.3,2.4,,,,,,,,,,,,
68701,New York,00:00.0,00:00.0,25/10/2016,Referral,Bicycle,9.2,10.3,12.6,19.8,31.4,40.3,28,33,41,62,100,134,3.05,3.2,3.25,3.13,3.19,3.33,,,,,,,,,,,,
68711,New York,00:00.0,00:00.0,23/10/2016,Organic,Bicycle,12.5,28.7,58.8,60.3,60.3,60.3,9,34,85,87,87,87,0.72,1.18,1.45,1.44,1.44,1.44,,,,,,,,,,,,
68722,Rio de Janeiro,00:00.0,00:00.0,24/10/2016,Organic,Bicycle,25.2,57.4,104.5,220.6,331.1,582.7,56,126,236,499,699,1274,2.22,2.19,2.26,2.26,2.11,2.19,,,,,,,,,,,,
68723,New York,00:00.0,00:00.0,25/10/2016,Digital,Bicycle,8.1,14.3,23.8,36.2,36.2,36.2,15,27,46,74,74,74,1.85,1.88,1.93,2.05,2.05,2.05,,1,1,1,1,1,,0,0,0,0,0
68724,Rio de Janeiro,00:00.0,00:00.0,25/10/2016,Organic,Bicycle,8.4,15.3,29.8,51,61,138.3,15,23,42,65,79,236,1.79,1.51,1.41,1.28,1.3,1.71,,,,,,,,,,,,
68726,Rio de Janeiro,00:00.0,00:00.0,28/10/2016,Referral,Bicycle,19,41,72,128.8,159,250.1,36,71,121,223,279,467,1.89,1.73,1.68,1.73,1.75,1.87,,,,,,,,,,,,
68727,Rio de Janeiro,00:00.0,00:00.0,30/10/2016,Organic,Bicycle,27.5,58.9,104.5,220.7,344.5,441,50,105,193,434,703,962,1.82,1.78,1.85,1.97,2.04,2.18,,,,,,,,,,,,
68729,Rio de Janeiro,00:00.0,00:00.0,28/10/2016,Organic,Bicycle,21.9,37.1,54.4,71.8,71.8,71.8,46,78,102,142,142,142,2.1,2.1,1.88,1.98,1.98,1.98,,,,,,,,,,,,
68731,New York,00:00.0,00:00.0,30/10/2016,Digital,Bicycle,34,40,58.4,126.2,157,157,21,30,47,98,130,130,0.62,0.75,0.8,0.78,0.83,0.83,,,,,,,,,,,,
68733,Rio de Janeiro,00:00.0,00:00.0,24/10/2016,Organic,Bicycle,8.8,13.2,27.5,34.8,39.2,39.2,14,22,37,44,46,46,1.59,1.67,1.35,1.26,1.17,1.17,,,,,,,,,,,,
68734,New York,00:00.0,00:00.0,27/10/2016,Organic,Bicycle,9.5,12.3,24.8,46,79.3,86.7,15,20,43,67,126,143,1.59,1.62,1.74,1.46,1.59,1.65,2,2,2,2,2,2,0,0,0,0,0,0
68737,Rio de Janeiro,00:00.0,00:00.0,24/10/2016,Organic,Bicycle,39,65.4,73.2,73.6,73.6,73.6,76,117,122,123,123,123,1.95,1.79,1.67,1.67,1.67,1.67,,,,,,,,,,,,
68738,New York,00:00.0,00:00.0,24/10/2016,Digital,Bicycle,8.4,8.4,8.4,8.4,8.4,8.4,8,8,8,8,8,8,0.96,0.95,0.95,0.95,0.95,0.95,1,1,1,1,1,1,0,0,0,0,0,0
68743,Rio de Janeiro,00:00.0,00:00.0,25/10/2016,Organic,Bicycle,16.3,29,75.9,209.8,225.4,240,27,57,162,422,459,473,1.65,1.97,2.14,2.01,2.04,1.97,,,,,,,,,,,,
68744,Rio de Janeiro,00:00.0,00:00.0,30/10/2016,Organic,Bicycle,19.7,37.6,70.4,87.5,101.2,198.1,45,85,153,189,226,449,2.28,2.26,2.17,2.16,2.23,2.27,,,,,,,,,,,,
68746,Rio de Janeiro,00:00.0,00:00.0,27/10/2016,Organic,Bicycle,9.1,13.3,19.3,44.2,68.8,73,16,25,39,93,140,148,1.75,1.88,2.02,2.1,2.03,2.03,,,,,,,,,,,,
68747,New York,00:00.0,00:00.0,24/10/2016,Organic,Bicycle,11.5,19.1,25.2,25.2,25.2,25.2,13,27,35,35,35,35,1.13,1.41,1.39,1.39,1.39,1.39,,,,,,,,,,,,
68749,New York,00:00.0,00:00.0,26/10/2016,Digital,Bicycle,6.3,6.3,18.5,33.8,33.8,33.8,15,15,45,80,80,80,2.38,2.38,2.43,2.37,2.37,2.37,,,,,,,,,,,,
68754,New York,00:00.0,00:00.0,28/10/2016,Job Platforms,Bicycle,36.7,47.7,47.7,47.7,47.7,47.7,18,27,27,27,27,27,0.49,0.57,0.57,0.57,0.57,0.57,,,,,,,,,,,,
68763,Rio de Janeiro,00:00.0,00:00.0,24/10/2016,Organic,Bicycle,20.1,34.3,63.2,112.3,166,357.4,26,49,100,200,311,756,1.3,1.43,1.58,1.78,1.87,2.12,,,,,,,,,,,,
68767,New York,00:00.0,00:00.0,27/10/2016,Organic,Bicycle,19.5,35.3,67.1,67.1,67.1,67.1,35,66,127,127,127,127,1.79,1.87,1.89,1.89,1.89,1.89,,,,,,,,,,,,
68768,New York,00:00.0,00:00.0,01/11/2016,Organic,Scooter / Motorcycle,31.1,50.6,87.5,150.1,206.3,226.8,15,25,72,173,291,341,0.48,0.49,0.82,1.15,1.41,1.5,,,,1,1,1,,,,0,0,0
68770,New York,00:00.0,00:00.0,28/10/2016,Digital,Bicycle,23.4,34.8,44.1,86.2,132.1,132.1,16,28,38,88,170,170,0.68,0.81,0.86,1.02,1.29,1.29,,,,,,,,,,,,
68777,New York,00:00.0,00:00.0,23/10/2016,Referral,Bicycle,21.3,33.9,49.5,62.6,78.3,78.3,13,21,35,49,52,52,0.61,0.62,0.71,0.78,0.66,0.66,,,,,,,,,,,,
68784,New York,00:00.0,00:00.0,29/10/2016,Digital,Bicycle,12.4,27.7,57.5,158,241.6,622,18,37,82,200,337,858,1.45,1.33,1.43,1.27,1.39,1.38,,,,,,1,,,,,,0
68802,New York,00:00.0,00:00.0,12/11/2016,Digital,Bicycle,9,9,9,9,9,9,23,23,23,23,23,23,2.56,2.56,2.56,2.56,2.56,2.56,,,,,,,,,,,,
68805,New York,00:00.0,00:00.0,28/10/2016,Organic,Bicycle,45,68.5,68.5,68.5,68.5,68.5,19,26,26,26,26,26,0.42,0.38,0.38,0.38,0.38,0.38,,,,,,,,,,,,
68807,New York,00:00.0,00:00.0,01/11/2016,Referral,Bicycle,14.8,28,51.9,96.9,96.9,96.9,22,33,75,133,133,133,1.49,1.18,1.45,1.37,1.37,1.37,,,,,,,,,,,,
68808,New York,00:00.0,00:00.0,01/11/2016,Organic,Bicycle,11.4,21,36.5,61,83,169.8,9,16,40,71,93,291,0.79,0.76,1.09,1.16,1.12,1.71,,,,,,1,,,,,,0
68811,New York,00:00.0,00:00.0,24/10/2016,Digital,Bicycle,3.7,6.1,7.5,9.9,12.2,12.2,4,7,9,13,13,13,1.08,1.15,1.21,1.32,1.06,1.06,,,,,,,,,,,,
68816,New York,00:00.0,00:00.0,28/10/2016,Digital,Bicycle,4,16.1,57.3,84.8,98.9,108.4,4,13,63,97,110,129,1.01,0.81,1.1,1.14,1.11,1.19,,,,,,,,,,,,
68817,New York,00:00.0,00:00.0,27/10/2016,Referral,Bicycle,12.2,20,36.7,51,53.1,53.1,19,40,74,102,106,106,1.56,2,2.02,2,1.99,1.99,,,,,,,,,,,,
68823,New York,00:00.0,00:00.0,28/10/2016,Referral,Bicycle,2.6,2.6,2.6,2.6,2.6,2.6,5,5,5,5,5,5,1.94,1.94,1.94,1.94,1.94,1.94,,,,,,,,,,,,
68829,New York,00:00.0,00:00.0,27/10/2016,Referral,Bicycle,12,15.3,32.3,48.3,54.1,65.8,17,23,56,78,86,107,1.41,1.51,1.73,1.61,1.59,1.63,,,,,,,,,,,,
68830,New York,00:00.0,00:00.0,27/10/2016,Referral,Bicycle,11.8,21.1,27,38.1,45.2,54.9,18,35,47,70,84,102,1.53,1.66,1.74,1.84,1.86,1.86,,,,,,,,,,,,
68848,New York,00:00.0,00:00.0,30/10/2016,Referral,Bicycle,22.4,37.6,64.4,99,144.7,225.2,16,25,50,71,117,223,0.71,0.67,0.78,0.72,0.81,0.99,,,,,2,2,,,,,0,0
68856,New York,00:00.0,00:00.0,04/11/2016,Organic,Bicycle,9.8,25.4,25.4,25.4,25.4,25.4,10,19,19,19,19,19,1.02,0.75,0.75,0.75,0.75,0.75,,,,,,,,,,,,
68857,New York,00:00.0,00:00.0,28/10/2016,Referral,Bicycle,14.2,14.2,14.2,14.2,14.2,14.2,34,34,34,34,34,34,2.4,2.4,2.4,2.4,2.4,2.4,,,,,,,,,,,,
68869,New York,00:00.0,00:00.0,28/10/2016,Digital,Bicycle,15.2,21.2,21.2,21.2,21.2,21.2,21,33,33,33,33,33,1.38,1.55,1.55,1.55,1.55,1.55,,,,,,,,,,,,
68870,New York,00:00.0,00:00.0,24/10/2016,Organic,Bicycle,1,1.4,6.7,47.7,72.3,72.3,0,0,6,30,36,36,0,0,0.9,0.63,0.5,0.5,,,,,,,,,,,,
68871,New York,00:00.0,00:00.0,28/10/2016,Offline,Bicycle,3.4,3.4,3.4,3.4,3.4,3.4,7,7,7,7,7,7,2.04,2.04,2.04,2.04,2.04,2.04,,,,,,,,,,,,
68875,New York,00:00.0,00:00.0,29/10/2016,Organic,Bicycle,12.1,21.3,30.9,38.6,42.3,59.6,17,37,58,68,71,117,1.4,1.73,1.87,1.76,1.68,1.96,,,,,,,,,,,,
68876,New York,00:00.0,00:00.0,29/10/2016,Digital,Bicycle,8.5,8.5,18.9,24.5,27.2,59.3,14,14,29,39,45,120,1.65,1.65,1.54,1.59,1.65,2.02,,,,,,1,,,,,,0
68882,New York,00:00.0,00:00.0,25/10/2016,Organic,Scooter / Motorcycle,45.7,89.8,178.9,340.1,523.6,900.7,80,149,281,552,880,1463,1.75,1.66,1.57,1.62,1.68,1.62,,,,,,,,,,,,
68884,New York,00:00.0,00:00.0,28/10/2016,Offline,Bicycle,8.3,22.1,31.7,31.7,31.7,31.7,5,6,7,7,7,7,0.61,0.27,0.22,0.22,0.22,0.22,,,,,,,,,,,,
68885,New York,00:00.0,00:00.0,01/11/2016,Organic,Bicycle,2.1,24.3,48.8,55.4,89.3,180.6,5,25,42,52,113,252,2.4,1.03,0.86,0.94,1.27,1.4,,1,1,1,4,5,,0,0,0,0,1
68886,New York,00:00.0,00:00.0,09/11/2016,Organic,Bicycle,8.6,8.6,12.4,12.4,12.4,22.1,9,9,17,17,17,33,1.05,1.05,1.37,1.37,1.37,1.49,,,,,,,,,,,,
68887,New York,00:00.0,00:00.0,29/10/2016,Digital,Bicycle,19.3,30.2,42.6,99.9,139.6,168.6,26,44,64,113,158,199,1.34,1.46,1.5,1.13,1.13,1.18,,,,,,,,,,,,
68888,New York,00:00.0,00:00.0,29/10/2016,Organic,Bicycle,15.5,29.4,43.9,48.5,53.9,53.9,43,93,135,148,172,172,2.78,3.17,3.08,3.05,3.19,3.19,,,,,,,,,,,,
68890,New York,00:00.0,00:00.0,30/10/2016,Offline,Bicycle,15.5,22.5,41.1,49.9,49.9,49.9,22,29,56,82,82,82,1.42,1.29,1.36,1.64,1.64,1.64,,,,,,,,,,,,
68891,New York,00:00.0,00:00.0,29/10/2016,Digital,Bicycle,1.3,1.3,1.3,1.3,1.3,1.3,0,0,0,0,0,0,0,0,0,0,0,0,,,,,,,,,,,,
68892,New York,00:00.0,00:00.0,24/10/2016,Organic,Bicycle,15.9,39.1,85.6,85.6,85.6,85.6,3,3,8,8,8,8,0.19,0.08,0.09,0.09,0.09,0.09,,,,,,,,,,,,
68893,New York,00:00.0,00:00.0,02/11/2016,Organic,Bicycle,17.1,33.9,54.1,105.1,128.6,152,9,20,38,89,119,145,0.53,0.59,0.7,0.85,0.93,0.95,,,,,,,,,,,,
68894,New York,00:00.0,00:00.0,25/10/2016,Organic,Bicycle,5.6,11.3,17.3,19.7,19.7,19.7,8,17,28,32,32,32,1.43,1.51,1.62,1.62,1.62,1.62,,,,,,,,,,,,
68895,New York,00:00.0,00:00.0,24/10/2016,Organic,Bicycle,21.5,52.4,75.9,84.6,84.6,84.6,17,40,55,74,74,74,0.79,0.76,0.72,0.87,0.87,0.87,,,,,,,,,,,,
68896,New York,00:00.0,00:00.0,26/10/2016,Digital,Bicycle,14.1,27.9,45,56.2,56.2,56.2,7,11,29,37,37,37,0.5,0.39,0.64,0.66,0.66,0.66,,,,,,,,,,,,
68897,New York,00:00.0,00:00.0,25/10/2016,Organic,Bicycle,6.6,10.4,15.5,20.9,20.9,20.9,10,16,27,33,33,33,1.51,1.54,1.74,1.58,1.58,1.58,,,,,,,,,,,,
68898,New York,00:00.0,00:00.0,24/10/2016,Organic,Bicycle,4.5,4.5,4.5,4.5,4.5,4.5,10,10,10,10,10,10,2.25,2.25,2.25,2.25,2.25,2.25,,,,,,,,,,,,
68899,New York,00:00.0,00:00.0,31/10/2016,Referral,Bicycle,4.2,4.2,4.2,4.2,4.2,4.2,6,6,6,6,6,6,1.42,1.42,1.42,1.42,1.42,1.42,,,,,,,,,,,,
68900,New York,00:00.0,00:00.0,25/10/2016,Referral,Bicycle,14.3,24.4,43.8,69.6,89.7,89.7,23,38,72,112,137,137,1.61,1.56,1.64,1.61,1.53,1.53,,,,,,,,,,,,
68901,New York,00:00.0,00:00.0,25/10/2016,Referral,Bicycle,10.6,12.6,18.1,42.6,52.8,52.8,18,20,25,45,49,49,1.69,1.58,1.38,1.06,0.93,0.93,,,,,,,,,,,,
68902,New York,00:00.0,00:00.0,27/10/2016,Offline,Bicycle,3.7,3.8,3.8,3.8,3.8,3.8,4,4,4,4,4,4,1.08,1.06,1.06,1.06,1.06,1.06,,,,,,,,,,,,
68903,New York,00:00.0,00:00.0,25/10/2016,Referral,Bicycle,12.7,18.5,33.2,41.6,41.6,41.6,6,9,15,21,21,21,0.47,0.49,0.45,0.5,0.5,0.5,,,,1,1,1,,,,0,0,0
68904,New York,00:00.0,00:00.0,23/10/2016,Referral,Scooter / Motorcycle,31.9,54.4,141.6,289.3,303.5,620.2,59,117,301,753,801,1861,1.85,2.15,2.13,2.6,2.64,3,,,1,1,1,2,,,0,1,1,1
68905,New York,00:00.0,00:00.0,28/10/2016,Organic,Bicycle,42.2,81.4,130.8,130.8,130.8,130.8,50,66,91,91,91,91,1.18,0.81,0.7,0.7,0.7,0.7,,,,,,,,,,,,
68906,New York,00:00.0,00:00.0,28/10/2016,Digital,Bicycle,12.9,12.9,26.8,35.7,35.7,35.7,10,10,22,31,31,31,0.77,0.77,0.82,0.87,0.87,0.87,,,,,,,,,,,,
68909,New York,00:00.0,00:00.0,25/10/2016,Digital,Bicycle,20.7,50,206.7,224.6,224.6,224.6,20,58,85,88,88,88,0.96,1.16,0.41,0.39,0.39,0.39,,,,2,2,2,,,,0,0,0
68914,Rio de Janeiro,00:00.0,00:00.0,07/11/2016,Organic,Bicycle,6.3,9.6,9.6,9.6,9.6,9.6,12,19,19,19,19,19,1.92,1.99,1.99,1.99,1.99,1.99,,,,,,,,,,,,
68915,Rio de Janeiro,00:00.0,00:00.0,25/10/2016,Organic,Scooter / Motorcycle,18,18,23.9,23.9,30.7,32,39,39,59,59,82,86,2.16,2.16,2.47,2.47,2.67,2.68,,,,,,,,,,,,
68917,Rio de Janeiro,00:00.0,00:00.0,25/10/2016,Organic,Bicycle,18.2,23,29.1,35,37.2,41.1,32,39,48,61,64,73,1.76,1.7,1.65,1.74,1.72,1.78,,,,,,,,,,,,
68918,Rio de Janeiro,00:00.0,00:00.0,27/10/2016,Organic,Bicycle,3.7,3.7,8,13,13,24.5,6,6,16,22,22,38,1.63,1.63,2,1.69,1.69,1.55,,,,,,,,,,,,
68919,Rio de Janeiro,00:00.0,00:00.0,24/10/2016,Organic,Bicycle,8.5,12.5,21,23.7,46.9,46.9,12,18,37,42,92,92,1.41,1.45,1.76,1.77,1.96,1.96,,,,,,1,,,,,,0
68920,Rio de Janeiro,00:00.0,00:00.0,30/10/2016,Organic,Bicycle,4.9,9.1,9.1,9.1,9.1,9.1,11,22,22,22,22,22,2.23,2.43,2.43,2.43,2.43,2.43,,,,,,,,,,,,
68922,Rio de Janeiro,00:00.0,00:00.0,24/10/2016,Organic,Bicycle,51.4,86.1,183.4,360.6,526.6,1028.7,112,194,397,797,1210,3001,2.18,2.25,2.17,2.21,2.3,2.92,,,,,,,,,,,,
68923,Rio de Janeiro,00:00.0,00:00.0,24/10/2016,Organic,Bicycle,3.5,3.5,3.5,3.5,3.5,3.5,5,5,5,5,5,5,1.43,1.43,1.43,1.43,1.43,1.43,,,,,,,,,,,,
68925,Rio de Janeiro,00:00.0,00:00.0,26/10/2016,Organic,Bicycle,25,45.9,86.2,115.9,178.5,556.9,49,88,170,219,350,1537,1.96,1.92,1.97,1.89,1.96,2.76,,,,,1,1,,,,,0,0
68926,Rio de Janeiro,00:00.0,00:00.0,01/11/2016,Organic,Bicycle,11.6,18.8,31.4,43.7,95.1,234.8,18,26,48,70,165,444,1.55,1.39,1.53,1.6,1.74,1.89,,,,,,,,,,,,
68927,Rio de Janeiro,00:00.0,00:00.0,27/10/2016,Organic,Bicycle,15.1,20.4,26.1,49.7,70.4,156.6,34,41,57,109,152,371,2.25,2.01,2.19,2.19,2.16,2.37,,,,,,,,,,,,
68995,Cape Town,00:00.0,00:00.0,25/10/2016,Job Platforms,Motor Vehicle,35.3,70,140.2,271.7,369.2,677.9,65,129,267,498,671,1431,1.84,1.84,1.9,1.83,1.82,2.11,,,,,,,,,,,,
68996,Cape Town,00:00.0,00:00.0,25/10/2016,Organic,Bicycle,32.1,55.4,107.4,214.2,319.1,552.2,68,115,234,454,638,1183,2.12,2.07,2.18,2.12,2,2.14,,,,,,,,,,,,
68998,Cape Town,00:00.0,00:00.0,25/10/2016,Organic,Motor Vehicle,19.9,35.4,70.4,114,123.2,123.2,48,81,165,254,270,270,2.41,2.29,2.34,2.23,2.19,2.19,,,,,,,,,,,,
69000,Cape Town,00:00.0,00:00.0,25/10/2016,Organic,Motor Vehicle,41.8,66.6,66.6,66.6,66.6,66.6,65,108,108,108,108,108,1.56,1.62,1.62,1.62,1.62,1.62,,,,,,,,,,,,
69008,Cape Town,00:00.0,00:00.0,26/10/2016,Digital,Bicycle,15.7,35.2,76,151.2,207.9,321.6,28,62,144,318,438,662,1.79,1.76,1.9,2.1,2.11,2.06,,,,,,,,,,,,
69009,Cape Town,00:00.0,00:00.0,25/10/2016,Organic,Bicycle,37.5,71.4,134.6,262,375.5,668,75,133,264,466,597,1195,2,1.86,1.96,1.78,1.59,1.79,,,,,,,,,,,,
69010,Cape Town,00:00.0,00:00.0,25/10/2016,Offline,Bicycle,7.5,7.5,7.5,7.5,7.5,7.5,10,10,10,10,10,10,1.33,1.33,1.33,1.33,1.33,1.33,,,,,,,,,,,,
69012,Cape Town,00:00.0,00:00.0,28/10/2016,Organic,Bicycle,21.5,35.7,38.9,38.9,38.9,38.9,41,66,74,74,74,74,1.9,1.85,1.9,1.9,1.9,1.9,,,,,,,,,,,,
69014,Cape Town,00:00.0,00:00.0,25/10/2016,Organic,Bicycle,18.6,28.4,46.2,91.7,115.5,188.5,37,59,96,179,221,354,1.99,2.08,2.08,1.95,1.91,1.88,,,,,,,,,,,,
69017,Cape Town,00:00.0,00:00.0,26/10/2016,Offline,Bicycle,26.7,48.8,89.7,167.6,242.6,436,59,112,203,390,581,1088,2.21,2.29,2.26,2.33,2.4,2.5,,,,,,,,,,,,
69018,Cape Town,,,25/10/2016,Digital,Bicycle,21.4,35.4,62.3,100.4,100.4,100.4,30,45,87,135,135,135,1.4,1.27,1.4,1.34,1.34,1.34,,,,,,,,,,,,
69020,Cape Town,,,26/10/2016,Unknown,Bicycle,25,43.1,68.4,101.9,101.9,101.9,43,62,102,145,145,145,1.72,1.44,1.49,1.42,1.42,1.42,,,,,,,,,,,,
69055,New York,00:00.0,00:00.0,28/10/2016,Referral,Scooter / Motorcycle,39.1,60.2,123.3,246.5,352.3,624.3,59,88,193,447,684,1315,1.51,1.46,1.57,1.81,1.94,2.11,,,,,,1,,,,,,1
69076,New York,00:00.0,00:00.0,04/11/2016,Referral,Scooter / Motorcycle,62.4,112.5,210.3,399.6,546.6,1118.9,164,314,614,1228,1735,3615,2.63,2.79,2.92,3.07,3.17,3.23,,,,,,,,,,,,
69080,New York,00:00.0,00:00.0,28/02/2017,Organic,Bicycle,1.2,1.2,1.2,1.2,1.2,1.3,5,5,5,5,5,5,4.04,4.04,4.04,4.01,4.01,3.97,,,,1,1,1,,,,0,0,0
69082,New York,00:00.0,00:00.0,25/10/2016,Offline,Bicycle,19.1,32.8,47.3,78.8,104.4,108.2,20,35,61,104,142,148,1.05,1.07,1.29,1.32,1.36,1.37,,,,,,,,,,,,
69123,Rio de Janeiro,00:00.0,00:00.0,15/12/2016,Organic,Bicycle,1.4,8,8,15,19.5,59.7,0,11,11,23,34,99,0,1.37,1.37,1.53,1.74,1.66,,,,,,,,,,,,
69131,New York,00:00.0,00:00.0,26/10/2016,Digital,Bicycle,26.1,40.9,58.3,86.2,108.9,124.7,21,39,53,72,95,132,0.8,0.95,0.91,0.84,0.87,1.06,,,,,,,,,,,,
69132,Rio de Janeiro,00:00.0,00:00.0,27/10/2016,Organic,Bicycle,2.2,16.5,29.4,70.1,130.5,233.3,2,21,34,98,201,428,0.89,1.27,1.16,1.4,1.54,1.83,,,,,,,,,,,,
69133,New York,00:00.0,00:00.0,01/11/2016,Organic,Bicycle,14.3,19.7,43.6,43.6,43.6,43.6,27,40,86,86,86,86,1.89,2.03,1.97,1.97,1.97,1.97,,,,,,,,,,,,
69134,Rio de Janeiro,00:00.0,00:00.0,24/10/2016,Organic,Bicycle,38.6,66.7,137.3,274.5,423.5,782.6,92,166,351,739,1132,2345,2.38,2.49,2.56,2.69,2.67,3,,,,,,,,,,,,
69136,New York,00:00.0,00:00.0,28/10/2016,Organic,Bicycle,31.7,52,88.3,169.8,235.5,240.5,44,73,147,223,288,289,1.39,1.4,1.66,1.31,1.22,1.2,,,,,,,,,,,,
69138,Rio de Janeiro,00:00.0,00:00.0,25/10/2016,Organic,Bicycle,2.7,20.3,27.4,48.5,48.5,48.5,6,49,61,97,97,97,2.21,2.42,2.22,2,2,2,,,,,,,,,,,,
69147,Rio de Janeiro,00:00.0,00:00.0,25/10/2016,Organic,Bicycle,18.9,18.9,18.9,23.1,23.1,23.1,41,41,41,50,50,50,2.17,2.17,2.17,2.16,2.16,2.16,,,,,,,,,,,,
69169,New York,00:00.0,00:00.0,24/10/2016,Job Platforms,Bicycle,14.5,19,37.6,60.8,65,72.8,21,29,42,53,59,64,1.45,1.53,1.12,0.87,0.91,0.88,,,,,,,,,,,,
69171,New York,00:00.0,00:00.0,29/10/2016,Digital,Bicycle,11.1,17.9,18.2,18.2,18.2,18.2,8,17,17,17,17,17,0.72,0.95,0.93,0.93,0.93,0.93,,,,,,,,,,,,
69172,New York,00:00.0,00:00.0,24/10/2016,Organic,Bicycle,2.8,4.5,4.5,4.5,4.5,4.5,1,2,2,2,2,2,0.36,0.44,0.44,0.44,0.44,0.44,,,,,,,,,,,,
69177,New York,00:00.0,00:00.0,06/11/2016,Organic,Bicycle,1.4,1.4,1.4,1.4,1.4,1.4,2,2,2,2,2,2,1.42,1.42,1.42,1.42,1.42,1.42,,,,,,,,,,,,
69179,New York,00:00.0,00:00.0,25/10/2016,Offline,Scooter / Motorcycle,0.6,21,45.9,45.9,96.3,296.5,0,41,98,98,167,554,0,1.95,2.14,2.13,1.73,1.87,,,,,,3,,,,,,0
69192,New York,00:00.0,00:00.0,25/10/2016,Referral,Bicycle,8.5,8.5,8.5,10.5,10.5,10.5,17,17,17,19,19,19,2.01,2.01,2.01,1.81,1.81,1.81,,,,,,,,,,,,
69201,New York,00:00.0,00:00.0,03/11/2016,Organic,Bicycle,14.8,21,40.3,69.6,87.5,96.5,22,33,77,133,171,184,1.49,1.57,1.91,1.91,1.95,1.91,,,,,,,,,,,,
69204,New York,00:00.0,00:00.0,31/10/2016,Digital,Bicycle,8.8,8.8,16.6,16.6,16.6,16.6,10,10,26,26,26,26,1.14,1.14,1.57,1.57,1.57,1.57,,,,,,,,,,,,
69206,New York,00:00.0,00:00.0,28/10/2016,Referral,Bicycle,27.2,47.8,74.5,128.4,128.4,128.4,11,30,43,82,82,82,0.4,0.63,0.58,0.64,0.64,0.64,,,,,,,,,,,,
69212,New York,00:00.0,00:00.0,28/10/2016,Offline,Bicycle,12.2,12.2,12.2,12.2,12.2,12.2,7,7,7,7,7,7,0.58,0.58,0.58,0.58,0.58,0.58,,,,,,,,,,,,
69214,New York,00:00.0,00:00.0,28/10/2016,Offline,Bicycle,25.3,36.1,43.8,43.8,43.8,43.8,29,61,80,80,80,80,1.14,1.69,1.83,1.83,1.83,1.83,,,,,,,,,,,,
69219,New York,00:00.0,00:00.0,28/10/2016,Referral,Scooter / Motorcycle,38.9,65.4,131.6,255.3,389.1,689.1,65,115,254,538,873,1586,1.67,1.76,1.93,2.11,2.24,2.3,,,,,,,,,,,,
69232,New York,00:00.0,00:00.0,25/10/2016,Referral,Bicycle,14.5,24.7,27.5,27.5,27.5,27.5,6,15,15,15,15,15,0.41,0.61,0.55,0.55,0.55,0.55,,,1,1,1,1,,,0,0,0,0
69235,New York,00:00.0,00:00.0,29/10/2016,Organic,Bicycle,26.3,35.5,65.2,131.3,171.4,260.8,19,23,45,113,175,314,0.72,0.65,0.69,0.86,1.02,1.2,,,,,,,,,,,,
69257,New York,00:00.0,00:00.0,28/10/2016,Referral,Bicycle,25,49.1,85.6,207.6,341.8,715.2,52,106,200,473,829,2044,2.08,2.16,2.34,2.28,2.43,2.86,,,,,,1,,,,,,0
69264,New York,00:00.0,00:00.0,25/10/2016,Digital,Bicycle,43.3,61,110.9,170,213.7,213.7,17,22,53,97,116,116,0.39,0.36,0.48,0.57,0.54,0.54,,,,,,,,,,,,
69266,New York,00:00.0,00:00.0,28/10/2016,Referral,Bicycle,12.1,15.1,24.1,24.1,44.3,44.3,10,13,27,27,41,41,0.83,0.86,1.12,1.12,0.93,0.93,,,,,,,,,,,,
69279,New York,00:00.0,00:00.0,30/10/2016,Organic,Bicycle,0.8,0.8,0.8,0.8,0.8,0.8,0,0,0,0,0,0,0,0,0,0,0,0,,,,,,,,,,,,
69285,New York,00:00.0,00:00.0,25/10/2016,Organic,Bicycle,22.2,39.9,44,44,44,44,40,61,70,70,70,70,1.8,1.53,1.59,1.59,1.59,1.59,,,,,,,,,,,,
69295,New York,00:00.0,00:00.0,26/10/2016,Digital,Bicycle,7.4,13.5,25.9,29.1,50.2,50.2,8,16,36,38,67,67,1.08,1.19,1.39,1.3,1.33,1.33,,,,,,,,,,,,
69297,New York,,,24/10/2016,Unknown,Bicycle,14,19.2,20.4,25.4,25.4,25.4,13,16,17,22,22,22,0.93,0.83,0.83,0.87,0.87,0.87,,,,,,,,,,,,
69306,New York,00:00.0,00:00.0,30/10/2016,Digital,Bicycle,0.9,0.9,0.9,0.9,0.9,0.9,0,0,0,0,0,0,0,0,0,0,0,0,,,,,,,,,,,,
69314,New York,00:00.0,00:00.0,27/10/2016,Referral,Scooter / Motorcycle,49.2,79.9,119.2,119.2,119.2,119.2,93,144,197,197,197,197,1.89,1.8,1.65,1.65,1.65,1.65,,,,,,,,,,,,
69315,New York,00:00.0,00:00.0,25/10/2016,Organic,Scooter / Motorcycle,43.4,83.9,106.6,106.6,106.6,106.6,59,96,117,117,117,117,1.36,1.14,1.1,1.1,1.1,1.1,,,1,1,1,1,,,0,0,0,0
69320,New York,00:00.0,00:00.0,25/10/2016,Referral,Bicycle,21.4,46.4,94.6,162.9,174.9,174.9,29,51,118,225,240,240,1.35,1.1,1.25,1.38,1.37,1.37,,,,,,,,,,,,
69321,New York,00:00.0,00:00.0,28/10/2016,Referral,Scooter / Motorcycle,11.1,11.1,11.1,11.1,11.1,11.1,29,29,29,29,29,29,2.6,2.6,2.6,2.6,2.6,2.6,,,,,,,,,,,,
69322,New York,00:00.0,00:00.0,28/10/2016,Referral,Scooter / Motorcycle,53.4,110.5,208.1,319,319,319,94,203,354,540,540,540,1.76,1.84,1.7,1.69,1.69,1.69,,,,,,,,,,,,
69359,Rio de Janeiro,00:00.0,00:00.0,31/10/2016,Organic,Bicycle,9.3,9.3,11.5,17.2,17.2,17.2,22,22,30,48,48,48,2.36,2.36,2.6,2.79,2.79,2.79,,,,,,,,,,,,
69360,Rio de Janeiro,00:00.0,00:00.0,27/10/2016,Organic,Bicycle,4.7,4.7,5.8,5.8,5.8,5.8,5,5,5,5,5,5,1.06,1.06,0.87,0.87,0.87,0.87,,,,,,,,,,,,
69361,Rio de Janeiro,00:00.0,00:00.0,26/10/2016,Digital,Bicycle,19.8,28.4,87.6,162.6,373.7,759.9,44,64,158,310,688,1788,2.22,2.25,1.8,1.91,1.84,2.35,,,,1,1,1,,,,0,0,0
69363,Rio de Janeiro,00:00.0,00:00.0,27/10/2016,Organic,Scooter / Motorcycle,27.6,42.7,60,112.2,112.2,137.3,73,116,167,337,337,409,2.65,2.71,2.78,3,3,2.98,,,,,,,,,,,,
69364,Rio de Janeiro,00:00.0,00:00.0,26/10/2016,Organic,Bicycle,16.7,16.7,16.7,16.7,16.7,16.7,19,19,19,19,19,19,1.13,1.13,1.13,1.13,1.13,1.13,,,,,,,,,,,,
69367,Rio de Janeiro,00:00.0,00:00.0,28/10/2016,Organic,Bicycle,15.4,43.9,77.8,77.8,91.4,191.6,25,66,110,110,135,329,1.63,1.5,1.41,1.41,1.48,1.72,,,,,,1,,,,,,0
69371,Rio de Janeiro,00:00.0,00:00.0,25/10/2016,Organic,Bicycle,28.6,62.8,146.6,278.1,332.6,358.4,68,153,374,710,867,949,2.38,2.44,2.55,2.55,2.61,2.65,,,,,4,4,,,,,0,0
69373,Rio de Janeiro,00:00.0,00:00.0,25/10/2016,Organic,Bicycle,10.5,12.5,12.5,12.5,12.5,12.5,27,33,33,33,33,33,2.58,2.65,2.65,2.65,2.65,2.65,,,,,,,,,,,,
69375,Rio de Janeiro,00:00.0,00:00.0,26/10/2016,Organic,Bicycle,31.8,51.5,89.5,141.7,192.9,308.8,54,96,193,303,429,694,1.7,1.86,2.16,2.14,2.22,2.25,,,,,,1,,,,,,0
69381,Rio de Janeiro,00:00.0,00:00.0,25/10/2016,Organic,Bicycle,27.8,42.1,69,109.7,170.6,408.3,70,104,170,267,408,1056,2.52,2.47,2.46,2.43,2.39,2.59,,,,,,,,,,,,
69384,Rio de Janeiro,00:00.0,00:00.0,26/10/2016,Organic,Bicycle,10.4,13.5,22,32.2,36.2,36.2,22,30,49,69,74,74,2.11,2.23,2.23,2.14,2.04,2.04,,,,,,,,,,,,
69385,Rio de Janeiro,00:00.0,00:00.0,25/10/2016,Organic,Bicycle,11.6,11.6,11.6,11.6,11.6,11.6,29,29,29,29,29,29,2.5,2.5,2.5,2.5,2.5,2.5,1,1,1,1,1,1,0,0,0,0,0,0
69391,Rio de Janeiro,,,26/10/2016,Unknown,Bicycle,17.7,31.8,48.7,67.4,67.4,67.4,55,111,175,238,238,238,3.11,3.49,3.6,3.53,3.53,3.53,,,,,1,1,,,,,0,0
69393,New York,00:00.0,00:00.0,31/10/2016,Referral,Bicycle,29.4,63.8,107.3,195.2,233.7,245.6,61,140,220,328,363,363,2.07,2.19,2.05,1.68,1.55,1.48,,,,,,,,,,,,
69417,New York,00:00.0,00:00.0,01/11/2016,Organic,Scooter / Motorcycle,24.3,47.7,85.1,159,245.4,483.1,17,24,62,166,324,787,0.7,0.5,0.73,1.04,1.32,1.63,1,1,1,1,1,1,1,1,1,1,1,1
69421,New York,00:00.0,00:00.0,30/10/2016,Organic,Bicycle,6.6,9.5,10.4,13,22.3,22.3,6,12,14,18,37,37,0.91,1.27,1.34,1.38,1.66,1.66,,,,,,,,,,,,
69423,New York,00:00.0,00:00.0,26/10/2016,Organic,Bicycle,33,68.5,155.3,329.7,390.2,641.3,69,122,184,339,429,1120,2.09,1.78,1.18,1.03,1.1,1.75,,,,,,,,,,,,
69431,New York,00:00.0,00:00.0,28/10/2016,Referral,Bicycle,28.2,48.9,79,105.9,152.6,234.2,21,42,87,139,219,351,0.74,0.86,1.1,1.31,1.44,1.5,,,,,1,2,,,,,0,1
69464,Rio de Janeiro,00:00.0,00:00.0,26/10/2016,Organic,Bicycle,13.7,33.9,72.6,148.3,189.6,248.3,21,50,128,277,364,504,1.53,1.48,1.76,1.87,1.92,2.03,,,,,,,,,,,,
69466,New York,00:00.0,00:00.0,28/10/2016,Digital,Bicycle,11.1,11.1,39.7,139.2,139.2,174.9,21,21,55,151,151,210,1.9,1.9,1.38,1.08,1.08,1.2,,,,,,,,,,,,
69473,Rio de Janeiro,00:00.0,00:00.0,28/10/2016,Organic,Bicycle,17,17,17,49,64.2,66.5,31,31,31,96,131,136,1.82,1.82,1.82,1.96,2.04,2.05,,,,,,,,,,,,
69477,New York,00:00.0,00:00.0,31/10/2016,Referral,Bicycle,33.1,51.3,88.1,131.6,145.9,145.9,20,34,92,115,132,132,0.6,0.66,1.04,0.87,0.9,0.9,,,,,,,,,,,,
69480,Rio de Janeiro,00:00.0,00:00.0,27/10/2016,Organic,Bicycle,22.5,25.5,29.8,29.8,29.8,29.8,52,55,66,66,66,66,2.31,2.16,2.22,2.22,2.22,2.22,,,,,,,,,,,,
69487,New York,00:00.0,00:00.0,28/10/2016,Digital,Bicycle,11,11,16.4,16.4,16.4,16.4,23,23,36,36,36,36,2.09,2.09,2.2,2.2,2.2,2.2,,,,1,1,1,,,,0,0,0
69491,Rio de Janeiro,00:00.0,00:00.0,28/10/2016,Organic,Bicycle,10.9,22.3,30.3,64.2,101.4,238.4,15,31,41,119,204,574,1.38,1.39,1.36,1.85,2.01,2.41,,,,,2,2,,,,,0,0
69492,Rio de Janeiro,00:00.0,00:00.0,25/10/2016,Organic,Bicycle,24.4,42,42,81.9,81.9,81.9,57,98,98,173,173,173,2.33,2.33,2.33,2.11,2.11,2.11,,,,,,,,,,,,
69494,Rio de Janeiro,00:00.0,00:00.0,26/10/2016,Organic,Bicycle,5.6,5.6,51.9,127.7,235.2,296.7,9,9,102,256,474,621,1.6,1.6,1.96,2,2.02,2.09,,,,,,,,,,,,
69500,Rio de Janeiro,00:00.0,00:00.0,05/03/2017,Referral,Bicycle,0.6,0.6,33.4,55.8,55.8,55.8,1,1,87,146,146,146,1.81,1.81,2.6,2.62,2.62,2.62,,,,,,,,,,,,
69501,Rio de Janeiro,00:00.0,00:00.0,30/10/2016,Organic,Bicycle,18.9,21.1,38.1,53.1,54.4,55.7,40,42,76,114,117,121,2.12,1.99,2,2.15,2.15,2.17,,,,,,,,,,,,
69509,Rio de Janeiro,00:00.0,00:00.0,26/10/2016,Organic,Bicycle,31.8,50.1,90.1,149.2,191.4,288.8,68,112,213,357,454,742,2.14,2.24,2.36,2.39,2.37,2.57,,,,,,,,,,,,
69510,Rio de Janeiro,00:00.0,00:00.0,02/11/2016,Organic,Bicycle,15.8,26.5,47.1,78.3,95.7,212.6,52,92,180,305,381,865,3.29,3.48,3.82,3.9,3.98,4.07,,,,,,,,,,,,
69511,New York,00:00.0,00:00.0,31/10/2016,Digital,Bicycle,13.5,24.6,62.7,87.5,95.6,95.6,16,23,84,121,142,142,1.19,0.93,1.34,1.38,1.49,1.49,,,,,,,,,,,,
69514,Rio de Janeiro,00:00.0,00:00.0,09/11/2016,Organic,Bicycle,5.9,31.6,31.6,62.1,104.8,158.4,11,65,65,135,259,429,1.85,2.05,2.05,2.17,2.47,2.71,,,,,,,,,,,,
69528,New York,00:00.0,00:00.0,28/10/2016,Organic,Bicycle,13.9,15.2,45.2,92.8,140.4,141.7,30,32,97,179,267,270,2.16,2.11,2.15,1.93,1.9,1.91,,,,,,,,,,,,
69533,Rio de Janeiro,00:00.0,00:00.0,26/10/2016,Organic,Bicycle,45.5,82.7,123.7,270.8,310.3,344.6,85,161,250,599,680,761,1.87,1.95,2.02,2.21,2.19,2.21,,,,1,1,1,,,,0,0,0
69536,Rio de Janeiro,00:00.0,00:00.0,02/11/2016,Organic,Bicycle,13.5,13.5,39.1,42.4,42.4,55.9,31,31,76,80,80,107,2.3,2.3,1.94,1.89,1.89,1.92,,1,3,3,3,3,,0,0,0,0,0
69541,New York,00:00.0,00:00.0,02/11/2016,Organic,Bicycle,5.6,8.2,35.2,38.8,38.8,38.8,0,0,13,13,13,13,0,0,0.37,0.34,0.33,0.33,,,,,,,,,,,,
69542,Rio de Janeiro,00:00.0,00:00.0,26/10/2016,Organic,Bicycle,7.9,7.9,7.9,7.9,7.9,7.9,12,12,12,12,12,12,1.52,1.52,1.52,1.52,1.52,1.52,,,,,,,,,,,,
69553,New York,00:00.0,00:00.0,25/10/2016,Organic,Bicycle,19.4,41.6,84.5,174.7,267.3,580.2,14,38,90,232,403,1037,0.72,0.91,1.07,1.33,1.51,1.79,,,,,,,,,,,,
69555,New York,00:00.0,00:00.0,28/10/2016,Digital,Bicycle,19.7,36.2,60.9,116.1,168.2,194.4,21,45,85,200,303,375,1.07,1.24,1.4,1.72,1.8,1.93,,,,,,,,,,,,
69569,New York,00:00.0,00:00.0,31/10/2016,Referral,Bicycle,1.5,1.5,1.5,1.5,1.5,1.5,1,1,1,1,1,1,0.68,0.68,0.68,0.68,0.68,0.68,,,,,,,,,,,,
69570,New York,00:00.0,00:00.0,26/10/2016,Offline,Bicycle,6.1,6.1,6.1,6.1,10,10,9,9,9,9,12,12,1.48,1.48,1.48,1.48,1.21,1.21,,,,,,,,,,,,
69572,Rio de Janeiro,00:00.0,00:00.0,27/10/2016,Organic,Bicycle,36.7,74.2,168.7,331.1,493.5,873,82,182,413,787,1136,1998,2.23,2.45,2.45,2.38,2.3,2.29,,,,,,,,,,,,
69576,Rio de Janeiro,00:00.0,00:00.0,25/10/2016,Organic,Bicycle,15.8,25.7,25.7,25.7,25.7,25.7,24,38,38,38,38,38,1.52,1.48,1.48,1.48,1.48,1.48,,,,,,,,,,,,
69579,Rio de Janeiro,00:00.0,00:00.0,02/11/2016,Organic,Bicycle,5.1,8.6,17.2,39.7,41,41,5,9,18,45,47,47,0.98,1.05,1.05,1.13,1.15,1.15,,,,,,,,,,,,
69582,Rio de Janeiro,00:00.0,00:00.0,26/10/2016,Offline,Bicycle,8,18.1,36.5,48.1,62.9,87.6,13,33,77,97,126,179,1.63,1.82,2.11,2.02,2,2.04,,,,,,,,,,,,
69583,Rio de Janeiro,00:00.0,00:00.0,01/11/2016,Organic,Bicycle,6.2,6.2,6.2,6.2,6.2,6.2,16,16,16,16,16,16,2.57,2.57,2.57,2.57,2.57,2.57,,,,,,,,,,,,
69584,Rio de Janeiro,00:00.0,00:00.0,25/10/2016,Organic,Bicycle,17,19.1,29,32,37.8,43.8,40,47,74,83,99,118,2.35,2.46,2.56,2.59,2.62,2.69,,,,,,,,,,,,
69585,Rio de Janeiro,00:00.0,00:00.0,23/11/2016,Organic,Bicycle,9.7,19.8,34.3,66.8,123.5,351.7,16,38,72,144,273,871,1.64,1.92,2.1,2.16,2.21,2.48,,,,,,,,,,,,
69586,Rio de Janeiro,00:00.0,00:00.0,27/10/2016,Organic,Bicycle,27.3,51.8,92,121.2,121.2,121.2,49,99,196,268,268,268,1.79,1.91,2.13,2.21,2.21,2.21,,,,1,1,1,,,,0,0,0
69588,Rio de Janeiro,00:00.0,00:00.0,26/10/2016,Organic,Bicycle,27,40.7,91.1,199.6,368,604.3,56,89,211,439,787,1443,2.07,2.19,2.32,2.2,2.14,2.39,,,,,,,,,,,,
69589,Rio de Janeiro,00:00.0,00:00.0,26/10/2016,Organic,Bicycle,32.9,65.6,127.7,304.4,487.6,780.1,78,164,326,752,1191,2224,2.37,2.5,2.55,2.47,2.44,2.85,,,,1,1,1,,,,0,0,0
69590,New York,00:00.0,00:00.0,28/10/2016,Organic,Scooter / Motorcycle,71.5,130.5,249.6,474.9,732.7,1483.9,64,119,237,524,853,2022,0.9,0.91,0.95,1.1,1.16,1.36,,,,,,,,,,,,
69593,New York,00:00.0,00:00.0,30/10/2016,Digital,Bicycle,13.8,20.8,46.5,56,56,60,36,58,130,150,150,157,2.6,2.79,2.79,2.68,2.68,2.62,,,,,,,,,,,,
69596,New York,00:00.0,00:00.0,25/10/2016,Organic,Bicycle,10.8,30.4,40.8,73.9,92.2,92.2,3,12,20,37,39,39,0.28,0.39,0.49,0.5,0.42,0.42,,,1,1,1,1,,,0,0,0,0
69597,New York,00:00.0,00:00.0,28/10/2016,Organic,Bicycle,24.6,24.6,24.6,24.6,24.6,24.6,25,25,25,25,25,25,1.01,1.01,1.01,1.01,1.01,1.01,,,,,,,,,,,,
69600,Rio de Janeiro,00:00.0,00:00.0,26/10/2016,Organic,Bicycle,14.7,27.4,42.3,45.7,45.7,45.7,30,60,95,104,104,104,2.04,2.19,2.24,2.28,2.28,2.28,,,,,,,,,,,,
69602,Rio de Janeiro,00:00.0,00:00.0,26/10/2016,Organic,Bicycle,14.4,17.4,51.6,87.9,87.9,91.2,33,38,112,176,176,185,2.29,2.19,2.17,2,2,2.03,,,,,,,,,,,,
69604,Rio de Janeiro,00:00.0,00:00.0,28/10/2016,Organic,Bicycle,6.4,16.7,28.5,28.5,28.5,28.5,5,11,15,15,15,15,0.78,0.66,0.53,0.53,0.53,0.53,,,,,,,,,,,,
69606,Rio de Janeiro,00:00.0,00:00.0,28/10/2016,Organic,Bicycle,1.9,2.5,2.5,2.5,2.5,2.5,5,6,6,6,6,6,2.67,2.36,2.36,2.36,2.36,2.36,,,,,,,,,,,,
69623,New York,00:00.0,00:00.0,27/10/2016,Organic,Bicycle,17.9,17.9,17.9,17.9,17.9,17.9,43,43,43,43,43,43,2.4,2.4,2.4,2.4,2.4,2.4,,,,,,,,,,,,
69624,New York,00:00.0,00:00.0,28/10/2016,Referral,Scooter / Motorcycle,75.2,125,240.2,424.6,640.9,1113.9,141,221,441,839,1369,2736,1.87,1.77,1.84,1.98,2.14,2.46,1,1,2,5,6,11,0,0,1,1,1,2
69628,New York,00:00.0,00:00.0,27/10/2016,Referral,Bicycle,10.2,17.5,21,39.9,48.7,62.1,24,42,50,87,105,136,2.36,2.41,2.39,2.18,2.16,2.19,,,,,,2,,,,,,1
69637,Rio de Janeiro,00:00.0,00:00.0,29/10/2016,Organic,Bicycle,23.7,46.8,102.1,238.3,368.3,723.8,57,112,254,527,790,1652,2.41,2.39,2.49,2.21,2.14,2.28,,,,,,,,,,,,
69638,Rio de Janeiro,00:00.0,00:00.0,27/10/2016,Organic,Bicycle,8,11.8,15.5,26.8,34,53.2,20,29,37,63,78,118,2.5,2.46,2.39,2.35,2.29,2.22,,,,,,,,,,,,
69639,New York,00:00.0,00:00.0,26/10/2016,Referral,Bicycle,16.4,21.7,41.9,73.3,77,99.8,26,27,61,103,109,153,1.59,1.24,1.46,1.41,1.42,1.53,2,2,2,2,2,2,1,1,1,1,1,1
69642,New York,00:00.0,00:00.0,28/10/2016,Referral,Scooter / Motorcycle,29.4,29.4,133.5,336.4,521.6,1003.9,39,39,208,565,929,1872,1.33,1.33,1.56,1.68,1.78,1.86,,,,,,1,,,,,,0
69644,New York,00:00.0,00:00.0,28/10/2016,Referral,Scooter / Motorcycle,56.1,103.7,168.2,327.4,453.7,683.2,83,178,303,690,965,1485,1.48,1.72,1.8,2.11,2.13,2.17,,,,,1,1,,,,,0,0
69645,New York,00:00.0,00:00.0,26/10/2016,Digital,Scooter / Motorcycle,31.6,34.2,34.2,34.2,34.2,34.2,55,60,60,60,60,60,1.74,1.75,1.75,1.75,1.75,1.75,,,,,,,,,,,,
69649,New York,00:00.0,00:00.0,28/10/2016,Referral,Bicycle,11.9,11.9,11.9,11.9,15,15.1,11,11,11,11,19,19,0.93,0.93,0.93,0.93,1.27,1.26,,,,,,,,,,,,
69680,New York,00:00.0,00:00.0,26/10/2016,Referral,Bicycle,8.1,27.6,31.8,81,87.5,89.6,13,27,27,47,49,49,1.6,0.98,0.85,0.58,0.56,0.55,,,,,,,,,,,,
69682,New York,00:00.0,00:00.0,26/10/2016,Organic,Bicycle,17.2,47.8,97.2,137.3,143.5,143.5,15,47,120,141,141,141,0.87,0.98,1.24,1.03,0.98,0.98,,1,1,1,1,1,,0,0,1,1,1
69691,New York,00:00.0,00:00.0,30/10/2016,Organic,Bicycle,6.2,9.1,14.4,22.7,22.7,41.6,9,9,15,24,24,83,1.45,0.99,1.04,1.06,1.06,1.99,,,,,,,,,,,,
69695,New York,00:00.0,00:00.0,02/11/2016,Referral,Bicycle,39.4,68.9,118.6,171.5,237.7,254,28,51,108,192,277,297,0.71,0.74,0.91,1.12,1.17,1.17,,,,,2,3,,,,,0,1
69703,New York,00:00.0,00:00.0,27/10/2016,Referral,Bicycle,0.7,0.7,0.7,0.7,0.7,0.7,0,0,0,0,0,0,0,0,0,0,0,0,,,,,,,,,,,,
69704,New York,00:00.0,00:00.0,27/10/2016,Referral,Bicycle,11.9,19.8,39.3,72.8,108.7,151.1,26,46,92,166,256,375,2.19,2.32,2.34,2.28,2.36,2.48,,,,,,,,,,,,
69705,New York,00:00.0,00:00.0,27/10/2016,Offline,Bicycle,7.9,11,22.5,42.9,56.7,101,22,33,70,130,172,308,2.78,2.99,3.11,3.03,3.04,3.05,,,,,,,,,,,,
69712,New York,00:00.0,00:00.0,27/10/2016,Digital,Bicycle,25.6,37.1,74.8,188.1,325.5,374.9,40,58,91,143,230,315,1.56,1.56,1.22,0.76,0.71,0.84,,,,,,,,,,,,
69714,New York,00:00.0,00:00.0,29/10/2016,Referral,Bicycle,7.7,12.5,18.2,18.2,18.2,18.2,1,3,3,3,3,3,0.13,0.24,0.17,0.17,0.17,0.17,,,,,,,,,,,,
69716,New York,00:00.0,00:00.0,27/10/2016,Organic,Bicycle,19.2,33.3,71.4,158.5,204.5,204.5,36,61,126,219,301,301,1.88,1.83,1.77,1.38,1.47,1.47,,,,1,1,1,,,,0,0,0
69721,New York,00:00.0,00:00.0,28/10/2016,Organic,Bicycle,12.7,15.7,25.6,46,57.2,57.2,23,28,48,91,115,115,1.81,1.78,1.87,1.98,2.01,2.01,,,,,,,,,,,,
69723,New York,00:00.0,00:00.0,01/11/2016,Digital,Bicycle,7.8,15.9,30.6,55.2,80.2,117.1,10,26,59,101,151,235,1.28,1.64,1.93,1.83,1.88,2.01,,,,1,1,1,,,,0,0,0
69726,New York,00:00.0,00:00.0,27/10/2016,Referral,Scooter / Motorcycle,79.6,145.4,267.6,418.5,483.2,756.7,142,277,454,645,723,1026,1.78,1.91,1.7,1.54,1.5,1.36,,,,,,1,,,,,,0
69732,New York,00:00.0,00:00.0,27/10/2016,Referral,Bicycle,2.6,6,7.8,18.1,22.5,34.4,6,12,18,33,38,68,2.34,2.01,2.32,1.83,1.69,1.97,,,,,,,,,,,,
69733,New York,00:00.0,00:00.0,09/11/2016,Digital,Bicycle,5.9,5.9,5.9,5.9,5.9,5.9,13,13,13,13,13,13,2.2,2.2,2.2,2.2,2.2,2.2,,,,,,,,,,,,
69734,New York,00:00.0,00:00.0,26/10/2016,Organic,Bicycle,9.6,22.4,34.5,59.1,114.8,125.7,20,37,69,122,137,139,2.08,1.65,2,2.07,1.19,1.11,,,,2,2,2,,,,1,1,1
69738,New York,00:00.0,00:00.0,08/11/2016,Organic,Bicycle,10.6,17.2,26.7,52.5,52.5,52.5,22,37,60,120,120,120,2.08,2.15,2.25,2.29,2.29,2.29,,,,,,,,,,,,
69743,New York,00:00.0,00:00.0,04/11/2016,Referral,Scooter / Motorcycle,1.5,2,2,2,2,2,2,2,2,2,2,2,1.36,1.02,1.02,1.02,1.02,1.02,,,,,,,,,,,,
69748,New York,00:00.0,00:00.0,27/10/2016,Organic,Bicycle,4.2,4.2,4.2,4.2,4.2,4.2,6,6,6,6,6,6,1.42,1.42,1.42,1.42,1.42,1.42,,,,,,,,,,,,
69756,New York,00:00.0,00:00.0,05/11/2016,Organic,Bicycle,19.4,32.7,36.5,47.3,47.3,56.9,52,88,98,125,125,151,2.67,2.69,2.69,2.64,2.64,2.65,,,,,,1,,,,,,0
69757,New York,00:00.0,00:00.0,27/10/2016,Digital,Bicycle,12.3,12.3,22.7,48.3,67.5,90.6,21,21,46,93,135,206,1.71,1.71,2.02,1.92,2,2.27,,,,,,,,,,,,
69760,New York,00:00.0,00:00.0,31/10/2016,Digital,Bicycle,8.1,18.8,37.7,60,71.4,136.5,11,26,55,88,109,257,1.35,1.38,1.46,1.47,1.53,1.88,,,,,,,,,,,,
69766,New York,00:00.0,00:00.0,01/11/2016,Job Platforms,Bicycle,4.1,5.7,10.4,22.5,25.4,25.4,2,6,15,36,41,41,0.49,1.05,1.45,1.6,1.61,1.61,,,,,,,,,,,,
69768,New York,00:00.0,00:00.0,02/11/2016,Digital,Bicycle,3.4,3.4,3.4,4.4,4.8,4.8,8,8,8,10,10,10,2.33,2.33,2.33,2.3,2.07,2.07,,,,,,,,,,,,
69769,New York,00:00.0,00:00.0,27/10/2016,Organic,Bicycle,18.4,32.3,56.4,91,154.4,154.4,7,18,42,60,113,113,0.38,0.56,0.74,0.66,0.73,0.73,,,,,,,,,,,,
69770,New York,00:00.0,00:00.0,27/10/2016,Organic,Bicycle,9.4,18.7,28.2,28.2,31.7,38.7,20,34,60,60,72,96,2.12,1.81,2.13,2.13,2.27,2.48,,,,,,,,,,,,
69771,New York,00:00.0,00:00.0,30/10/2016,Organic,Bicycle,3,3,3,3,3,3,1,1,1,1,1,1,0.33,0.33,0.33,0.33,0.33,0.33,,,,,,,,,,,,
69775,New York,00:00.0,00:00.0,13/11/2016,Referral,Scooter / Motorcycle,11.6,23.7,45,89.4,124.4,241.4,37,85,166,352,500,945,3.19,3.59,3.69,3.94,4.02,3.92,,,,,,,,,,,,
69776,New York,00:00.0,00:00.0,29/10/2016,Referral,Bicycle,12.8,12.8,12.8,12.8,12.8,12.8,21,21,21,21,21,21,1.65,1.65,1.65,1.65,1.65,1.65,,,,1,1,1,,,,1,1,1
69778,New York,00:00.0,00:00.0,28/10/2016,Referral,Scooter / Motorcycle,64.5,116.7,220.2,429.6,625.3,1344.2,68,103,218,516,804,2112,1.05,0.88,0.99,1.2,1.29,1.57,,,,,,,,,,,,
69779,New York,00:00.0,00:00.0,04/11/2016,Referral,Scooter / Motorcycle,34.7,89.5,144.5,359.2,528.7,957.6,43,120,200,575,906,1913,1.24,1.34,1.38,1.6,1.71,2,,,,,,,,,,,,
69781,New York,00:00.0,00:00.0,28/10/2016,Referral,Bicycle,13.6,20.3,22.8,63.3,94.1,94.1,22,36,40,90,135,135,1.62,1.78,1.75,1.42,1.44,1.44,,,,,,,,,,,,
69782,New York,00:00.0,00:00.0,26/10/2016,Referral,Bicycle,3.3,3.3,3.3,3.3,3.3,3.3,6,6,6,6,6,6,1.8,1.8,1.8,1.8,1.8,1.8,,,,,,,,,,,,
69783,New York,00:00.0,00:00.0,28/10/2016,Digital,Bicycle,27.1,42.4,69.4,72.9,104.3,104.3,29,51,90,97,121,121,1.07,1.2,1.3,1.33,1.16,1.16,,,,,,,,,,,,
69785,New York,00:00.0,00:00.0,28/10/2016,Digital,Bicycle,30.3,30.3,30.3,30.3,30.3,30.3,60,60,60,60,60,60,1.98,1.98,1.98,1.98,1.98,1.98,,,,,,,,,,,,
69786,New York,00:00.0,00:00.0,02/11/2016,Referral,Bicycle,3.8,3.8,16.8,36.6,52.6,87,4,4,31,58,87,151,1.06,1.06,1.85,1.58,1.65,1.74,,,,1,1,2,,,,0,0,0
69787,New York,00:00.0,00:00.0,30/10/2016,Job Platforms,Bicycle,19.5,40.8,87.6,94.2,94.2,94.2,24,35,90,92,92,92,1.23,0.86,1.03,0.98,0.98,0.98,,,,,,,,,,,,
69788,New York,00:00.0,00:00.0,26/10/2016,Offline,Bicycle,3.6,3.6,5.5,6.2,6.2,6.2,3,3,4,6,6,6,0.83,0.83,0.72,0.97,0.96,0.96,,,,,,,,,,,,
69790,New York,00:00.0,00:00.0,28/10/2016,Organic,Bicycle,10.3,22.1,23.9,31.7,36.2,61.9,13,41,43,57,67,127,1.26,1.85,1.8,1.8,1.85,2.05,,,,,,,,,,,,
69791,New York,00:00.0,00:00.0,31/10/2016,Organic,Bicycle,20.5,40.3,70.7,139.9,179.8,236.8,35,65,118,204,267,384,1.71,1.61,1.67,1.46,1.48,1.62,1,1,1,1,1,1,0,0,0,0,0,0
69792,New York,00:00.0,00:00.0,02/11/2016,Digital,Bicycle,8.7,14.3,25.2,28.5,28.5,28.5,18,33,65,74,74,74,2.07,2.31,2.58,2.59,2.59,2.59,,,,,,,,,,,,
69793,New York,00:00.0,00:00.0,02/11/2016,Referral,Bicycle,28.5,51.3,97.2,164.7,228.4,228.4,30,55,138,256,382,382,1.05,1.07,1.42,1.55,1.67,1.67,,,,,,,,,,,,
69837,New York,00:00.0,00:00.0,29/10/2016,Offline,Bicycle,14.6,22.2,31.5,49.9,60.4,60.4,21,35,55,82,100,100,1.44,1.57,1.74,1.64,1.65,1.65,,,,,,,,,,,,
69838,New York,00:00.0,00:00.0,28/10/2016,Offline,Bicycle,27.5,49,62.3,62.3,62.3,62.3,10,33,52,52,52,52,0.36,0.67,0.83,0.83,0.83,0.83,,,,,,,,,,,,
69842,New York,00:00.0,00:00.0,02/11/2016,Digital,Bicycle,6.3,9.5,9.5,9.5,9.5,9.5,11,17,17,17,17,17,1.74,1.79,1.79,1.79,1.79,1.79,,,,,,,,,,,,
69845,New York,00:00.0,00:00.0,31/10/2016,Referral,Bicycle,17.6,22.2,22.2,22.2,22.2,22.2,16,24,24,24,24,24,0.91,1.08,1.08,1.08,1.08,1.08,,,,,,,,,,,,
69849,New York,00:00.0,00:00.0,28/10/2016,Organic,Bicycle,8.1,16.2,16.2,20.7,20.7,20.7,12,25,25,30,30,30,1.49,1.55,1.55,1.45,1.45,1.45,,,,,,,,,,,,
69854,New York,00:00.0,00:00.0,31/10/2016,Digital,Bicycle,12.6,25.9,50.7,50.7,50.7,50.7,23,34,59,59,59,59,1.82,1.31,1.16,1.16,1.16,1.16,,,,,,,,,,,,
69855,New York,00:00.0,00:00.0,02/11/2016,Referral,Bicycle,12.3,20.3,32.1,55.7,76.3,114,6,11,29,54,91,177,0.49,0.54,0.9,0.97,1.19,1.55,,,,,,1,,,,,,1
69859,New York,00:00.0,00:00.0,01/11/2016,Referral,Bicycle,7.8,13,26.9,61.8,96.3,107.2,10,19,41,99,139,157,1.28,1.46,1.52,1.6,1.44,1.46,,,,,2,5,,,,,0,2
69861,New York,00:00.0,00:00.0,02/11/2016,Organic,Bicycle,1.8,1.8,1.8,1.8,1.8,1.8,0,0,0,0,0,0,0,0,0,0,0,0,,,,,,,,,,,,
69864,New York,00:00.0,00:00.0,02/11/2016,Referral,Bicycle,9.6,12.7,21.1,34.7,49.1,99.3,4,4,15,24,50,194,0.41,0.31,0.71,0.69,1.02,1.95,,,,,,1,,,,,,0
69874,New York,00:00.0,00:00.0,01/11/2016,Organic,Bicycle,6.3,6.3,6.3,6.3,6.3,6.3,11,11,11,11,11,11,1.74,1.74,1.74,1.74,1.74,1.74,,,,,,,,,,,,
69877,New York,00:00.0,00:00.0,28/10/2016,Referral,Bicycle,19.4,33,33,33,33,33,29,49,49,49,49,49,1.5,1.48,1.48,1.48,1.48,1.48,,,,,,,,,,,,
69878,New York,00:00.0,00:00.0,28/10/2016,Digital,Bicycle,3,4.2,4.2,4.2,4.2,4.2,2,2,2,2,2,2,0.68,0.47,0.47,0.47,0.47,0.47,,,,,,,,,,,,
69879,New York,00:00.0,00:00.0,28/10/2016,Organic,Bicycle,17.5,20.9,44.3,53.8,53.8,53.8,8,9,42,45,45,45,0.46,0.43,0.95,0.84,0.84,0.84,,,,,,,,,,,,
69880,New York,00:00.0,00:00.0,27/10/2016,Referral,Bicycle,3.3,3.3,3.3,3.3,3.3,3.3,0,0,0,0,0,0,0,0,0,0,0,0,,,,,,,,,,,,
69881,New York,00:00.0,00:00.0,28/10/2016,Digital,Bicycle,39.2,39.2,54.5,64,97.5,131.9,22,22,30,42,94,157,0.56,0.56,0.55,0.66,0.96,1.19,,,,1,1,1,,,,0,0,0
69882,New York,00:00.0,00:00.0,28/10/2016,Organic,Bicycle,9.7,12.9,14.4,14.6,14.6,14.6,17,22,27,27,27,27,1.75,1.7,1.87,1.85,1.85,1.85,,,,,,,,,,,,
69883,New York,00:00.0,00:00.0,30/10/2016,Referral,Bicycle,16.7,24.1,70.2,164.4,202.7,302.2,31,40,82,162,211,323,1.85,1.66,1.17,0.99,1.04,1.07,,2,3,7,7,8,,0,0,2,2,2
69884,New York,00:00.0,00:00.0,27/10/2016,Referral,Bicycle,0.2,0.2,14.1,22.8,54.4,160.2,0,0,18,32,83,368,0,0,1.27,1.4,1.53,2.3,,,,,,,,,,,,
69885,New York,00:00.0,00:00.0,02/11/2016,Referral,Bicycle,2.9,9.3,16.6,17.6,17.6,17.6,3,13,28,30,30,30,1.03,1.4,1.69,1.7,1.7,1.7,,,,,,,,,,,,
69940,New York,00:00.0,00:00.0,06/11/2016,Organic,Bicycle,3,6.1,13.5,16.2,26.6,71.8,0,8,19,19,19,49,0,1.31,1.4,1.17,0.72,0.68,,,,,,2,,,,,,0
69941,New York,00:00.0,00:00.0,28/10/2016,Referral,Bicycle,1.2,1.2,1.2,1.2,1.2,1.2,0,0,0,0,0,0,0,0,0,0,0,0,,,,,,,,,,,,
69963,Rio de Janeiro,00:00.0,00:00.0,04/11/2016,Organic,Bicycle,38.4,75.6,164.3,311.7,473.4,997.8,85,161,340,617,944,1888,2.22,2.13,2.07,1.98,1.99,1.89,,,,,,,,,,,,
69967,Rio de Janeiro,00:00.0,00:00.0,28/10/2016,Organic,Bicycle,20.4,35.8,48.6,107.3,192.7,464.9,63,109,144,332,600,1579,3.08,3.04,2.96,3.09,3.11,3.4,,,1,1,1,3,,,0,0,0,0
69969,Rio de Janeiro,00:00.0,00:00.0,01/11/2016,Organic,Bicycle,9.7,9.7,9.7,9.7,9.7,9.7,18,18,18,18,18,18,1.85,1.85,1.85,1.85,1.85,1.85,,,,,,,,,,,,
69971,Rio de Janeiro,00:00.0,00:00.0,30/10/2016,Organic,Bicycle,29.2,40,64.4,99.6,116.5,207.9,70,95,165,254,307,610,2.39,2.38,2.56,2.55,2.64,2.93,,,,,,,,,,,,
69974,Rio de Janeiro,00:00.0,00:00.0,28/10/2016,Organic,Bicycle,9.7,9.7,9.7,56.5,152.5,162.7,22,22,22,128,348,373,2.27,2.27,2.27,2.27,2.28,2.29,,,,,,,,,,,,
69977,New York,00:00.0,00:00.0,29/10/2016,Referral,Bicycle,18.7,21.5,27.3,39.9,51.6,51.6,17,18,19,32,41,41,0.91,0.84,0.69,0.8,0.79,0.79,,,,,,,,,,,,
69980,Rio de Janeiro,00:00.0,00:00.0,02/11/2016,Organic,Bicycle,9.1,9.1,9.1,48.5,63.5,63.5,18,18,18,105,139,139,1.98,1.98,1.98,2.16,2.19,2.19,,,,,,,,,,,,
69981,Rio de Janeiro,00:00.0,00:00.0,28/10/2016,Organic,Bicycle,11.7,19.4,21.1,21.1,21.1,21.1,28,53,59,59,59,59,2.39,2.74,2.79,2.79,2.79,2.79,,,,,,,,,,,,
69982,Rio de Janeiro,00:00.0,00:00.0,04/11/2016,Organic,Bicycle,22.3,33.9,65.4,155.2,161.1,326.8,43,65,118,294,307,594,1.93,1.92,1.8,1.89,1.91,1.82,,,,,,,,,,,,
69983,Rio de Janeiro,,,29/10/2016,Unknown,Bicycle,18,18,25.6,35.6,35.6,35.6,26,26,37,58,58,58,1.45,1.45,1.44,1.63,1.63,1.63,,,,,,,,,,,,
69984,Rio de Janeiro,00:00.0,00:00.0,28/10/2016,Organic,Bicycle,17.8,26.7,44.6,53.7,55.6,56.9,29,52,100,119,124,127,1.63,1.94,2.24,2.21,2.23,2.23,,,,,,,,,,,,
69986,Rio de Janeiro,00:00.0,00:00.0,29/10/2016,Organic,Bicycle,50.9,78.7,81.3,81.3,81.3,81.3,95,143,146,146,146,146,1.87,1.82,1.8,1.8,1.8,1.8,,,,,,,,,,,,
69987,Rio de Janeiro,00:00.0,00:00.0,28/10/2016,Organic,Scooter / Motorcycle,30.3,30.9,30.9,30.9,30.9,30.9,80,81,81,81,81,81,2.64,2.63,2.63,2.63,2.63,2.63,,,,,,,,,,,,
69988,Rio de Janeiro,00:00.0,00:00.0,28/10/2016,Organic,Bicycle,28.9,40,43.7,43.7,46,60.2,55,84,92,92,96,142,1.9,2.1,2.1,2.1,2.09,2.36,,,,,,,,,,,,
69989,Rio de Janeiro,00:00.0,00:00.0,28/10/2016,Organic,Bicycle,41.5,75.3,95.9,168.9,204.8,204.8,134,241,301,534,634,634,3.23,3.2,3.14,3.16,3.1,3.1,,,,,,,,,,,,
69990,Rio de Janeiro,00:00.0,00:00.0,28/10/2016,Organic,Bicycle,16.3,60.4,144.2,331.9,440.5,564.1,26,111,276,669,851,1148,1.6,1.84,1.91,2.02,1.93,2.04,,,,,,,,,,,,
69992,Rio de Janeiro,,,01/11/2016,Unknown,Bicycle,15.9,19.7,27.4,27.4,43.6,123.7,27,36,57,57,100,319,1.7,1.83,2.08,2.08,2.29,2.58,,,,,,1,,,,,,0
69993,New York,00:00.0,00:00.0,04/11/2016,Digital,Bicycle,35.8,56.1,88.6,106.6,106.6,106.6,107,167,249,292,292,292,2.99,2.98,2.81,2.74,2.74,2.74,,,,,,,,,,,,
69997,New York,00:00.0,00:00.0,05/11/2016,Referral,Bicycle,5.2,13.2,14.1,21.9,21.9,21.9,10,25,25,39,39,39,1.92,1.89,1.77,1.78,1.78,1.78,,,,,,1,,,,,,0
69999,New York,00:00.0,00:00.0,29/10/2016,Digital,Bicycle,18.7,29.8,53.5,88.5,130.2,209.6,25,50,107,189,286,506,1.34,1.68,2,2.14,2.2,2.41,,,,2,2,2,,,,1,1,1
70000,New York,00:00.0,00:00.0,04/11/2016,Organic,Bicycle,26.9,34.8,38.8,38.8,38.8,38.8,29,48,56,56,56,56,1.08,1.38,1.44,1.44,1.44,1.44,,,,,,,,,,,,
70018,New York,00:00.0,00:00.0,28/10/2016,Organic,Scooter / Motorcycle,27.1,43.7,58.9,75.4,75.4,75.4,23,29,39,74,74,74,0.85,0.66,0.66,0.98,0.98,0.98,,,,,,,,,,,,
70031,Rio de Janeiro,00:00.0,00:00.0,29/10/2016,Organic,Scooter / Motorcycle,21.6,27.7,34.6,34.6,34.6,94.6,40,50,68,68,68,244,1.85,1.8,1.97,1.97,1.97,2.58,,,,,,,,,,,,
70032,New York,00:00.0,00:00.0,31/10/2016,Referral,Bicycle,11.8,20.8,34.1,35.6,40.3,40.3,14,21,30,30,33,33,1.18,1.01,0.88,0.84,0.82,0.82,,,,,,,,,,,,
70033,Rio de Janeiro,00:00.0,00:00.0,01/11/2016,Organic,Scooter / Motorcycle,19.4,39.2,64.2,161,236.9,279.6,51,108,188,472,723,860,2.62,2.76,2.93,2.93,3.05,3.08,,,,,,,,,,,,
70034,Rio de Janeiro,00:00.0,00:00.0,28/10/2016,Organic,Bicycle,11.9,22.3,94.7,273,417.2,724.9,19,33,171,607,962,1919,1.6,1.48,1.8,2.22,2.31,2.65,,,,2,2,2,,,,0,0,0
70039,Rio de Janeiro,00:00.0,00:00.0,11/11/2016,Organic,Bicycle,11.9,11.9,47.6,140.6,209.9,351.8,18,18,86,267,418,675,1.51,1.51,1.81,1.9,1.99,1.92,,,,,,,,,,,,
70040,Rio de Janeiro,00:00.0,00:00.0,28/10/2016,Organic,Bicycle,10.5,17.9,20,24.3,24.3,24.3,12,26,30,37,37,37,1.14,1.45,1.5,1.53,1.53,1.53,,,,,,,,,,,,
70044,Rio de Janeiro,00:00.0,00:00.0,29/10/2016,Organic,Bicycle,32.3,65.2,137.4,285.3,287.5,293.2,76,150,317,635,639,650,2.35,2.3,2.31,2.23,2.22,2.22,,,,,,,,,,,,
70045,Rio de Janeiro,00:00.0,00:00.0,08/11/2016,Organic,Bicycle,2.8,6.5,28.2,47.8,53.7,53.7,2,5,36,73,73,73,0.7,0.77,1.28,1.53,1.36,1.36,,,,,,,,,,,,
70051,New York,00:00.0,00:00.0,04/11/2016,Digital,Bicycle,22.7,35.3,76.7,170.6,264.2,327.5,33,58,134,311,515,666,1.46,1.64,1.75,1.82,1.95,2.03,,,,,,,,,,,,
70052,Rio de Janeiro,00:00.0,00:00.0,29/10/2016,Organic,Bicycle,31,65.9,135.6,235.8,257.5,741.5,49,106,231,402,442,1395,1.58,1.61,1.7,1.71,1.72,1.88,,,,,,,,,,,,
70060,Rio de Janeiro,00:00.0,00:00.0,28/10/2016,Organic,Bicycle,5.2,8.7,15.8,18,27.9,54,13,22,39,43,69,145,2.51,2.54,2.47,2.38,2.48,2.68,,,,,,,,,,,,
70067,Rio de Janeiro,00:00.0,00:00.0,19/02/2017,Organic,Bicycle,8.5,8.5,11.2,34.5,63.5,63.5,15,15,17,60,102,102,1.77,1.77,1.52,1.74,1.61,1.61,,,,,,,,,,,,
70069,New York,00:00.0,00:00.0,28/10/2016,Organic,Bicycle,25.8,42.1,80.3,160.7,232,461.6,38,65,146,346,509,1126,1.47,1.54,1.82,2.15,2.19,2.44,,1,1,1,1,1,,0,1,1,1,1
70070,New York,00:00.0,00:00.0,11/11/2016,Referral,Bicycle,6.8,13.7,38.6,75.5,87.3,87.3,8,17,68,155,177,177,1.18,1.24,1.76,2.05,2.03,2.03,,,,,,,,,,,,
70071,Rio de Janeiro,00:00.0,00:00.0,31/10/2016,Organic,Bicycle,21.4,34.2,55.6,101.9,101.9,101.9,19,31,57,118,118,118,0.89,0.91,1.02,1.16,1.16,1.16,,,,,,,,,,,,
70075,Rio de Janeiro,00:00.0,00:00.0,29/10/2016,Organic,Bicycle,21.2,27.3,29,29,29,29,36,47,49,49,49,49,1.7,1.72,1.69,1.69,1.69,1.69,,,,,,,,,,,,
70076,Rio de Janeiro,00:00.0,00:00.0,31/10/2016,Organic,Bicycle,4.3,4.3,4.3,4.3,12,12,6,6,6,6,16,16,1.39,1.39,1.39,1.39,1.34,1.34,,,,,,,,,,,,
70077,Rio de Janeiro,00:00.0,00:00.0,01/11/2016,Organic,Bicycle,13.4,19.5,29.3,46.8,47.8,47.8,39,56,77,120,121,121,2.9,2.87,2.63,2.56,2.53,2.53,1,1,1,1,1,1,0,0,0,0,0,0
70080,Rio de Janeiro,00:00.0,00:00.0,08/11/2016,Organic,Bicycle,17.1,23.1,75.5,104.7,106.2,116.1,49,66,187,241,246,277,2.87,2.86,2.48,2.3,2.32,2.39,,,,1,1,1,,,,0,0,0
70082,Rio de Janeiro,00:00.0,00:00.0,29/10/2016,Organic,Bicycle,12.1,16.1,22.5,36.6,48.7,50.8,19,30,41,71,100,105,1.57,1.86,1.82,1.94,2.05,2.07,,,,,,,,,,,,
70085,New York,00:00.0,00:00.0,29/10/2016,Organic,Bicycle,18.6,18.6,18.6,18.6,18.6,18.6,12,12,12,12,12,12,0.65,0.65,0.65,0.65,0.65,0.65,,,,,,,,,,,,
70086,New York,00:00.0,00:00.0,29/10/2016,Organic,Bicycle,9.6,9.6,9.6,9.6,53.2,93.9,11,11,11,11,85,121,1.15,1.15,1.15,1.15,1.6,1.29,,,,,,,,,,,,
70091,New York,00:00.0,00:00.0,02/11/2016,Organic,Bicycle,15.9,28.7,54.1,93.3,93.3,93.3,34,59,116,207,207,207,2.14,2.06,2.14,2.22,2.22,2.22,,,,,,,,,,,,
70095,New York,00:00.0,00:00.0,29/10/2016,Organic,Bicycle,12.3,12.3,28.3,47.6,53.8,53.8,16,16,39,73,87,87,1.3,1.3,1.38,1.53,1.62,1.62,,,,,,,,,,,,
70097,New York,00:00.0,00:00.0,02/11/2016,Organic,Bicycle,8.9,16.3,28,46.8,66.3,121,10,21,43,72,112,226,1.12,1.29,1.54,1.54,1.69,1.87,,,,,,4,,,,,,1
70101,New York,00:00.0,00:00.0,04/11/2016,Digital,Bicycle,22.6,38.5,69.6,130.4,182.5,226.2,24,46,122,228,339,432,1.06,1.19,1.75,1.75,1.86,1.91,,,,,,,,,,,,
70102,New York,00:00.0,00:00.0,05/11/2016,Organic,Bicycle,7.9,15,30.1,56.9,69.5,69.5,13,27,59,111,133,133,1.65,1.8,1.96,1.95,1.91,1.91,,,,,,,,,,,,
70108,New York,00:00.0,00:00.0,29/10/2016,Referral,Scooter / Motorcycle,41.5,58,58.4,67.8,67.8,67.8,66,96,96,96,96,96,1.59,1.66,1.64,1.42,1.42,1.42,3,4,7,9,9,9,0,0,0,1,1,1
70124,New York,00:00.0,00:00.0,30/10/2016,Organic,Scooter / Motorcycle,80.8,156.8,246.3,469.5,720.8,1321.3,82,123,261,638,1071,1965,1.02,0.78,1.06,1.36,1.49,1.49,,,,,,,,,,,,
70128,Rio de Janeiro,00:00.0,00:00.0,30/10/2016,Organic,Bicycle,21.8,47.4,88.2,92.1,92.1,92.1,35,68,123,128,128,128,1.6,1.43,1.39,1.39,1.39,1.39,,,,,,,,,,,,
70130,Rio de Janeiro,00:00.0,00:00.0,01/11/2016,Digital,Bicycle,23.6,28.6,43.2,86.5,87.8,87.8,41,48,78,179,181,181,1.74,1.68,1.81,2.07,2.06,2.06,,,,3,3,3,,,,0,0,0
70139,New York,00:00.0,00:00.0,12/11/2016,Digital,Bicycle,10.1,12.7,12.7,12.7,12.7,12.7,11,12,12,12,12,12,1.09,0.95,0.95,0.95,0.95,0.95,,,,,,,,,,,,
70147,New York,00:00.0,00:00.0,04/11/2016,Offline,Scooter / Motorcycle,1.7,1.7,1.7,13.6,59.4,351.5,1,1,1,23,119,827,0.59,0.59,0.59,1.69,2,2.35,,,,,,,,,,,,
70148,New York,00:00.0,00:00.0,01/11/2016,Organic,Bicycle,18.2,39.7,50.9,51,51,51,32,58,71,71,71,71,1.75,1.46,1.39,1.39,1.39,1.39,,,,,,,,,,,,
70151,New York,00:00.0,00:00.0,01/11/2016,Referral,Bicycle,3.9,3.9,3.9,3.9,3.9,3.9,4,4,4,4,4,4,1.03,1.03,1.03,1.03,1.03,1.03,,,,,,,,,,,,
70157,New York,00:00.0,00:00.0,05/11/2016,Referral,Scooter / Motorcycle,44.3,86.1,158.3,308.5,425.7,816.5,76,143,303,589,821,1837,1.71,1.66,1.91,1.91,1.93,2.25,,,,,,3,,,,,,0
70158,New York,00:00.0,00:00.0,28/10/2016,Offline,Bicycle,12.5,18.3,32.1,37.1,37.1,37.1,24,33,61,73,73,73,1.92,1.81,1.9,1.97,1.97,1.97,,,,,,,,,,,,
70165,New York,00:00.0,00:00.0,04/11/2016,Referral,Scooter / Motorcycle,14.6,16.4,18.9,39.4,49.4,124.6,36,41,48,109,137,357,2.46,2.5,2.54,2.77,2.78,2.87,,,,1,1,1,,,,0,0,0
70171,New York,00:00.0,00:00.0,04/11/2016,Referral,Scooter / Motorcycle,38.5,60,60,60,60,60,61,110,110,110,110,110,1.58,1.83,1.83,1.83,1.83,1.83,,,,1,1,1,,,,0,0,0
70175,New York,00:00.0,00:00.0,06/11/2016,Organic,Bicycle,19.1,30.5,36.2,36.2,36.2,36.2,33,57,71,71,71,71,1.73,1.87,1.96,1.96,1.96,1.96,,,,,,,,,,,,
70181,New York,00:00.0,00:00.0,29/10/2016,Organic,Scooter / Motorcycle,36.1,71.5,131.7,250,348.2,626.1,59,147,280,562,831,1529,1.63,2.06,2.13,2.25,2.39,2.44,,,,,,1,,,,,,1
70182,New York,00:00.0,00:00.0,01/11/2016,Digital,Bicycle,17.1,29.7,36.6,36.6,36.6,36.6,14,26,33,33,33,33,0.82,0.88,0.9,0.9,0.9,0.9,,,,,,,,,,,,
70184,New York,00:00.0,00:00.0,05/11/2016,Digital,Scooter / Motorcycle,46.9,89.2,173,337.9,509.5,944.4,56,125,264,526,802,1423,1.19,1.4,1.53,1.56,1.57,1.51,,,1,1,1,1,,,0,0,0,0
70185,New York,00:00.0,00:00.0,09/11/2016,Referral,Bicycle,13,20.8,36.6,60,80.3,144.6,11,17,41,63,82,202,0.84,0.82,1.12,1.05,1.02,1.4,,,,,,,,,,,,
70186,New York,00:00.0,00:00.0,07/11/2016,Digital,Bicycle,17,26.8,33.9,91.4,150.8,285.7,35,63,78,122,217,406,2.06,2.35,2.3,1.33,1.44,1.42,,,,,,1,,,,,,0
70187,New York,00:00.0,00:00.0,04/11/2016,Organic,Bicycle,7.1,7.1,7.1,7.1,7.1,7.1,6,6,6,6,6,6,0.85,0.85,0.85,0.85,0.85,0.85,,,,,,,,,,,,
70188,New York,00:00.0,00:00.0,29/10/2016,Digital,Bicycle,1.9,1.9,7.4,7.4,7.4,7.4,0,0,6,6,6,6,0,0,0.81,0.81,0.81,0.81,,,,,,,,,,,,
70189,New York,00:00.0,00:00.0,02/11/2016,Referral,Bicycle,9.3,31.5,63.8,63.9,63.9,63.9,14,64,150,150,150,150,1.5,2.03,2.35,2.35,2.35,2.35,1,1,1,1,1,1,0,0,0,1,1,1
70191,New York,00:00.0,00:00.0,03/11/2016,Digital,Bicycle,1.7,3.3,3.3,3.3,3.3,3.3,3,5,5,5,5,5,1.74,1.53,1.53,1.53,1.53,1.53,,,,,,,,,,,,
70192,New York,00:00.0,00:00.0,04/11/2016,Organic,Bicycle,52.4,95.7,184.3,285.8,382.2,603.7,51,96,182,311,498,970,0.97,1,0.99,1.09,1.3,1.61,1,1,1,1,10,13,0,0,0,0,0,0
70193,New York,00:00.0,00:00.0,08/11/2016,Organic,Bicycle,11,22.2,42.4,51.7,61.6,121.9,10,24,48,60,73,162,0.91,1.08,1.13,1.16,1.19,1.33,,,,,,,,,,,,
70194,New York,00:00.0,00:00.0,29/10/2016,Referral,Bicycle,18.5,18.5,18.5,18.5,18.5,18.5,26,26,26,26,26,26,1.41,1.41,1.41,1.41,1.41,1.41,,,,,,,,,,,,
70241,Rio de Janeiro,00:00.0,00:00.0,01/11/2016,Organic,Bicycle,29.2,47.3,47.3,69.8,77.8,110,73,121,121,193,212,303,2.5,2.56,2.56,2.76,2.73,2.75,,,,,,,,,,,,
70242,Rio de Janeiro,00:00.0,00:00.0,30/10/2016,Organic,Bicycle,24.6,67,157.2,256.4,287.7,287.7,69,175,398,650,737,737,2.81,2.61,2.53,2.54,2.56,2.56,,,,,,,,,,,,
70243,Rio de Janeiro,00:00.0,00:00.0,29/10/2016,Organic,Bicycle,17.6,26.1,49.4,89.7,152.7,228.3,40,60,112,199,375,584,2.27,2.3,2.27,2.22,2.46,2.56,,,,,1,2,,,,,0,0
70244,Rio de Janeiro,00:00.0,00:00.0,02/11/2016,Organic,Bicycle,4.1,4.1,4.1,4.1,4.1,4.1,5,5,5,5,5,5,1.22,1.22,1.22,1.22,1.22,1.22,,,,,,,,,,,,
70245,Rio de Janeiro,00:00.0,00:00.0,01/11/2016,Organic,Bicycle,12.2,17.5,35.9,125.8,179,204.2,25,35,74,286,425,478,2.06,2,2.06,2.27,2.37,2.34,,,,,,,,,,,,
70246,Rio de Janeiro,00:00.0,00:00.0,05/11/2016,Organic,Bicycle,11.9,20.6,20.6,25.3,73.3,91.8,24,45,45,56,174,218,2.02,2.18,2.18,2.21,2.38,2.37,,,,,,,,,,,,
70247,Rio de Janeiro,00:00.0,00:00.0,01/11/2016,Organic,Bicycle,25.3,45.5,59,59,59,71.8,53,105,139,139,139,173,2.09,2.31,2.36,2.36,2.36,2.41,,,,,1,1,,,,,0,0
70248,Rio de Janeiro,00:00.0,00:00.0,29/10/2016,Referral,Bicycle,40.7,74.4,140.5,228,306.4,618.8,93,162,330,541,759,1618,2.28,2.18,2.35,2.37,2.48,2.61,,,,,,2,,,,,,0
70249,Rio de Janeiro,00:00.0,00:00.0,01/11/2016,Referral,Bicycle,28.3,40.8,83,159,189.9,225,53,80,180,363,444,555,1.87,1.96,2.17,2.28,2.34,2.47,,,,,,,,,,,,
70250,Rio de Janeiro,00:00.0,00:00.0,04/11/2016,Organic,Bicycle,8.5,14.8,31.3,38.2,85.3,145.2,24,41,87,106,231,407,2.83,2.77,2.78,2.77,2.71,2.8,,,,,,,,,,,,
70251,Rio de Janeiro,00:00.0,00:00.0,30/10/2016,Organic,Bicycle,14,24.5,65.4,125.3,133.5,133.5,22,28,93,178,184,184,1.58,1.14,1.42,1.42,1.38,1.38,,,,,,,,,,,,
70252,Rio de Janeiro,00:00.0,00:00.0,01/11/2016,Organic,Bicycle,9.7,16.5,32.8,61.5,78.8,161.9,24,44,86,152,198,456,2.48,2.66,2.62,2.47,2.51,2.82,,,,,,1,,,,,,0
70254,Rio de Janeiro,00:00.0,00:00.0,30/10/2016,Organic,Bicycle,28.1,48.9,82.2,167.7,268.3,448.8,54,84,148,281,428,773,1.92,1.72,1.8,1.68,1.6,1.72,,,,,,,,,,,,
70255,Rio de Janeiro,00:00.0,00:00.0,31/10/2016,Organic,Bicycle,10.2,19,25.9,32.4,32.4,32.4,18,37,57,76,76,76,1.76,1.94,2.2,2.35,2.35,2.35,,,,,,,,,,,,
70365,New York,00:00.0,00:00.0,04/11/2016,Referral,Scooter / Motorcycle,46.1,86.9,124.2,223.8,318.5,553.1,89,197,281,527,758,1395,1.93,2.27,2.26,2.35,2.38,2.52,,,,,,,,,,,,
70368,Rio de Janeiro,00:00.0,00:00.0,30/10/2016,Referral,Bicycle,6.3,12.3,12.3,13.5,18.4,18.4,14,26,26,27,38,38,2.23,2.11,2.11,2,2.07,2.07,,,,,,,,,,,,
70369,Rio de Janeiro,00:00.0,00:00.0,01/11/2016,Organic,Bicycle,22,36.3,54.1,77.1,77.1,77.1,57,94,140,187,187,187,2.59,2.59,2.59,2.43,2.43,2.43,,,,,,,,,,,,
70370,Rio de Janeiro,00:00.0,00:00.0,05/11/2016,Organic,Bicycle,20,36.7,87.6,179.4,202.9,244.4,49,98,218,467,523,652,2.45,2.67,2.49,2.6,2.58,2.67,,,,,,,,,,,,
70373,Rio de Janeiro,00:00.0,00:00.0,31/10/2016,Organic,Bicycle,13.2,20.7,37.2,42.2,42.2,42.2,38,56,100,108,108,108,2.88,2.7,2.69,2.56,2.56,2.56,,,,,,,,,,,,
70374,New York,,,09/11/2016,Unknown,Bicycle,31.3,37,49.5,67,99.9,143.7,38,45,56,77,124,206,1.21,1.22,1.13,1.15,1.24,1.43,,,,,,,,,,,,
70375,Rio de Janeiro,00:00.0,00:00.0,01/11/2016,Organic,Bicycle,32.2,53.1,58.6,58.6,58.6,71.6,34,67,71,71,71,98,1.06,1.26,1.21,1.21,1.21,1.37,,,,,,,,,,,,
70377,Rio de Janeiro,00:00.0,00:00.0,31/10/2016,Organic,Bicycle,20.5,38,42.6,53.2,56.7,84.7,53,101,115,142,149,203,2.58,2.66,2.7,2.67,2.63,2.4,,,,,,,,,,,,
70378,Rio de Janeiro,00:00.0,00:00.0,30/10/2016,Organic,Bicycle,10.7,30,58.5,147,214.7,310.4,30,75,135,287,386,562,2.81,2.5,2.31,1.95,1.8,1.81,,,,,,,,,,,,
70379,Rio de Janeiro,00:00.0,00:00.0,07/12/2016,Organic,Bicycle,12.6,17.4,17.4,17.4,48.3,54.9,15,21,21,21,92,105,1.19,1.21,1.21,1.21,1.9,1.91,,,,,,,,,,,,
70381,Rio de Janeiro,00:00.0,00:00.0,02/11/2016,Organic,Bicycle,20.3,34.8,64.5,100.1,163.3,198.9,33,58,113,182,309,399,1.62,1.67,1.75,1.82,1.89,2.01,,,,,,1,,,,,,0
70382,Rio de Janeiro,00:00.0,00:00.0,09/11/2016,Organic,Bicycle,7.7,20.2,38.4,38.4,38.4,38.4,19,41,68,68,68,68,2.48,2.03,1.77,1.77,1.77,1.77,,,,,,,,,,,,
70384,New York,00:00.0,00:00.0,30/10/2016,Digital,Bicycle,25.8,34.6,34.6,34.6,34.6,34.6,58,77,77,77,77,77,2.25,2.23,2.23,2.23,2.23,2.23,,,,,,,,,,,,
70385,Rio de Janeiro,00:00.0,00:00.0,30/10/2016,Referral,Bicycle,46.6,82.4,145,258.2,373.2,601.3,90,160,291,537,808,1398,1.93,1.94,2.01,2.08,2.17,2.32,,3,3,3,3,3,,0,2,2,2,2
70386,Rio de Janeiro,00:00.0,00:00.0,02/11/2016,Organic,Bicycle,29.9,29.9,29.9,68.3,124.1,243.9,49,49,49,107,192,415,1.64,1.64,1.64,1.57,1.55,1.7,,,,,,,,,,,,
70387,New York,00:00.0,00:00.0,04/11/2016,Organic,Bicycle,18.5,33.6,67.3,87.3,87.3,87.3,20,40,67,86,86,86,1.08,1.19,1,0.98,0.98,0.98,2,2,2,2,2,2,1,1,1,1,1,1
70388,Rio de Janeiro,00:00.0,00:00.0,30/10/2016,Organic,Bicycle,13.3,13.3,13.3,13.3,13.3,13.3,29,29,29,29,29,29,2.19,2.19,2.19,2.19,2.19,2.19,,,,,,,,,,,,
70389,Rio de Janeiro,,,10/11/2016,Organic,Bicycle,39.7,64.4,108.6,191.6,300.5,647,64,112,177,315,526,1356,1.61,1.74,1.63,1.64,1.75,2.1,,,,,,,,,,,,
70391,Rio de Janeiro,00:00.0,00:00.0,03/11/2016,Organic,Bicycle,3.9,3.9,3.9,7.9,53,168.8,7,7,7,15,123,375,1.78,1.78,1.78,1.9,2.32,2.22,,,,,,,,,,,,
70392,Rio de Janeiro,00:00.0,00:00.0,31/10/2016,Organic,Bicycle,3.7,6.5,10.9,14.3,14.3,27.5,7,11,21,28,28,50,1.91,1.69,1.92,1.96,1.96,1.82,,,,,,,,,,,,
70404,New York,00:00.0,00:00.0,08/11/2016,Digital,Bicycle,17.5,17.5,18.4,22.6,22.6,22.6,41,41,41,44,44,44,2.34,2.34,2.22,1.95,1.95,1.95,,,,,,,,,,,,
70408,New York,00:00.0,00:00.0,31/10/2016,Referral,Bicycle,20,27.9,38.7,53.3,59.9,59.9,26,33,50,80,94,94,1.3,1.18,1.29,1.5,1.57,1.57,,,,,,,,,,,,
70412,New York,00:00.0,00:00.0,29/10/2016,Organic,Bicycle,24.3,51.5,66.7,66.7,66.7,66.7,24,46,53,53,53,53,0.99,0.89,0.79,0.79,0.79,0.79,,,,,,,,,,,,
70421,New York,00:00.0,00:00.0,06/11/2016,Organic,Bicycle,6.5,9.8,12.9,16.4,16.4,16.4,9,13,18,23,23,23,1.38,1.32,1.39,1.4,1.4,1.4,,,,,,,,,,,,
70437,New York,00:00.0,00:00.0,01/11/2016,Digital,Bicycle,35.4,73.8,109.4,195.6,216.8,217,22,34,56,140,173,173,0.62,0.46,0.51,0.72,0.8,0.8,,,,,,,,,,,,
70444,Rio de Janeiro,00:00.0,00:00.0,30/10/2016,Organic,Scooter / Motorcycle,43.1,67.1,96.5,138.1,301.5,629.9,69,102,156,247,478,1213,1.6,1.52,1.62,1.79,1.59,1.93,,,,,,,,,,,,
70445,Rio de Janeiro,00:00.0,00:00.0,02/11/2016,Organic,Bicycle,4.3,4.3,27.1,67.1,71,71,6,6,40,102,110,110,1.38,1.38,1.48,1.52,1.55,1.55,,,,,,,,,,,,
70446,Rio de Janeiro,00:00.0,00:00.0,03/11/2016,Organic,Bicycle,9.4,15.3,27.1,48.6,78.5,144.4,26,42,74,142,229,441,2.77,2.75,2.73,2.92,2.92,3.05,,,,,1,1,,,,,0,0
70448,Rio de Janeiro,00:00.0,00:00.0,29/11/2016,Organic,Bicycle,3.9,3.9,7.8,10.6,10.6,10.6,6,6,12,18,18,18,1.55,1.55,1.55,1.7,1.7,1.7,,,,,,,,,,,,
70449,Rio de Janeiro,00:00.0,00:00.0,31/10/2016,Organic,Bicycle,19.9,22.7,22.7,22.7,22.7,22.7,48,54,54,54,54,54,2.41,2.38,2.38,2.38,2.38,2.38,,,,,,,,,,,,
70451,Rio de Janeiro,00:00.0,00:00.0,21/11/2016,Organic,Bicycle,5.6,5.6,5.6,5.6,5.6,5.6,12,12,12,12,12,12,2.13,2.13,2.13,2.13,2.13,2.13,,,,,,,,,,,,
70454,Rio de Janeiro,00:00.0,00:00.0,02/11/2016,Organic,Bicycle,1.3,1.3,1.3,10.8,13.4,46.3,1,1,1,20,27,85,0.74,0.74,0.74,1.84,2.02,1.83,,,,,,,,,,,,
70455,Rio de Janeiro,00:00.0,00:00.0,30/10/2016,Organic,Bicycle,19.9,34.6,62.5,125.7,152,183.4,25,53,113,235,294,367,1.26,1.53,1.81,1.87,1.93,2,,,,,,,,,,,,
70458,Rio de Janeiro,00:00.0,00:00.0,31/10/2016,Organic,Bicycle,23.2,39.9,57.7,69.7,71.3,77.8,44,70,113,146,147,158,1.89,1.75,1.96,2.09,2.06,2.03,,,,1,1,1,,,,0,0,0
70460,Rio de Janeiro,00:00.0,00:00.0,14/11/2016,Organic,Bicycle,21.3,45.6,93.3,158.1,199.5,308.9,38,87,170,278,353,574,1.78,1.91,1.82,1.76,1.77,1.86,,,,,,1,,,,,,0
70461,Rio de Janeiro,00:00.0,00:00.0,02/11/2016,Organic,Bicycle,20.1,38.4,41.2,41.2,44,49.1,33,72,78,78,84,95,1.64,1.88,1.89,1.89,1.91,1.94,,,,,,,,,,,,
70471,Rio de Janeiro,00:00.0,00:00.0,30/10/2016,Organic,Bicycle,12.6,25.6,56.6,97.9,138.6,305.1,21,42,94,176,251,672,1.67,1.64,1.66,1.8,1.81,2.2,,1,1,1,1,1,,0,0,0,0,0
70476,New York,00:00.0,00:00.0,04/11/2016,Digital,Bicycle,66.5,112.7,182.3,311.2,317.5,317.5,23,41,79,179,182,182,0.35,0.36,0.43,0.58,0.57,0.57,,,,,,,,,,,,
70486,New York,00:00.0,00:00.0,04/11/2016,Organic,Scooter / Motorcycle,32.2,51.5,128.9,261.6,383.9,612.7,54,97,312,633,971,1628,1.68,1.88,2.42,2.42,2.53,2.66,,,,,1,1,,,,,0,0
70488,New York,00:00.0,00:00.0,04/11/2016,Referral,Scooter / Motorcycle,11.6,17.7,56.9,90.3,100.5,120.1,25,39,145,223,244,290,2.15,2.21,2.55,2.47,2.43,2.42,,,,,,,,,,,,
70490,New York,00:00.0,00:00.0,08/11/2016,Referral,Bicycle,3.5,3.5,3.5,3.5,3.5,3.5,1,1,1,1,1,1,0.29,0.29,0.29,0.29,0.29,0.29,,,,,,,,,,,,
70492,New York,00:00.0,00:00.0,30/10/2016,Organic,Bicycle,31.2,56.7,104.9,194.4,263.4,281.9,65,123,225,388,517,545,2.09,2.17,2.14,2,1.96,1.93,,,,,,,,,,,,
70495,New York,00:00.0,00:00.0,04/11/2016,Digital,Bicycle,11,21.5,42.8,77.9,133.2,236.4,12,22,32,32,32,105,1.09,1.02,0.75,0.41,0.24,0.44,,,,,,,,,,,,
70502,New York,00:00.0,00:00.0,05/11/2016,Referral,Bicycle,17,28.1,33.7,65.7,79.5,131.7,11,25,26,67,95,218,0.65,0.89,0.77,1.02,1.19,1.66,,,,,,,,,,,,
70506,New York,00:00.0,00:00.0,04/11/2016,Referral,Scooter / Motorcycle,56.2,89.7,182.8,346.4,475.4,585.4,94,157,366,754,1031,1343,1.67,1.75,2,2.18,2.17,2.29,,,,,,,,,,,,
70508,Rio de Janeiro,00:00.0,00:00.0,07/11/2016,Organic,Bicycle,2.3,2.3,2.3,2.3,2.3,2.3,6,6,6,6,6,6,2.65,2.65,2.65,2.65,2.65,2.65,,,,,,,,,,,,
70510,New York,00:00.0,00:00.0,01/11/2016,Organic,Bicycle,3.1,3.1,3.1,3.1,3.1,3.1,4,4,4,4,4,4,1.29,1.29,1.29,1.29,1.29,1.29,,,,,,,,,,,,
70513,Rio de Janeiro,00:00.0,00:00.0,01/11/2016,Organic,Bicycle,18.1,46.5,56.2,85.2,101.3,128.1,39,97,119,167,210,268,2.15,2.09,2.12,1.96,2.07,2.09,,,,,,,,,,,,
70516,New York,00:00.0,00:00.0,10/11/2016,Organic,Bicycle,6.8,8.7,9.4,9.4,9.4,10.5,10,13,13,13,13,13,1.46,1.5,1.39,1.39,1.38,1.23,,,,,,,,,,,,
70517,New York,00:00.0,00:00.0,30/10/2016,Referral,Scooter / Motorcycle,47.7,81.8,135.6,237.3,333.6,602.5,95,162,291,521,778,1516,1.99,1.98,2.15,2.2,2.33,2.52,,,,,1,2,,,,,0,0
70521,New York,00:00.0,00:00.0,20/12/2016,Referral,Bicycle,3.9,10.4,17.7,26.1,26.1,30.1,6,16,26,35,35,36,1.53,1.53,1.47,1.34,1.34,1.19,,,,,,,,,,,,
70523,New York,00:00.0,00:00.0,05/11/2016,Organic,Bicycle,14.9,29.5,56.6,98.2,119.5,182.1,13,23,51,134,177,295,0.87,0.78,0.9,1.36,1.48,1.62,,,,,,,,,,,,
70527,New York,00:00.0,00:00.0,11/11/2016,Referral,Bicycle,47.2,66.8,97.7,210.2,242.7,291.4,44,67,107,196,243,320,0.93,1,1.1,0.93,1,1.1,,,2,2,3,3,,,0,0,0,0
70528,New York,00:00.0,00:00.0,22/11/2016,Organic,Bicycle,8.2,15,27.1,56.6,86,178.1,13,20,36,64,104,279,1.58,1.33,1.33,1.13,1.21,1.57,,,,,,,,,,,,
70537,New York,00:00.0,00:00.0,31/10/2016,Referral,Bicycle,19.8,35.3,66.3,73.7,73.7,73.7,51,80,159,176,176,176,2.58,2.27,2.4,2.39,2.39,2.39,,,,,,,,,,,,
70544,New York,00:00.0,00:00.0,04/11/2016,Digital,Bicycle,1,1,1,1,1,1,0,0,0,0,0,0,0,0,0,0,0,0,,,,,,,,,,,,
70546,New York,00:00.0,00:00.0,03/11/2016,Digital,Bicycle,10.5,10.5,18.8,33.3,33.3,33.3,9,9,17,31,31,31,0.86,0.86,0.9,0.93,0.93,0.93,,,,,,,,,,,,
70547,New York,00:00.0,00:00.0,29/10/2016,Organic,Bicycle,4.5,21.6,41.9,75.2,82.7,82.7,2,17,38,56,71,71,0.44,0.79,0.91,0.74,0.86,0.86,,,,,,,,,,,,
70548,New York,00:00.0,00:00.0,30/10/2016,Digital,Scooter / Motorcycle,25.6,48.5,101.9,232.5,342.8,894.6,33,66,178,468,735,1884,1.29,1.36,1.75,2.01,2.14,2.11,,,,,,,,,,,,
70549,New York,00:00.0,00:00.0,29/10/2016,Referral,Scooter / Motorcycle,3.7,19.9,86,155.1,256.2,460.4,5,26,144,288,508,972,1.36,1.31,1.67,1.86,1.98,2.11,,,1,1,1,1,,,0,1,1,1
70553,New York,00:00.0,00:00.0,16/11/2016,Referral,Bicycle,17,32.5,69.9,103.5,103.5,103.5,23,49,100,150,150,150,1.36,1.51,1.43,1.45,1.45,1.45,1,1,1,1,1,1,1,1,1,1,1,1
70554,New York,00:00.0,00:00.0,29/10/2016,Organic,Bicycle,12.5,18.7,39.1,88.7,99.6,135.2,13,22,39,60,69,123,1.04,1.18,1,0.68,0.69,0.91,,2,2,2,2,2,,0,1,1,1,1
70556,New York,00:00.0,00:00.0,05/11/2016,Referral,Bicycle,12.5,23.3,41,62.5,62.5,62.5,25,47,85,124,124,124,2.01,2.01,2.08,1.98,1.98,1.98,,1,1,1,1,2,,0,0,0,0,0
70557,New York,00:00.0,00:00.0,03/01/2017,Referral,Bicycle,68.8,93.6,93.6,93.6,93.6,93.6,47,66,66,66,66,66,0.68,0.7,0.7,0.7,0.7,0.7,,,,,,,,,,,,
70558,New York,00:00.0,00:00.0,31/10/2016,Referral,Bicycle,13.3,19.1,22,36.2,37.4,37.4,39,55,61,114,117,117,2.93,2.88,2.77,3.15,3.13,3.13,,,,,,,,,,,,
70560,New York,00:00.0,00:00.0,31/10/2016,Organic,Bicycle,5,5,5,5,5,5,6,6,6,6,6,6,1.21,1.21,1.21,1.21,1.21,1.21,,,,,,,,,,,,
70624,Rio de Janeiro,00:00.0,00:00.0,22/12/2016,Organic,Bicycle,4.9,8.3,14.5,25.4,33.6,33.6,8,15,30,54,67,67,1.63,1.8,2.06,2.13,1.99,1.99,,,,,,,,,,,,
70626,Rio de Janeiro,00:00.0,00:00.0,31/10/2016,Organic,Bicycle,11,14.6,14.6,14.6,14.6,14.6,18,21,21,21,21,21,1.64,1.44,1.44,1.44,1.44,1.44,,,,,,,,,,,,
70627,Rio de Janeiro,00:00.0,00:00.0,02/11/2016,Referral,Bicycle,15.1,19.7,57.4,128.3,131.6,131.6,21,32,85,212,220,220,1.4,1.62,1.48,1.65,1.67,1.67,,,,,,,,,,,,
70628,Rio de Janeiro,00:00.0,00:00.0,02/11/2016,Organic,Bicycle,10.6,19.7,24.4,30.1,30.1,30.1,22,44,55,66,66,66,2.08,2.24,2.25,2.19,2.19,2.19,,,,,,,,,,,,
70630,Rio de Janeiro,00:00.0,00:00.0,02/11/2016,Organic,Bicycle,15.3,25.9,48.2,95.6,154.6,234.9,17,32,60,119,225,392,1.11,1.23,1.24,1.24,1.46,1.67,,,,,,,,,,,,
70648,Cape Town,00:00.0,00:00.0,01/11/2016,Offline,Bicycle,19.6,34.8,62,86.1,90.8,136.3,38,70,132,182,188,290,1.94,2.01,2.13,2.11,2.07,2.13,,,,1,1,2,,,,0,1,1
70652,Cape Town,00:00.0,00:00.0,04/11/2016,Organic,Motor Vehicle,9.7,14.8,34.2,39.5,39.5,104.7,20,28,61,69,69,195,2.06,1.89,1.79,1.75,1.75,1.86,,,,,,,,,,,,
70657,Cape Town,00:00.0,00:00.0,01/11/2016,Digital,Bicycle,8.4,8.4,22.1,55.3,83.9,161.9,20,20,63,147,237,499,2.37,2.37,2.85,2.66,2.83,3.08,,,,,,,,,,,,
70660,Cape Town,00:00.0,00:00.0,30/10/2016,Digital,Bicycle,22.7,49.2,97.2,189.9,262.4,441.6,45,102,205,439,651,1179,1.98,2.07,2.11,2.31,2.48,2.67,,,,,,,,,,,,
70661,Cape Town,00:00.0,00:00.0,31/10/2016,Organic,Bicycle,25.6,47.7,91.4,144.3,172.3,379.4,51,117,224,331,396,937,1.99,2.45,2.45,2.29,2.3,2.47,,,,,,,,,,,,
70662,Cape Town,00:00.0,00:00.0,30/10/2016,Organic,Bicycle,29.8,45,45,45,73,234.8,72,113,113,113,176,541,2.42,2.51,2.51,2.51,2.41,2.3,,,,,,,,,,,,
70663,Cape Town,00:00.0,00:00.0,14/11/2016,Organic,Bicycle,18.3,33.8,45.5,76,111.9,219.8,36,73,95,164,250,491,1.97,2.16,2.09,2.16,2.23,2.23,,,,,,2,,,,,,0
70666,Cape Town,00:00.0,00:00.0,02/11/2016,Organic,Bicycle,17.7,21.4,34.1,56.3,77.2,169.7,37,45,74,125,169,380,2.09,2.11,2.17,2.22,2.19,2.24,,,,,,,,,,,,
70668,Cape Town,00:00.0,00:00.0,31/10/2016,Digital,Bicycle,26.9,31.7,66.6,135.4,208.6,243.4,44,51,119,240,380,452,1.63,1.61,1.79,1.77,1.82,1.86,,,,,,1,,,,,,0
70671,Cape Town,00:00.0,00:00.0,30/10/2016,Organic,Bicycle,3.3,3.3,13.1,89.2,128.4,182.5,9,9,34,140,212,343,2.72,2.72,2.59,1.57,1.65,1.88,,,,,,,,,,,,
70686,Cape Town,00:00.0,00:00.0,13/11/2016,Organic,Motor Vehicle,87.2,156.2,286.3,522.8,749.2,1396.1,187,333,612,1129,1676,3281,2.14,2.13,2.14,2.16,2.24,2.35,,,,,,,,,,,,
70688,Rio de Janeiro,00:00.0,00:00.0,03/11/2016,Organic,Bicycle,43.1,59.3,120.3,134,134,134,96,135,298,336,336,336,2.23,2.28,2.48,2.51,2.51,2.51,,,,,,,,,,,,
70689,Rio de Janeiro,00:00.0,00:00.0,04/11/2016,Organic,Bicycle,16.7,27,63.1,145.7,147.6,147.6,26,41,93,248,251,251,1.56,1.52,1.47,1.7,1.7,1.7,,,,,,,,,,,,
70690,Rio de Janeiro,00:00.0,00:00.0,31/10/2016,Organic,Bicycle,25.7,43.6,50,50,50,50,61,106,126,126,126,126,2.37,2.43,2.52,2.52,2.52,2.52,,,,,,,,,,,,
70696,Rio de Janeiro,,,31/10/2016,Organic,Bicycle,20.2,34.3,37.4,74.9,108.6,139.7,50,77,84,179,253,333,2.48,2.24,2.25,2.39,2.33,2.38,,,,,,,,,,,,
70702,New York,00:00.0,00:00.0,05/11/2016,Referral,Scooter / Motorcycle,19.6,41.1,70.8,129.6,140.3,217.4,50,116,181,299,321,503,2.55,2.83,2.56,2.31,2.29,2.31,,,3,3,3,3,,,0,0,0,0
70759,New York,00:00.0,00:00.0,30/10/2016,Organic,Bicycle,8.8,16.6,72.8,107.3,107.3,107.3,8,14,61,91,91,91,0.91,0.84,0.84,0.85,0.85,0.85,,,,,,,,,,,,
70767,New York,00:00.0,00:00.0,05/11/2016,Referral,Bicycle,16.5,46.3,70.8,134.7,191.7,225.6,39,95,141,227,319,375,2.37,2.05,1.99,1.68,1.66,1.66,,,1,1,2,5,,,0,0,0,0
70777,New York,00:00.0,00:00.0,31/10/2016,Referral,Bicycle,11.7,18.9,18.9,43.9,66,70.3,14,14,14,26,33,39,1.19,0.74,0.74,0.59,0.5,0.55,,,,,,,,,,,,
70784,New York,00:00.0,00:00.0,05/11/2016,Organic,Bicycle,14.3,22.7,34.7,43.4,43.4,43.4,44,63,98,113,113,113,3.07,2.78,2.83,2.6,2.6,2.6,,,,,,,,,,,,
70795,Rio de Janeiro,00:00.0,00:00.0,22/11/2016,Organic,Bicycle,21.4,28.7,41.7,76.2,82.5,82.5,47,62,108,199,213,213,2.19,2.16,2.59,2.61,2.58,2.58,,,,,,,,,,,,
70797,Cape Town,00:00.0,00:00.0,01/11/2016,Organic,Motor Vehicle,25,50.1,90.5,157.8,225.3,434.1,45,107,202,343,518,1044,1.8,2.14,2.23,2.17,2.3,2.4,,,,,,,,,,,,
70798,Cape Town,00:00.0,00:00.0,02/11/2016,Organic,Bicycle,22.4,36,74.5,136.7,180.6,365.3,43,71,153,257,335,710,1.92,1.97,2.05,1.88,1.85,1.94,,,,,,,,,,,,
70799,Cape Town,00:00.0,00:00.0,02/11/2016,Referral,Bicycle,27.6,42.3,89.9,161.6,219,267.7,50,80,177,310,423,532,1.81,1.89,1.97,1.92,1.93,1.99,,,,,,,,,,,,
70800,Cape Town,00:00.0,00:00.0,06/11/2016,Organic,Bicycle,12.7,26,53.8,112.5,137.9,176.2,23,48,108,197,235,315,1.81,1.85,2.01,1.75,1.7,1.79,,,,,,,,,,,,
70801,Cape Town,00:00.0,00:00.0,01/11/2016,Organic,Bicycle,28.1,57.7,98.9,199.7,262.4,455.7,49,105,178,351,475,846,1.74,1.82,1.8,1.76,1.81,1.86,,,,,,,,,,,,
70802,Cape Town,00:00.0,00:00.0,01/11/2016,Organic,Bicycle,28.5,41.3,71.2,135.3,194,377.9,50,78,139,270,388,727,1.76,1.89,1.95,2,2,1.92,,,,,,1,,,,,,0
70803,Rio de Janeiro,00:00.0,00:00.0,03/11/2016,Organic,Bicycle,2.8,2.8,34,219.8,222.6,222.6,5,5,62,374,379,379,1.78,1.78,1.82,1.7,1.7,1.7,,,,,,,,,,,,
70804,Cape Town,00:00.0,00:00.0,02/11/2016,Organic,Bicycle,31.3,49.8,91.2,150.4,227.9,436.9,57,98,188,282,450,874,1.82,1.97,2.06,1.87,1.97,2,,,,,,,,,,,,
70805,Rio de Janeiro,00:00.0,00:00.0,22/11/2016,Organic,Scooter / Motorcycle,7.1,22.5,22.5,22.5,84.7,250.5,20,60,60,60,232,604,2.83,2.67,2.67,2.67,2.74,2.41,,1,1,1,1,1,,0,0,0,0,0
70806,New York,00:00.0,00:00.0,30/10/2016,Referral,Bicycle,19.1,38.3,54.1,54.1,54.1,54.1,7,13,22,22,22,22,0.37,0.34,0.41,0.41,0.41,0.41,,,,,1,1,,,,,0,0
70807,Rio de Janeiro,00:00.0,00:00.0,31/10/2016,Organic,Bicycle,12.1,13.6,17.8,24.2,25.1,28.1,22,25,31,43,43,45,1.82,1.83,1.74,1.77,1.71,1.6,,,,,,,,,,,,
70811,Rio de Janeiro,00:00.0,00:00.0,09/12/2016,Organic,Scooter / Motorcycle,10.3,17.1,33,69.2,90.3,190.5,28,51,98,205,273,583,2.72,2.99,2.97,2.96,3.02,3.06,,,,,,,,,,,,
70813,Rio de Janeiro,00:00.0,00:00.0,31/10/2016,Organic,Bicycle,30.2,56.7,56.7,56.7,56.7,59.5,61,110,110,110,110,114,2.02,1.94,1.94,1.94,1.94,1.91,,,,,,,,,,,,
70814,New York,00:00.0,00:00.0,02/11/2016,Digital,Bicycle,25.5,36.1,39,42.1,42.1,42.1,42,48,55,60,60,60,1.65,1.33,1.41,1.43,1.43,1.43,,,,,,,,,,,,
70815,Rio de Janeiro,00:00.0,00:00.0,31/10/2016,Digital,Bicycle,19.6,19.6,19.6,19.6,19.6,19.6,26,26,26,26,26,26,1.33,1.33,1.33,1.33,1.33,1.33,,,,,,,,,,,,
70819,Rio de Janeiro,00:00.0,00:00.0,03/11/2016,Organic,Bicycle,3.6,3.6,8.4,8.4,8.4,8.4,6,6,15,15,15,15,1.65,1.65,1.79,1.79,1.79,1.79,,,,,,,,,,,,
70821,Rio de Janeiro,00:00.0,00:00.0,07/11/2016,Organic,Bicycle,10.8,32.7,64.5,130.8,168.3,172.3,27,82,138,289,376,390,2.5,2.5,2.14,2.21,2.23,2.26,,,,,,,,,,,,
70822,Rio de Janeiro,00:00.0,00:00.0,27/11/2016,Organic,Bicycle,7.6,7.6,15.5,20.9,22.8,27.1,11,11,30,39,44,54,1.45,1.45,1.93,1.87,1.93,2,,,,,,,,,,,,
70823,Rio de Janeiro,00:00.0,00:00.0,01/11/2016,Organic,Bicycle,7.5,13,21.2,29.6,44.7,66.8,7,15,28,48,79,127,0.94,1.15,1.32,1.62,1.77,1.9,,,,,,1,,,,,,0
70825,New York,00:00.0,00:00.0,04/11/2016,Referral,Scooter / Motorcycle,11.9,13.4,19.3,21.9,21.9,21.9,23,25,35,41,41,41,1.93,1.86,1.82,1.87,1.87,1.87,,,,,,,,,,,,
70832,New York,00:00.0,00:00.0,05/11/2016,Digital,Scooter / Motorcycle,30.5,61.5,103.5,168.1,240.3,386,26,46,88,178,285,501,0.85,0.75,0.85,1.06,1.19,1.3,,,,,,,,,,,,
70838,New York,00:00.0,00:00.0,04/11/2016,Digital,Bicycle,13.9,24.2,50.4,64.7,64.7,64.7,17,27,34,34,34,34,1.22,1.12,0.67,0.53,0.53,0.53,,,,,,,,,,,,
70842,New York,00:00.0,00:00.0,06/11/2016,Digital,Bicycle,11.6,12.1,25.1,29.6,29.6,29.6,17,17,23,23,23,23,1.47,1.41,0.92,0.78,0.78,0.78,,,,,,,,,,,,
70859,New York,00:00.0,00:00.0,04/11/2016,Referral,Scooter / Motorcycle,41.3,77.5,151.1,225.8,341.8,439.5,60,130,256,395,613,869,1.45,1.68,1.69,1.75,1.79,1.98,,,,,,,,,,,,
70866,New York,00:00.0,00:00.0,04/11/2016,Offline,Scooter / Motorcycle,56.3,108.2,179.5,345.6,502.9,903.5,120,225,389,796,1178,2235,2.13,2.08,2.17,2.3,2.34,2.47,,,,,,,,,,,,
70867,New York,00:00.0,00:00.0,01/11/2016,Referral,Bicycle,8.8,12.1,25.3,40.8,50.9,50.9,12,16,38,67,74,74,1.36,1.32,1.5,1.64,1.45,1.45,,1,1,1,1,1,,0,0,1,1,1
70872,New York,00:00.0,00:00.0,30/10/2016,Digital,Bicycle,7.1,31.3,64.8,125.1,171.6,171.6,12,59,135,225,267,267,1.69,1.88,2.08,1.8,1.56,1.56,,,,,,,,,,,,
70883,New York,00:00.0,00:00.0,04/11/2016,Offline,Bicycle,12.9,12.9,22.4,28,28,53.5,20,20,31,46,46,82,1.55,1.55,1.39,1.64,1.64,1.53,,,,,,3,,,,,,1
70887,Rio de Janeiro,00:00.0,00:00.0,31/10/2016,Referral,Bicycle,31.4,56.4,98.4,163.2,169.2,197.7,66,126,241,399,415,494,2.1,2.23,2.45,2.44,2.45,2.5,,,,,1,3,,,,,0,0
70889,Rio de Janeiro,00:00.0,00:00.0,31/10/2016,Organic,Bicycle,19.4,23.4,36.7,40.8,40.8,94.8,31,37,67,73,73,188,1.6,1.58,1.83,1.79,1.79,1.98,,,,,,,,,,,,
70900,Rio de Janeiro,00:00.0,00:00.0,31/10/2016,Organic,Bicycle,32.9,49.2,100.2,148.5,198.4,533.5,67,105,227,341,469,1557,2.04,2.13,2.27,2.3,2.36,2.92,,,,,,,,,,,,
70902,Rio de Janeiro,00:00.0,00:00.0,03/11/2016,Organic,Bicycle,34,48.4,94.4,164.9,225.8,311.3,61,89,193,338,468,665,1.79,1.84,2.04,2.05,2.07,2.14,,,,,,,,,,,,
70906,New York,00:00.0,00:00.0,04/11/2016,Digital,Bicycle,30.9,35.8,62.6,141.8,267.8,267.8,45,55,117,166,234,234,1.46,1.54,1.87,1.17,0.87,0.87,,,,,,,,,,,,
70918,New York,00:00.0,00:00.0,05/11/2016,Organic,Bicycle,32.9,32.9,32.9,32.9,32.9,32.9,35,35,35,35,35,35,1.06,1.06,1.06,1.06,1.06,1.06,,,,,,,,,,,,
70948,New York,00:00.0,00:00.0,30/10/2016,Organic,Bicycle,19.8,19.8,19.8,19.8,19.8,19.8,51,51,51,51,51,51,2.58,2.58,2.58,2.58,2.58,2.58,,,,,,,,,,,,
70953,New York,00:00.0,00:00.0,04/11/2016,Organic,Bicycle,16.6,40.1,76.5,146.6,181.9,209.4,22,49,112,224,280,354,1.33,1.22,1.46,1.53,1.54,1.69,1,1,1,1,1,1,0,0,0,1,1,1
70958,New York,00:00.0,00:00.0,04/11/2016,Offline,Bicycle,24.8,32,62.6,65.9,74,74,69,89,157,161,178,178,2.79,2.78,2.51,2.44,2.41,2.41,,,,,,,,,,,,
70966,New York,00:00.0,00:00.0,31/10/2016,Job Platforms,Bicycle,13.9,20.4,25.1,95.9,95.9,95.9,10,12,18,84,84,84,0.72,0.59,0.72,0.88,0.88,0.88,,,,,,,,,,,,
70968,New York,00:00.0,00:00.0,02/11/2016,Organic,Bicycle,4.2,4.2,17.5,17.5,17.5,17.5,3,3,23,23,23,23,0.71,0.71,1.31,1.31,1.31,1.31,,,,,,,,,,,,
70971,New York,00:00.0,00:00.0,04/11/2016,Digital,Bicycle,20.7,34.6,73.8,73.8,73.8,73.8,8,18,20,20,20,20,0.39,0.52,0.27,0.27,0.27,0.27,,,,,,,,,,,,
70973,New York,00:00.0,00:00.0,05/11/2016,Offline,Bicycle,9.1,17.9,24.2,24.2,24.2,24.2,17,38,56,56,56,56,1.88,2.12,2.31,2.31,2.31,2.31,,,,,,,,,,,,
70975,New York,00:00.0,00:00.0,02/11/2016,Referral,Bicycle,7.8,14.4,26.8,50.4,61,61,12,22,52,113,147,147,1.55,1.53,1.94,2.24,2.41,2.41,,,,,,,,,,,,
70978,New York,00:00.0,00:00.0,31/10/2016,Digital,Scooter / Motorcycle,47.2,78.6,78.6,78.6,78.6,78.6,68,103,103,103,103,103,1.44,1.31,1.31,1.31,1.31,1.31,,,,,,,,,,,,
70982,New York,00:00.0,00:00.0,31/10/2016,Digital,Bicycle,7.4,13.9,13.9,17.1,17.1,17.1,5,9,9,11,11,11,0.68,0.65,0.65,0.64,0.64,0.64,,,,,,,,,,,,
70984,New York,00:00.0,00:00.0,31/10/2016,Organic,Bicycle,37.8,67.6,100.7,129.2,192.1,248.8,58,82,133,184,294,400,1.53,1.21,1.32,1.42,1.53,1.61,,,,,2,2,,,,,0,0
70985,New York,00:00.0,00:00.0,31/10/2016,Organic,Scooter / Motorcycle,20.5,38,123.3,345.8,537.6,1071.1,14,31,133,338,550,1287,0.68,0.82,1.08,0.98,1.02,1.2,,,,,,,,,,,,
70990,New York,,00:00.0,04/11/2016,Organic,Scooter / Motorcycle,53.4,105.3,197.6,367.3,471.2,699.6,67,107,227,599,867,1417,1.26,1.02,1.15,1.63,1.84,2.03,,1,1,1,1,1,,0,0,0,0,0
71000,New York,00:00.0,00:00.0,04/11/2016,Referral,Bicycle,29.2,55,80.9,203.3,306.9,633.2,38,75,114,281,457,1100,1.3,1.36,1.41,1.38,1.49,1.74,,,,,,,,,,,,
71006,New York,00:00.0,00:00.0,01/11/2016,Organic,Scooter / Motorcycle,42.1,75.1,142.3,246.2,351.6,585.6,75,130,275,499,786,1361,1.78,1.73,1.93,2.03,2.24,2.32,,,,,,,,,,,,
71007,New York,00:00.0,00:00.0,31/10/2016,Offline,Bicycle,12.3,15.5,15.5,15.5,15.5,15.5,26,32,32,32,32,32,2.12,2.06,2.06,2.06,2.06,2.06,,,,,,,,,,,,
71171,Rio de Janeiro,00:00.0,00:00.0,31/10/2016,Organic,Bicycle,9.5,17.3,26.9,52.9,78.7,89.8,24,46,72,147,220,252,2.53,2.65,2.68,2.78,2.8,2.81,,,,,,,,,,,,
71183,Rio de Janeiro,00:00.0,00:00.0,02/11/2016,Organic,Bicycle,7.5,19.3,47.5,47.5,47.5,47.5,14,41,104,104,104,104,1.87,2.12,2.19,2.19,2.19,2.19,,,,,,,,,,,,
71185,Cape Town,,,03/11/2016,Unknown,Motor Vehicle,26.3,47.7,90.4,90.4,90.4,90.4,65,112,210,210,210,210,2.47,2.35,2.32,2.32,2.32,2.32,,,,,,,,,,,,
71189,Rio de Janeiro,00:00.0,00:00.0,04/11/2016,Organic,Bicycle,20.1,24.8,40.1,69.7,76.5,76.5,31,38,67,121,133,133,1.54,1.53,1.67,1.74,1.74,1.74,,,,,,,,,,,,
71190,Cape Town,00:00.0,00:00.0,02/11/2016,Organic,Bicycle,22.5,39.1,72.9,127.7,127.7,127.7,44,83,164,283,283,283,1.96,2.12,2.25,2.22,2.22,2.22,,,,,,,,,,,,
71195,Rio de Janeiro,00:00.0,00:00.0,02/11/2016,Organic,Bicycle,10.4,12.2,12.2,12.2,12.2,12.2,8,12,12,12,12,12,0.77,0.99,0.99,0.99,0.99,0.99,,,,,,,,,,,,
71196,Cape Town,,,07/11/2016,Unknown,Bicycle,16.7,31.1,52,68.7,68.7,68.7,25,43,67,85,85,85,1.49,1.38,1.29,1.24,1.24,1.24,,,,,,,,,,,,
71198,Cape Town,00:00.0,00:00.0,01/11/2016,Organic,Motor Vehicle,43.1,77.7,134.9,192.7,297.4,639.1,67,138,246,357,575,1260,1.56,1.78,1.82,1.85,1.93,1.97,,,,,,,,,,,,
71200,Cape Town,00:00.0,00:00.0,01/11/2016,Organic,Motor Vehicle,80.7,129.4,243.7,434.6,607.1,1142.9,109,180,353,587,839,1758,1.35,1.39,1.45,1.35,1.38,1.54,,,,,,,,,,,,
71205,Cape Town,00:00.0,00:00.0,08/11/2016,Organic,Bicycle,17.5,39.7,72,123.4,156.1,196,19,42,83,141,182,249,1.09,1.06,1.15,1.14,1.17,1.27,,,,,,,,,,,,
71210,Cape Town,00:00.0,00:00.0,02/11/2016,Digital,Bicycle,22.9,41.9,81.1,113.3,113.3,113.3,24,48,97,139,139,139,1.05,1.15,1.2,1.23,1.23,1.23,,,,,,,,,,,,
71215,Cape Town,00:00.0,00:00.0,01/11/2016,Organic,Bicycle,10.4,10.4,30.9,129.2,206.8,250.3,14,14,44,118,164,188,1.34,1.34,1.43,0.91,0.79,0.75,,,,,,,,,,,,
71218,Cape Town,,,01/11/2016,Unknown,Bicycle,41,70.9,91.2,93.2,93.2,93.2,72,123,149,150,150,150,1.76,1.73,1.63,1.61,1.61,1.61,,,,,,,,,,,,
71225,Cape Town,00:00.0,00:00.0,01/11/2016,Organic,Bicycle,24,35.1,63.6,71.5,71.5,71.5,36,55,93,102,102,102,1.5,1.57,1.46,1.43,1.43,1.43,,,,,,,,,,,,
71228,Cape Town,00:00.0,00:00.0,31/10/2016,Referral,Bicycle,31.5,61.7,104.9,197.4,282.5,550.4,71,151,260,428,609,1133,2.25,2.45,2.48,2.17,2.16,2.06,,,,,,,,,,,,
71232,Cape Town,00:00.0,00:00.0,02/11/2016,Organic,Bicycle,18.7,34.4,61.3,101.3,155.4,215.2,38,71,133,214,329,462,2.03,2.06,2.17,2.11,2.12,2.15,,,,,,,,,,,,
71236,Cape Town,00:00.0,00:00.0,02/11/2016,Organic,Motor Vehicle,34,50.8,73.4,142.1,200.6,233.3,57,88,125,240,339,393,1.68,1.73,1.7,1.69,1.69,1.68,,,,,,,,,,,,
71238,Cape Town,00:00.0,00:00.0,01/11/2016,Organic,Bicycle,27.5,56.1,102.9,221.2,332.1,598.9,53,119,230,481,752,1441,1.93,2.12,2.24,2.17,2.26,2.41,,,,,,,,,,,,
71249,Rio de Janeiro,00:00.0,00:00.0,01/11/2016,Organic,Bicycle,29.7,71.6,86.4,162.7,246.6,421.2,42,124,159,325,558,1161,1.41,1.73,1.84,2,2.26,2.76,,,,1,3,6,,,,0,0,1
71253,Rio de Janeiro,00:00.0,00:00.0,01/11/2016,Organic,Bicycle,17.1,45.9,137.3,219,300.1,300.1,35,97,309,537,765,765,2.05,2.11,2.25,2.45,2.55,2.55,,,,,,1,,,,,,0
71259,Rio de Janeiro,00:00.0,00:00.0,31/10/2016,Organic,Bicycle,6.6,6.6,6.6,6.6,6.6,6.6,9,9,9,9,9,9,1.36,1.36,1.36,1.36,1.36,1.36,,,,,,,,,,,,
71283,New York,00:00.0,00:00.0,03/11/2016,Digital,Bicycle,23.2,36.8,69.3,103.9,132.3,184.8,50,73,139,204,280,416,2.16,1.98,2,1.96,2.12,2.25,,,,,,,,,,,,
71286,New York,00:00.0,00:00.0,04/11/2016,Referral,Scooter / Motorcycle,56.9,107.5,202.4,359.4,418.4,418.4,54,93,221,513,612,612,0.95,0.86,1.09,1.43,1.46,1.46,,,,,,,,,,,,
71287,New York,00:00.0,00:00.0,07/11/2016,Digital,Bicycle,5.6,9.8,22.6,42.3,53.8,111.1,14,25,47,93,123,280,2.48,2.56,2.08,2.2,2.29,2.52,,,,,1,1,,,,,0,0
71290,New York,00:00.0,00:00.0,04/11/2016,Organic,Bicycle,16,28.8,53.4,97,144.6,267,33,66,128,229,382,749,2.06,2.3,2.4,2.36,2.64,2.81,,,,,,1,,,,,,0
71292,New York,00:00.0,00:00.0,04/11/2016,Referral,Bicycle,6,6,6,6,6,6,10,10,10,10,10,10,1.68,1.68,1.68,1.68,1.68,1.68,,,,,,,,,,,,
71294,New York,00:00.0,00:00.0,04/11/2016,Digital,Bicycle,9.8,9.8,17.6,25.4,25.4,25.4,7,7,11,25,25,25,0.71,0.71,0.63,0.98,0.98,0.98,,,,,,,,,,,,
71318,Rio de Janeiro,00:00.0,00:00.0,01/11/2016,Organic,Bicycle,48.6,92.5,197.1,430.5,651.3,1218,117,225,483,1029,1535,3058,2.41,2.43,2.45,2.39,2.36,2.51,,,,,,,,,,,,
71319,New York,00:00.0,00:00.0,01/11/2016,Offline,Bicycle,17.6,27.3,28,49.9,55.7,55.7,24,39,41,77,89,89,1.37,1.43,1.47,1.54,1.6,1.6,,,,,,,,,,,,
71320,Rio de Janeiro,00:00.0,00:00.0,02/11/2016,Organic,Bicycle,17.2,27,45.9,109.3,167.1,167.1,40,61,116,293,444,444,2.33,2.26,2.53,2.68,2.66,2.66,,1,1,1,1,1,,0,0,1,1,1
71321,Rio de Janeiro,00:00.0,00:00.0,03/11/2016,Organic,Bicycle,6.1,9.1,14.1,25.4,31.4,43.2,13,20,31,58,69,105,2.12,2.19,2.2,2.29,2.2,2.43,,,,,,,,,,,,
71323,Rio de Janeiro,00:00.0,00:00.0,03/11/2016,Organic,Bicycle,15,22.3,42.1,60.5,115.8,149.6,38,59,116,162,301,410,2.54,2.65,2.76,2.68,2.6,2.74,,,,,,,,,,,,
71325,Rio de Janeiro,00:00.0,00:00.0,01/11/2016,Organic,Bicycle,29.7,29.7,34.5,34.5,34.5,34.5,42,42,45,45,45,45,1.41,1.41,1.31,1.31,1.31,1.31,,,,,,,,,,,,
71326,Rio de Janeiro,00:00.0,00:00.0,01/11/2016,Organic,Bicycle,33.3,53.2,103.7,170.9,252.1,609,111,185,342,526,703,1725,3.34,3.48,3.3,3.08,2.79,2.83,,,,,,,,,,,,
71344,New York,00:00.0,00:00.0,04/11/2016,Referral,Bicycle,25.8,53.9,108.6,164.6,164.6,164.6,15,38,78,125,125,125,0.58,0.71,0.72,0.76,0.76,0.76,1,1,1,1,1,1,0,0,0,0,0,0
71348,New York,00:00.0,00:00.0,05/11/2016,Organic,Bicycle,3,3,3,3,3,3,0,0,0,0,0,0,0,0,0,0,0,0,,,,,,,,,,,,
71349,Rio de Janeiro,00:00.0,00:00.0,02/11/2016,Organic,Bicycle,5.3,5.3,11.4,11.4,11.4,11.4,10,10,19,19,19,19,1.88,1.88,1.66,1.66,1.66,1.66,,,,,,,,,,,,
71350,New York,00:00.0,00:00.0,04/11/2016,Organic,Bicycle,31.8,53,102.6,324.5,491.6,1015,28,46,110,464,792,1796,0.88,0.87,1.07,1.43,1.61,1.77,,,,,,,,,,,,
71351,New York,00:00.0,00:00.0,04/11/2016,Referral,Bicycle,24.6,36,64.1,65.5,65.5,65.5,64,94,172,172,172,172,2.6,2.61,2.69,2.63,2.63,2.63,,,,,,,,,,,,
71352,Rio de Janeiro,00:00.0,00:00.0,01/11/2016,Organic,Bicycle,16.3,34.5,43.9,79.1,128.7,134.9,39,75,101,196,315,330,2.39,2.17,2.3,2.48,2.45,2.45,,,,,,,,,,,,
71354,New York,00:00.0,00:00.0,15/11/2016,Digital,Scooter / Motorcycle,26,36.1,36.1,41.2,60.7,102.3,64,96,96,106,146,279,2.47,2.66,2.66,2.57,2.41,2.73,,,,,,,,,,,,
71355,New York,00:00.0,00:00.0,04/11/2016,Referral,Scooter / Motorcycle,82.3,150,236.9,421.7,421.7,469.8,92,170,285,548,548,678,1.12,1.13,1.2,1.3,1.3,1.44,,,,,,,,,,,,
71357,New York,00:00.0,00:00.0,05/11/2016,Organic,Bicycle,16.2,25.6,38,92,102.3,102.3,26,30,40,137,161,161,1.6,1.17,1.05,1.49,1.57,1.57,,,,,,,,,,,,
71358,Rio de Janeiro,00:00.0,00:00.0,03/11/2016,Organic,Bicycle,22.2,33.1,50,52,52,52,40,63,91,96,96,96,1.8,1.9,1.82,1.85,1.85,1.85,,,,,,,,,,,,
71361,Rio de Janeiro,00:00.0,00:00.0,03/11/2016,Organic,Bicycle,26.7,38.2,72.4,96.4,124.1,256.5,61,95,176,252,337,762,2.29,2.48,2.43,2.61,2.72,2.97,,,,,,,,,,,,
71362,Rio de Janeiro,00:00.0,00:00.0,01/11/2016,Organic,Bicycle,18.9,40.2,65.8,143.7,219.1,318,34,81,144,343,565,895,1.8,2.02,2.19,2.39,2.58,2.81,,,,,,,,,,,,
71363,New York,00:00.0,00:00.0,04/11/2016,Digital,Bicycle,18.7,25.2,35.2,35.2,35.2,35.2,34,41,54,54,54,54,1.82,1.63,1.53,1.53,1.53,1.53,,,,,,,,,,,,
71364,Rio de Janeiro,00:00.0,00:00.0,01/11/2016,Organic,Bicycle,21.6,43.3,62.5,81.8,81.8,81.8,48,96,132,174,174,174,2.22,2.22,2.11,2.13,2.13,2.13,,,,,,,,,,,,
71370,New York,00:00.0,00:00.0,15/11/2016,Digital,Bicycle,9.7,15.4,22.2,22.2,22.2,22.2,7,16,26,26,26,26,0.72,1.04,1.17,1.17,1.17,1.17,,,,,,,,,,,,
71377,Rio de Janeiro,00:00.0,00:00.0,03/11/2016,Organic,Bicycle,15.7,19.6,39.1,56.4,99.3,99.3,20,28,60,89,176,176,1.27,1.43,1.54,1.58,1.77,1.77,,,,,,,,,,,,
71378,Rio de Janeiro,00:00.0,00:00.0,06/12/2016,Organic,Bicycle,20.1,36.4,53.2,100.4,178.5,579,42,91,110,228,418,1389,2.09,2.5,2.07,2.27,2.34,2.4,,,,,,,,,,,,
71379,New York,00:00.0,00:00.0,04/11/2016,Referral,Scooter / Motorcycle,41.4,85,162.6,278.6,423.3,719.8,42,140,333,630,1055,1927,1.02,1.65,2.05,2.26,2.49,2.68,,,,,,,,,,,,
71390,New York,,00:00.0,31/10/2016,Organic,Scooter / Motorcycle,2,2,2,2,2,2,0,0,0,0,0,0,0,0,0,0,0,0,,,,,,1,,,,,,0
71394,New York,00:00.0,00:00.0,04/11/2016,Organic,Bicycle,18.6,34.6,46.8,53.2,53.2,53.2,30,60,86,101,101,101,1.62,1.74,1.84,1.9,1.9,1.9,,,,,,,,,,,,
71396,New York,00:00.0,00:00.0,31/10/2016,Organic,Bicycle,10.9,13.8,16,16,16,16,24,25,28,28,28,28,2.21,1.81,1.75,1.75,1.75,1.75,,,,,,,,,,,,
71405,New York,00:00.0,00:00.0,08/11/2016,Organic,Bicycle,6.2,6.2,9,13.6,17,26.4,10,10,16,23,26,49,1.61,1.61,1.78,1.69,1.53,1.86,,,,,,,,,,,,
71407,New York,00:00.0,00:00.0,08/02/2017,Referral,Scooter / Motorcycle,15.4,25,43.4,58.3,65.4,112.1,49,84,153,207,227,369,3.18,3.36,3.53,3.55,3.47,3.29,,,,,,,,,,,,
71408,New York,00:00.0,00:00.0,04/11/2016,Organic,Bicycle,17.9,34.4,53.2,53.2,53.2,53.2,11,16,34,34,34,34,0.61,0.47,0.64,0.64,0.64,0.64,,,,,,,,,,,,
71416,New York,00:00.0,00:00.0,03/11/2016,Referral,Bicycle,5.3,11.8,11.8,14.9,20.2,20.2,4,15,15,22,26,26,0.75,1.27,1.27,1.48,1.29,1.29,,,,,,,,,,,,
71421,New York,00:00.0,00:00.0,04/11/2016,Organic,Bicycle,20.2,37.5,47.3,47.3,47.3,47.3,49,91,109,109,109,109,2.42,2.42,2.3,2.3,2.3,2.3,1,1,1,1,1,1,1,1,1,1,1,1
71424,New York,00:00.0,00:00.0,08/11/2016,Organic,Bicycle,12.7,16.3,16.3,22.7,26.1,26.1,24,34,34,47,56,56,1.88,2.08,2.08,2.07,2.15,2.15,,,,,,,,,,,,
71459,New York,00:00.0,00:00.0,06/11/2016,Organic,Bicycle,17.5,29.8,55.3,84.5,87.7,87.7,28,51,99,158,163,163,1.6,1.71,1.79,1.87,1.86,1.86,,,,,,,,,,,,
71462,New York,00:00.0,00:00.0,08/11/2016,Organic,Bicycle,10.1,21.1,21.1,21.1,21.1,21.1,21,48,48,48,48,48,2.08,2.28,2.28,2.28,2.28,2.28,,,,,,,,,,,,
71464,New York,00:00.0,00:00.0,31/10/2016,Digital,Scooter / Motorcycle,18.5,48.3,84.2,195.4,241.8,364.3,32,81,137,299,363,526,1.73,1.68,1.63,1.53,1.5,1.44,,,,,,,,,,,,
71467,New York,00:00.0,00:00.0,18/11/2016,Organic,Bicycle,27.9,33.9,59.8,79.2,112.4,112.4,27,32,88,128,200,200,0.97,0.94,1.47,1.62,1.78,1.78,,,,,1,1,,,,,0,0
71468,New York,00:00.0,00:00.0,01/11/2016,Referral,Scooter / Motorcycle,73.2,160.5,211.2,377.7,389.2,451.5,44,76,109,256,272,419,0.6,0.47,0.52,0.68,0.7,0.93,,,,1,2,10,,,,0,0,1
71473,New York,00:00.0,00:00.0,04/11/2016,Offline,Bicycle,5.5,14.4,17.6,17.6,17.6,17.6,11,30,36,36,36,36,1.99,2.09,2.05,2.05,2.05,2.05,,,,,,,,,,,,
71481,New York,00:00.0,00:00.0,09/11/2016,Organic,Bicycle,14.7,24.1,42.8,83.3,123.6,153,16,22,43,91,128,176,1.09,0.91,1,1.09,1.04,1.15,,,,,,,,,,,,
71518,Rio de Janeiro,,,06/11/2016,Unknown,Bicycle,16.9,21.3,21.3,21.3,21.3,21.3,24,29,29,29,29,29,1.42,1.36,1.36,1.36,1.36,1.36,,,,,,,,,,,,
71519,Rio de Janeiro,00:00.0,00:00.0,01/11/2016,Organic,Bicycle,18.4,38.6,99.4,147.4,160,259,47,112,291,428,471,751,2.56,2.9,2.93,2.9,2.94,2.9,,,,,,,,,,,,
71520,Rio de Janeiro,00:00.0,00:00.0,09/11/2016,Organic,Bicycle,12.4,18.1,27.9,54.1,65.5,65.5,17,32,55,113,133,133,1.37,1.77,1.97,2.09,2.03,2.03,,,2,2,2,2,,,0,0,0,0
71522,Rio de Janeiro,00:00.0,00:00.0,01/11/2016,Organic,Bicycle,48.7,87.1,149.8,283.8,423.9,904,81,154,287,558,873,2008,1.66,1.77,1.92,1.97,2.06,2.22,,,,,,,,,,,,
71523,Rio de Janeiro,00:00.0,00:00.0,03/11/2016,Organic,Bicycle,20.7,38.8,70.2,132.7,150.6,197.5,40,80,150,308,353,490,1.93,2.06,2.14,2.32,2.34,2.48,,,,,,,,,,,,
71548,New York,,,01/11/2016,Unknown,Bicycle,2.2,3.3,3.3,3.3,3.3,3.3,8,11,11,11,11,11,3.56,3.32,3.32,3.32,3.32,3.32,,,,,,,,,,,,
71574,New York,00:00.0,00:00.0,04/11/2016,Referral,Scooter / Motorcycle,32.9,58.1,108.4,181.5,285.7,635.8,47,97,207,375,686,1852,1.43,1.67,1.91,2.07,2.4,2.91,,,1,1,2,4,,,0,1,1,1
71585,New York,00:00.0,00:00.0,04/11/2016,Organic,Bicycle,12.5,12.5,12.5,12.5,12.5,12.5,13,13,13,13,13,13,1.04,1.04,1.04,1.04,1.04,1.04,,,,,,,,,,,,
71594,New York,00:00.0,00:00.0,09/11/2016,Offline,Scooter / Motorcycle,7.5,7.5,15,29,33.6,43.4,12,12,25,52,61,82,1.6,1.6,1.66,1.79,1.82,1.89,,,,,,,,,,,,
71597,New York,00:00.0,00:00.0,03/11/2016,Organic,Bicycle,28.1,42,51.7,74.8,90.4,90.4,41,69,86,122,154,154,1.46,1.64,1.66,1.63,1.7,1.7,,,,,,,,,,,,
71599,New York,00:00.0,00:00.0,09/11/2016,Referral,Scooter / Motorcycle,48.1,88.1,157.9,288.4,406.3,682.4,66,132,269,545,822,1392,1.37,1.5,1.7,1.89,2.02,2.04,,,1,1,1,1,,,0,1,1,1
71638,New York,00:00.0,00:00.0,04/11/2016,Organic,Bicycle,18,23.8,35.7,35.7,35.7,35.7,40,51,82,82,82,82,2.22,2.14,2.3,2.3,2.3,2.3,,,,,,,,,,,,
71639,Rio de Janeiro,00:00.0,00:00.0,04/11/2016,Organic,Bicycle,8.4,10.2,23.2,48.6,68.5,122.8,22,27,62,134,193,372,2.62,2.64,2.68,2.75,2.82,3.03,,,,,,,,,,,,
71641,Rio de Janeiro,00:00.0,00:00.0,02/11/2016,Organic,Bicycle,16.8,24.7,36.7,63.3,86.7,86.7,42,61,98,166,222,222,2.5,2.47,2.67,2.62,2.56,2.56,,,,,,,,,,,,
71642,New York,00:00.0,00:00.0,02/11/2016,Referral,Scooter / Motorcycle,67.4,123.5,206.7,365.6,647.7,1399.9,74,129,211,377,493,1171,1.1,1.04,1.02,1.03,0.76,0.84,,,,,,2,,,,,,0
71643,New York,00:00.0,00:00.0,03/11/2016,Digital,Bicycle,18.7,34,66.5,126.3,136.6,136.6,23,43,79,158,168,168,1.23,1.26,1.19,1.25,1.23,1.23,,,,,,,,,,,,
71644,Rio de Janeiro,00:00.0,00:00.0,01/11/2016,Digital,Bicycle,19.5,31.1,45.4,68.5,146.8,146.8,21,43,61,83,177,177,1.08,1.38,1.34,1.21,1.21,1.21,,,,,,,,,,,,
71645,Rio de Janeiro,00:00.0,00:00.0,02/11/2016,Organic,Bicycle,43.4,77.5,140.2,254.1,363.4,632,80,160,308,593,865,1543,1.84,2.06,2.2,2.33,2.38,2.44,,,,,,,,,,,,
71647,Rio de Janeiro,00:00.0,00:00.0,03/11/2016,Organic,Bicycle,9.1,11.6,11.6,11.6,11.6,11.6,16,21,21,21,21,21,1.76,1.81,1.81,1.81,1.81,1.81,,,,,,,,,,,,
71648,Rio de Janeiro,00:00.0,00:00.0,02/11/2016,Organic,Bicycle,15.8,28.2,49.1,55.9,55.9,55.9,4,4,24,26,26,26,0.25,0.14,0.49,0.46,0.46,0.46,,,,,,,,,,,,
71650,Rio de Janeiro,00:00.0,00:00.0,06/11/2016,Organic,Bicycle,8,13.2,21.8,21.8,21.8,21.8,19,31,48,48,48,48,2.37,2.34,2.21,2.21,2.21,2.21,,,,,,,,,,,,
71665,New York,00:00.0,00:00.0,02/11/2016,Organic,Bicycle,18,30.8,54,84.1,147.8,155.7,21,41,75,115,184,195,1.16,1.33,1.39,1.37,1.25,1.25,,,,,,1,,,,,,0
71668,New York,00:00.0,00:00.0,09/11/2016,Organic,Bicycle,7.5,14.6,22.5,46,47.1,47.1,19,33,54,103,103,103,2.53,2.25,2.4,2.24,2.19,2.19,,,,,,,,,,,,
71670,New York,00:00.0,00:00.0,08/11/2016,Referral,Bicycle,16.6,26.1,43.8,102.1,139.2,262.4,26,42,67,169,240,516,1.56,1.61,1.53,1.66,1.72,1.97,,,1,1,1,2,,,0,0,0,0
71674,Rio de Janeiro,00:00.0,00:00.0,02/11/2016,Organic,Bicycle,19.1,23.2,23.2,23.2,23.2,23.2,34,40,40,40,40,40,1.78,1.72,1.72,1.72,1.72,1.72,,,,,,,,,,,,
71684,New York,00:00.0,00:00.0,06/11/2016,Referral,Bicycle,16.8,37.1,68.5,96.1,142.9,155.9,25,55,100,136,208,232,1.49,1.48,1.46,1.41,1.46,1.49,,,,,,,,,,,,
71696,Rio de Janeiro,00:00.0,00:00.0,07/11/2016,Organic,Bicycle,18.1,31.3,66.9,119.8,140.1,200,30,64,139,271,329,498,1.66,2.04,2.08,2.26,2.35,2.49,,,,,,,,,,,,
71704,Rio de Janeiro,00:00.0,00:00.0,05/11/2016,Organic,Bicycle,23.4,38.2,93.5,115.5,115.5,120.6,57,92,231,290,290,305,2.43,2.41,2.47,2.51,2.51,2.53,,,,,,,,,,,,
71709,New York,00:00.0,00:00.0,04/11/2016,Referral,Bicycle,6.6,6.6,6.6,6.6,6.6,6.6,16,16,16,16,16,16,2.44,2.44,2.44,2.44,2.44,2.44,,,,,,,,,,,,
71715,Rio de Janeiro,00:00.0,00:00.0,01/11/2016,Organic,Bicycle,18.7,31.4,52.9,58.6,58.6,58.6,21,42,77,87,87,87,1.12,1.34,1.45,1.48,1.48,1.48,,,,,,,,,,,,
71720,New York,00:00.0,00:00.0,07/11/2016,Digital,Bicycle,2.9,5.4,5.4,5.4,9.3,22.3,5,9,9,9,17,34,1.7,1.66,1.66,1.66,1.84,1.52,,,,,,,,,,,,
71721,New York,00:00.0,00:00.0,02/11/2016,Digital,Scooter / Motorcycle,22.3,22.3,22.3,22.3,22.3,22.3,14,14,14,14,14,14,0.63,0.63,0.63,0.63,0.63,0.63,,,,,,,,,,,,
71724,Cape Town,,,02/11/2016,Unknown,Bicycle,11.9,11.9,11.9,11.9,11.9,11.9,23,23,23,23,23,23,1.93,1.93,1.93,1.93,1.93,1.93,,,,,,,,,,,,
71725,Cape Town,00:00.0,00:00.0,04/11/2016,Organic,Bicycle,24.2,68,161.5,169.2,169.2,169.2,30,72,171,176,176,176,1.24,1.06,1.06,1.04,1.04,1.04,,,,,,,,,,,,
71727,Cape Town,00:00.0,00:00.0,03/11/2016,Organic,Bicycle,11.1,20.2,54.2,109.6,174,308.8,15,28,81,170,292,574,1.35,1.39,1.49,1.55,1.68,1.86,,,,,,,,,,,,
71728,Cape Town,,,02/11/2016,Unknown,Bicycle,23.2,25.6,27.8,39.5,39.5,39.5,35,41,44,62,62,62,1.51,1.6,1.58,1.57,1.57,1.57,,,,,,,,,,,,
71731,New York,00:00.0,00:00.0,27/11/2016,Digital,Bicycle,6,9,9,9,9,9,7,10,10,10,10,10,1.17,1.11,1.11,1.11,1.11,1.11,,,,,,,,,,,,
71732,Rio de Janeiro,00:00.0,00:00.0,15/11/2016,Organic,Bicycle,10.3,19.9,23.1,25.7,25.7,25.7,23,46,52,58,58,58,2.23,2.31,2.25,2.26,2.26,2.26,,,1,1,1,1,,,0,0,0,0
71734,Rio de Janeiro,00:00.0,00:00.0,03/11/2016,Organic,Bicycle,18.3,18.3,18.3,20.5,20.5,20.5,43,43,43,48,48,48,2.35,2.35,2.35,2.34,2.34,2.34,,,,,,,,,,,,
71736,Rio de Janeiro,00:00.0,00:00.0,01/11/2016,Organic,Bicycle,16.9,28.9,40.2,93.3,122.7,199.8,33,69,91,220,282,466,1.95,2.38,2.26,2.36,2.3,2.33,,,,,,1,,,,,,0
71738,Rio de Janeiro,00:00.0,00:00.0,09/11/2016,Organic,Bicycle,10.8,15.7,20.7,20.7,20.7,61.8,26,39,53,53,53,166,2.4,2.49,2.56,2.56,2.56,2.69,,,,,,1,,,,,,0
71739,Rio de Janeiro,00:00.0,00:00.0,02/11/2016,Organic,Bicycle,19.1,51.1,105.7,142.8,142.8,142.8,22,61,126,182,182,182,1.15,1.19,1.19,1.27,1.27,1.27,,,,,,,,,,,,
71748,New York,00:00.0,00:00.0,12/11/2016,Referral,Bicycle,15.9,22.2,35,62.5,83.2,126.5,34,49,73,126,181,311,2.14,2.21,2.08,2.01,2.17,2.46,,,,,,,,,,,,
71751,New York,00:00.0,00:00.0,11/11/2016,Referral,Bicycle,1.4,1.4,1.4,1.4,1.4,1.4,2,2,2,2,2,2,1.39,1.39,1.39,1.39,1.39,1.39,,,,,,,,,,,,
71755,Cape Town,00:00.0,00:00.0,17/11/2016,Organic,Bicycle,8.7,8.7,8.7,8.7,8.7,8.7,10,10,10,10,10,10,1.15,1.15,1.15,1.15,1.15,1.15,,,,,,,,,,,,
71772,New York,00:00.0,00:00.0,08/11/2016,Offline,Bicycle,25,46.6,84.7,128.2,133.8,133.8,48,88,172,247,258,258,1.92,1.89,2.03,1.93,1.93,1.93,,,,,,,,,,,,
71773,New York,00:00.0,00:00.0,02/11/2016,Organic,Bicycle,19.7,27.7,40.4,117.3,138.4,168,37,39,43,92,126,193,1.88,1.41,1.07,0.78,0.91,1.15,,,,,,,,,,,,
71777,New York,00:00.0,00:00.0,10/11/2016,Offline,Scooter / Motorcycle,9.7,31.9,37.9,56.7,78.7,78.7,9,55,62,90,107,107,0.92,1.73,1.63,1.59,1.36,1.36,,,,,,,,,,,,
71779,New York,00:00.0,00:00.0,01/11/2016,Referral,Scooter / Motorcycle,29.4,33.1,41.1,122.7,281.5,419.4,42,46,55,202,665,1210,1.43,1.39,1.34,1.65,2.36,2.89,,,,2,3,3,,,,0,0,1
71780,New York,00:00.0,00:00.0,04/11/2016,Organic,Scooter / Motorcycle,57.3,95,189.2,321.7,406.8,537.8,63,121,279,505,659,856,1.1,1.27,1.47,1.57,1.62,1.59,,,,,,,,,,,,
71781,New York,00:00.0,00:00.0,23/11/2016,Referral,Bicycle,18.6,31.9,38.7,55.7,85.3,159.1,20,29,36,66,136,167,1.08,0.91,0.93,1.19,1.59,1.05,,,,,,,,,,,,
71782,New York,00:00.0,00:00.0,10/11/2016,Referral,Bicycle,1.4,1.4,1.4,1.4,1.4,1.4,2,2,2,2,2,2,1.44,1.44,1.44,1.44,1.44,1.44,,,,,,,,,,,,
71783,New York,00:00.0,00:00.0,06/11/2016,Offline,Bicycle,2.9,2.9,2.9,2.9,2.9,2.9,3,3,3,3,3,3,1.04,1.04,1.04,1.04,1.04,1.04,,,,,,,,,,,,
71784,New York,00:00.0,00:00.0,05/11/2016,Organic,Bicycle,18.8,38.3,61.4,94.8,94.8,94.8,37,56,74,105,105,105,1.96,1.46,1.2,1.11,1.11,1.11,,,,,,,,,,,,
71785,New York,00:00.0,00:00.0,04/11/2016,Referral,Scooter / Motorcycle,10.7,32.1,56.9,65.3,65.3,65.3,16,47,69,75,75,75,1.49,1.46,1.21,1.15,1.15,1.15,,,,,,,,,,,,
71786,New York,00:00.0,00:00.0,04/11/2016,Referral,Bicycle,45.8,93.6,192.9,304.5,327.7,327.7,13,47,113,211,241,241,0.28,0.5,0.59,0.69,0.74,0.74,,,,1,2,2,,,,0,0,0
71796,Rio de Janeiro,00:00.0,00:00.0,02/11/2016,Organic,Bicycle,29.4,41.7,53.8,66,88.1,102,59,88,112,124,167,208,2.01,2.11,2.08,1.88,1.9,2.04,,,,,,,,,,,,
71797,Rio de Janeiro,00:00.0,00:00.0,03/11/2016,Organic,Bicycle,8.6,10.6,14.8,30.8,30.8,51.5,20,26,32,74,74,140,2.32,2.45,2.17,2.4,2.4,2.72,,,,,,,,,,,,
71798,Rio de Janeiro,00:00.0,00:00.0,02/11/2016,Digital,Bicycle,17.3,22.1,22.1,22.1,22.1,22.1,34,44,44,44,44,44,1.97,1.99,1.99,1.99,1.99,1.99,,,,,,,,,,,,
71799,Rio de Janeiro,00:00.0,00:00.0,02/03/2017,Organic,Bicycle,11.6,27,40.3,40.3,40.3,40.3,28,76,116,116,116,116,2.42,2.81,2.88,2.88,2.88,2.88,,,1,1,1,1,,,0,0,0,0
71814,New York,00:00.0,00:00.0,02/11/2016,Organic,Scooter / Motorcycle,59.7,96.5,96.5,199.1,217.6,316.6,97,163,163,369,406,632,1.63,1.69,1.69,1.85,1.87,2,,,,,,,,,,,,
71815,New York,00:00.0,00:00.0,02/11/2016,Referral,Scooter / Motorcycle,26.2,40.4,97.6,136.7,236.7,543.5,47,80,196,318,640,1881,1.8,1.98,2.01,2.33,2.7,3.46,,,,,,,,,,,,
71816,New York,00:00.0,00:00.0,03/11/2016,Organic,Electric Bicycle,43.8,78,105.9,167.6,251.1,390.7,86,135,189,280,439,682,1.96,1.73,1.79,1.67,1.75,1.75,,,,1,1,5,,,,1,1,2
71822,New York,00:00.0,00:00.0,07/11/2016,Referral,Bicycle,27.7,44,91.5,139.9,139.9,139.9,31,53,97,138,138,138,1.12,1.2,1.06,0.99,0.99,0.99,2,2,2,2,2,2,1,1,2,2,2,2
71823,Rio de Janeiro,00:00.0,00:00.0,08/11/2016,Organic,Bicycle,14.1,36.8,70.4,104.5,144.7,284.3,31,90,163,231,322,681,2.2,2.45,2.32,2.21,2.23,2.4,,,,,,1,,,,,,0
71833,New York,00:00.0,00:00.0,15/11/2016,Digital,Bicycle,4.7,4.7,11.4,15,20.3,22,7,7,19,24,41,46,1.48,1.48,1.67,1.6,2.02,2.09,,,,,,,,,,,,
71834,New York,00:00.0,00:00.0,02/11/2016,Offline,Bicycle,2.6,2.6,2.6,2.6,2.6,2.6,0,0,0,0,0,0,0,0,0,0,0,0,,,,,,,,,,,,
71843,New York,00:00.0,00:00.0,08/11/2016,Digital,Bicycle,2.3,2.3,2.3,2.3,2.3,2.3,5,5,5,5,5,5,2.2,2.2,2.2,2.2,2.2,2.2,,,,,,,,,,,,
71847,New York,00:00.0,00:00.0,02/11/2016,Referral,Bicycle,8.9,8.9,13.4,13.4,13.4,13.4,16,16,22,22,22,22,1.8,1.79,1.64,1.64,1.64,1.64,,,,,,,,,,,,
71848,New York,00:00.0,00:00.0,15/11/2016,Digital,Bicycle,3.6,11.9,11.9,16.6,16.6,16.6,5,16,16,25,25,25,1.39,1.35,1.35,1.5,1.5,1.5,,,,,,,,,,,,
71851,New York,00:00.0,00:00.0,03/11/2016,Referral,Bicycle,4.5,11.3,14.3,40.4,57.8,89.6,4,15,19,59,99,167,0.89,1.33,1.33,1.46,1.71,1.86,,,,,,,,,,,,
71854,New York,00:00.0,00:00.0,26/11/2016,Digital,Bicycle,2.1,2.1,9.4,26,44.7,64.5,4,4,16,62,111,165,1.87,1.87,1.69,2.38,2.48,2.56,,,,,,,,,,,,
71884,New York,00:00.0,00:00.0,02/11/2016,Organic,Bicycle,0.2,0.2,0.2,73.2,112.3,183.1,0,0,0,131,220,374,0,0,0,1.79,1.96,2.04,,,,,,,,,,,,
71887,New York,00:00.0,00:00.0,07/11/2016,Referral,Bicycle,27.2,37.6,75.9,146.2,211.6,332.2,55,77,160,313,456,786,2.02,2.05,2.11,2.14,2.16,2.37,,,1,1,1,3,,,0,0,0,0
71888,New York,00:00.0,00:00.0,04/11/2016,Organic,Bicycle,34.1,67.9,96.1,141.2,156.8,156.8,40,94,139,185,200,200,1.17,1.38,1.45,1.31,1.28,1.28,,,,,,,,,,,,
71894,New York,00:00.0,00:00.0,04/11/2016,Digital,Bicycle,8.1,8.1,8.1,8.1,8.1,8.1,9,9,9,9,9,9,1.11,1.11,1.11,1.11,1.11,1.11,,,,,,,,,,,,
71898,New York,00:00.0,00:00.0,02/11/2016,Organic,Scooter / Motorcycle,48.8,70.2,103.8,180.3,182.7,182.7,14,18,46,194,198,198,0.29,0.26,0.44,1.08,1.08,1.08,,,,,,,,,,,,
71904,New York,00:00.0,00:00.0,04/11/2016,Offline,Bicycle,31.6,70.4,114.8,197.4,264.1,405.6,32,71,119,193,281,493,1.01,1.01,1.04,0.98,1.06,1.22,1,1,1,1,1,1,0,0,0,0,0,0
71907,New York,00:00.0,00:00.0,09/11/2016,Digital,Bicycle,13.6,18.8,18.8,36.7,36.7,36.7,16,26,26,47,47,47,1.18,1.39,1.39,1.28,1.28,1.28,,,,,,,,,,,,
71909,New York,00:00.0,00:00.0,04/11/2016,Organic,Scooter / Motorcycle,50,92.9,137.5,281.9,407.3,728.5,80,151,230,499,758,1432,1.6,1.63,1.67,1.77,1.86,1.97,,,,,,,,,,,,
71911,New York,00:00.0,00:00.0,07/11/2016,Organic,Bicycle,2.7,9.7,27.3,44.3,44.3,44.3,3,13,29,37,37,37,1.1,1.34,1.06,0.83,0.83,0.83,,,,,,,,,,,,
71913,New York,00:00.0,00:00.0,02/11/2016,Offline,Scooter / Motorcycle,30.6,36.4,36.4,36.4,36.4,36.4,38,50,50,50,50,50,1.24,1.38,1.38,1.38,1.38,1.38,,,,,,,,,,,,
71919,New York,00:00.0,00:00.0,04/11/2016,Referral,Bicycle,25.3,46.8,109.3,251.6,273,628.7,65,115,243,510,558,1472,2.57,2.46,2.22,2.03,2.04,2.34,,,,,,1,,,,,,0
71924,New York,00:00.0,00:00.0,04/11/2016,Organic,Bicycle,27.9,43.7,68.1,126.6,164.3,274.5,30,55,86,152,194,371,1.08,1.26,1.26,1.2,1.18,1.35,,,1,1,1,1,,,0,0,0,0
71925,New York,00:00.0,00:00.0,05/11/2016,Referral,Bicycle,12.9,12.9,12.9,12.9,12.9,12.9,10,10,10,10,10,10,0.78,0.78,0.78,0.78,0.78,0.78,,,,,,,,,,,,
71930,New York,00:00.0,00:00.0,02/11/2016,Organic,Bicycle,13.9,20.4,39.2,76.9,89.8,89.8,20,31,62,105,124,124,1.44,1.52,1.58,1.37,1.38,1.38,,,,,,,,,,,,
71934,New York,00:00.0,00:00.0,04/11/2016,Digital,Bicycle,52.8,63,161,354.3,524.4,566,34,43,94,217,365,410,0.64,0.68,0.58,0.61,0.7,0.72,,,,,,,,,,,,
71935,New York,00:00.0,00:00.0,03/11/2016,Referral,Bicycle,11.9,41.4,69.1,106.5,106.5,106.5,4,10,22,25,25,25,0.34,0.24,0.32,0.23,0.23,0.23,,2,2,3,3,3,,0,0,1,1,1
71936,New York,00:00.0,00:00.0,04/11/2016,Referral,Bicycle,2.9,2.9,6.2,17.2,17.2,17.2,7,7,13,28,28,28,2.38,2.38,2.1,1.63,1.63,1.63,,,,1,1,1,,,,0,0,0
71937,New York,00:00.0,00:00.0,08/11/2016,Referral,Scooter / Motorcycle,15.6,26.6,48.1,87.8,102.7,210.6,30,52,106,211,253,559,1.92,1.95,2.2,2.4,2.46,2.65,,,,,,,,,,,,
71938,New York,00:00.0,00:00.0,02/11/2016,Referral,Bicycle,18.4,37.3,59.2,96.5,109.3,109.3,17,36,63,87,97,97,0.92,0.96,1.06,0.9,0.89,0.89,,,,,,,,,,,,
71939,New York,00:00.0,00:00.0,04/11/2016,Organic,Bicycle,23.2,31.3,36.7,79.1,102.5,148.3,18,30,38,66,93,119,0.77,0.96,1.04,0.83,0.91,0.8,,,,,,,,,,,,
71940,New York,00:00.0,00:00.0,08/11/2016,Organic,Bicycle,8.3,13.9,21.5,34,47.4,62.9,10,19,28,58,84,118,1.2,1.37,1.3,1.71,1.77,1.88,,,,,,,,,,,,
71941,New York,00:00.0,00:00.0,15/11/2016,Organic,Bicycle,10.2,14.2,20,28,33,99.1,32,43,58,81,98,285,3.14,3.04,2.9,2.9,2.97,2.88,,,,,,,,,,,,
71942,New York,00:00.0,00:00.0,08/11/2016,Referral,Bicycle,12.7,17.3,18.3,18.3,18.3,18.3,11,18,19,19,19,19,0.87,1.04,1.04,1.04,1.04,1.04,,,,,,,,,,,,
71979,New York,00:00.0,00:00.0,03/11/2016,Referral,Scooter / Motorcycle,0.8,0.8,58.1,117.7,118.2,167.9,0,0,61,155,157,264,0,0,1.05,1.32,1.33,1.57,,,,,,,,,,,,
71986,New York,00:00.0,00:00.0,24/11/2016,Referral,Scooter / Motorcycle,34.1,50.6,89.4,173.5,233.9,674.2,86,123,189,388,490,971,2.53,2.43,2.12,2.24,2.09,1.44,,,,,,,,,,,,
71989,New York,00:00.0,00:00.0,04/11/2016,Organic,Bicycle,14.4,19.8,41.9,71.5,98.8,118.2,28,35,58,99,144,178,1.95,1.77,1.38,1.39,1.46,1.51,,,,,,,,,,,,
71991,New York,00:00.0,00:00.0,03/11/2016,Organic,Bicycle,0.5,0.5,0.5,0.5,0.5,0.5,1,1,1,1,1,1,2.19,2.19,2.19,2.19,2.19,2.19,,,,,,,,,,,,
72003,New York,00:00.0,00:00.0,09/11/2016,Offline,Bicycle,9.6,17.9,30.5,47.7,66.7,80.5,14,20,36,56,81,109,1.46,1.12,1.18,1.17,1.21,1.35,,,1,1,1,1,,,0,1,1,1
72005,New York,00:00.0,00:00.0,04/11/2016,Offline,Bicycle,22.1,37.5,89.2,169.8,197.6,197.6,22,44,107,137,159,159,1,1.17,1.2,0.81,0.8,0.8,,,1,1,1,1,,,1,1,1,1
72014,New York,00:00.0,00:00.0,09/11/2016,Referral,Scooter / Motorcycle,14.1,19,37.8,74.4,96.8,155.8,41,57,125,245,321,531,2.9,2.99,3.3,3.29,3.32,3.41,,,,,,1,,,,,,0
72016,New York,00:00.0,00:00.0,03/11/2016,Digital,Bicycle,12.3,17.2,30.9,49.3,59.9,93.6,29,42,75,109,135,235,2.36,2.44,2.43,2.21,2.25,2.51,,,,,,,,,,,,
72020,New York,00:00.0,00:00.0,03/11/2016,Organic,Bicycle,0.6,0.6,0.6,0.6,0.6,0.6,0,0,0,0,0,0,0,0,0,0,0,0,,,,,,,,,,,,
72022,New York,00:00.0,00:00.0,03/11/2016,Digital,Bicycle,12.2,18.8,18.8,21.3,21.3,21.3,19,33,33,36,36,36,1.56,1.75,1.75,1.69,1.69,1.69,,,,,,,,,,,,
72026,New York,00:00.0,00:00.0,04/11/2016,Digital,Bicycle,15.2,27.9,51.4,92,118.7,118.7,20,35,68,149,208,208,1.32,1.26,1.32,1.62,1.75,1.75,,,,,,,,,,,,
72032,New York,00:00.0,00:00.0,03/11/2016,Referral,Bicycle,6.5,6.5,10.7,15.9,15.9,15.9,18,18,30,41,41,41,2.75,2.75,2.79,2.58,2.58,2.58,,,,,,,,,,,,
72040,New York,00:00.0,00:00.0,04/11/2016,Offline,Bicycle,6.1,6.1,6.1,18.3,18.3,18.3,5,5,5,18,18,18,0.81,0.81,0.81,0.99,0.99,0.99,,,,,,,,,,,,
72041,New York,00:00.0,00:00.0,04/11/2016,Organic,Scooter / Motorcycle,39.5,73.5,132.5,254.4,376.9,578.4,56,103,192,399,622,1062,1.42,1.4,1.45,1.57,1.65,1.84,,,,1,2,2,,,,0,0,1
72045,New York,00:00.0,00:00.0,08/11/2016,Organic,Bicycle,13.1,24.1,46.3,75.5,109.1,170.8,16,34,62,112,144,249,1.23,1.41,1.34,1.48,1.32,1.46,,,,,,,,,,,,
72078,Rio de Janeiro,00:00.0,00:00.0,08/11/2016,Organic,Bicycle,17.6,50.9,100.8,202,284,420.5,30,92,173,370,520,783,1.71,1.81,1.72,1.83,1.83,1.86,,,,,,,,,,,,
72079,Rio de Janeiro,00:00.0,00:00.0,04/11/2016,Organic,Bicycle,4.4,4.4,4.4,4.4,4.4,4.4,7,7,7,7,7,7,1.6,1.6,1.6,1.6,1.6,1.6,,,,,,,,,,,,
72081,Rio de Janeiro,00:00.0,00:00.0,04/11/2016,Organic,Bicycle,48.6,48.6,59.2,60.5,60.5,60.5,76,76,92,95,95,95,1.56,1.56,1.56,1.57,1.57,1.57,,,,,,,,,,,,
72083,Rio de Janeiro,00:00.0,00:00.0,04/11/2016,Digital,Bicycle,19.1,34.7,56.1,93.3,96.2,96.2,43,80,131,236,240,240,2.25,2.3,2.34,2.53,2.49,2.49,,,,,,,,,,,,
72094,New York,00:00.0,00:00.0,08/11/2016,Referral,Scooter / Motorcycle,55.7,126.1,264.5,517.8,720.4,1299.5,133,313,672,1338,1862,3444,2.39,2.48,2.54,2.58,2.58,2.65,,,1,1,1,1,,,0,0,0,0
72111,New York,00:00.0,00:00.0,05/11/2016,Digital,Bicycle,20.1,37.4,82.9,158.7,218.9,264.3,33,56,97,127,133,167,1.64,1.5,1.17,0.8,0.61,0.63,,,,,,,,,,,,
72118,New York,00:00.0,00:00.0,11/11/2016,Referral,Bicycle,43.9,50.2,59.2,59.2,59.2,59.2,57,62,77,77,77,77,1.3,1.23,1.3,1.3,1.3,1.3,,,,,,,,,,,,
72124,New York,00:00.0,00:00.0,04/11/2016,Referral,Scooter / Motorcycle,24.3,31.9,44.9,72.7,98.5,98.5,39,56,91,175,265,265,1.6,1.75,2.03,2.41,2.69,2.69,,,,,,,,,,,,
72130,Rio de Janeiro,00:00.0,00:00.0,11/11/2016,Organic,Bicycle,17.4,28.5,57.3,88,118.4,348.5,38,69,136,225,311,881,2.19,2.42,2.37,2.56,2.63,2.53,,,,,,,,,,,,
72131,Rio de Janeiro,00:00.0,00:00.0,06/11/2016,Organic,Bicycle,15,22.8,38.6,71.5,113.2,295.7,21,36,64,116,223,732,1.4,1.58,1.66,1.62,1.97,2.48,,,,,,,,,,,,
72132,Rio de Janeiro,00:00.0,00:00.0,05/11/2016,Organic,Bicycle,32.7,69.5,148.5,267.8,379.1,623.6,81,187,382,675,955,1670,2.48,2.69,2.57,2.52,2.52,2.68,,,,,,,,,,,,
72134,Rio de Janeiro,00:00.0,00:00.0,05/11/2016,Organic,Bicycle,19.2,43.4,45.3,45.3,45.3,45.3,43,97,100,100,100,100,2.23,2.24,2.21,2.21,2.21,2.21,,,,,,,,,,,,
72136,New York,00:00.0,00:00.0,04/11/2016,Digital,Scooter / Motorcycle,37.9,63.8,149.7,315.3,393.9,585,48,83,182,425,540,1023,1.27,1.3,1.22,1.35,1.37,1.75,,,,,,1,,,,,,0
72143,New York,00:00.0,00:00.0,04/11/2016,Organic,Bicycle,1.2,1.2,1.2,1.2,1.2,1.2,0,0,0,0,0,0,0,0,0,0,0,0,,,,,,,,,,,,
72147,New York,00:00.0,00:00.0,11/11/2016,Organic,Scooter / Motorcycle,20.1,42.5,77.3,100.9,135.9,135.9,20,40,78,106,177,177,1,0.94,1.01,1.05,1.3,1.3,,,,,,,,,,,,
72148,New York,00:00.0,00:00.0,11/11/2016,Digital,Bicycle,0.3,0.3,0.3,0.3,0.3,0.3,0,0,0,0,0,0,0,0,0,0,0,0,,,,,,,,,,,,
72150,New York,00:00.0,00:00.0,11/11/2016,Referral,Scooter / Motorcycle,48.4,98.9,188.7,336.8,409.8,428.6,74,162,321,601,755,794,1.53,1.64,1.7,1.78,1.84,1.85,,,,,,,,,,,,
72162,New York,00:00.0,00:00.0,11/11/2016,Referral,Scooter / Motorcycle,65.1,115.9,211.3,372.5,422.4,422.4,54,105,211,479,580,580,0.83,0.91,1,1.29,1.37,1.37,,,,,,,,,,,,
72167,New York,00:00.0,00:00.0,11/11/2016,Digital,Bicycle,16.2,28.9,47.4,47.4,47.4,47.4,33,48,66,66,66,66,2.04,1.66,1.39,1.39,1.39,1.39,,,,,,,,,,,,
72169,New York,00:00.0,00:00.0,11/11/2016,Organic,Scooter / Motorcycle,57.3,112.8,203.3,382,518.7,871.1,71,166,303,620,869,1552,1.24,1.47,1.49,1.62,1.68,1.78,,,,,,,,,,,,
72179,Rio de Janeiro,00:00.0,00:00.0,05/11/2016,Organic,Bicycle,32.1,77.8,155.1,212.6,212.6,212.6,37,89,201,301,301,301,1.15,1.14,1.3,1.42,1.42,1.42,,,,,,,,,,,,
72184,New York,00:00.0,00:00.0,11/11/2016,Organic,Bicycle,22.2,38.8,70.7,124.1,185.1,364.1,48,85,144,221,331,681,2.16,2.19,2.04,1.78,1.79,1.87,,,,,,,,,,,,
72186,New York,00:00.0,00:00.0,11/11/2016,Organic,Bicycle,3.4,3.4,3.4,3.4,3.4,3.4,7,7,7,7,7,7,2.09,2.09,2.09,2.09,2.09,2.09,,,,,,,,,,,,
72187,Rio de Janeiro,00:00.0,00:00.0,04/11/2016,Organic,Bicycle,33.9,66.8,101.2,218.8,328,618.2,60,129,188,453,676,1412,1.77,1.93,1.86,2.07,2.06,2.28,,,,,,,,,,,,
72189,Rio de Janeiro,00:00.0,00:00.0,08/11/2016,Organic,Bicycle,28,28,28,28,28,28,50,50,50,50,50,50,1.79,1.79,1.79,1.79,1.79,1.79,,,,,,,,,,,,
72196,Rio de Janeiro,00:00.0,00:00.0,08/11/2016,Organic,Bicycle,22.9,33.9,52.8,68.8,74.6,74.6,55,85,136,171,182,182,2.41,2.51,2.58,2.48,2.44,2.44,,,,,,,,,,,,
72198,Rio de Janeiro,00:00.0,00:00.0,06/11/2016,Organic,Bicycle,26.3,50.8,106.3,194.5,297.1,557.8,38,88,220,445,709,1452,1.45,1.73,2.07,2.29,2.39,2.6,,,,,,,,,,,,
72203,New York,00:00.0,00:00.0,14/11/2016,Digital,Bicycle,12,27.7,46.6,96.4,109.5,134.5,16,33,63,143,169,234,1.33,1.19,1.35,1.48,1.54,1.74,,,,,,,,,,,,
72207,Rio de Janeiro,00:00.0,00:00.0,05/11/2016,Organic,Bicycle,15.8,34.5,48.3,75.1,87,121.3,34,70,94,155,184,280,2.16,2.03,1.95,2.06,2.12,2.31,,,,,,,,,,,,
72208,New York,00:00.0,00:00.0,04/11/2016,Digital,Bicycle,36.9,73.1,130.4,241.3,349.5,642.1,32,60,118,225,348,822,0.87,0.82,0.9,0.93,1,1.28,,,,,,,,,,,,
72212,New York,00:00.0,00:00.0,04/11/2016,Organic,Scooter / Motorcycle,45.3,81.4,159.9,306.2,416.2,472.2,114,224,453,879,1243,1441,2.51,2.75,2.83,2.87,2.99,3.05,,,1,1,1,1,,,0,1,1,1
72223,New York,00:00.0,00:00.0,10/11/2016,Digital,Bicycle,18.6,21.8,21.8,21.9,58.6,80.1,17,20,20,20,67,100,0.91,0.92,0.92,0.91,1.14,1.25,,,,,,,,,,,,
72228,New York,00:00.0,00:00.0,11/11/2016,Offline,Bicycle,8.5,8.5,8.5,8.5,8.5,8.5,14,14,14,14,14,14,1.64,1.64,1.64,1.64,1.64,1.64,,,,,,,,,,,,
72229,New York,00:00.0,00:00.0,07/11/2016,Organic,Scooter / Motorcycle,13.3,58.6,159.8,341.1,511.7,950.7,23,112,309,721,1142,2269,1.73,1.91,1.93,2.11,2.23,2.39,,,,,,1,,,,,,0
72230,New York,00:00.0,00:00.0,11/11/2016,Referral,Scooter / Motorcycle,34.9,65.4,106.5,188.6,264.6,447.3,78,146,250,487,730,1325,2.23,2.23,2.35,2.58,2.76,2.96,,,,,,,,,,,,
72231,New York,,,11/11/2016,Unknown,Bicycle,54.6,96.6,174.7,346.5,455.6,833.1,37,76,132,416,654,1488,0.68,0.79,0.76,1.2,1.44,1.79,,,,,,,,,,,,
72233,New York,00:00.0,00:00.0,04/11/2016,Offline,Bicycle,6.9,34.5,88.5,188.1,273.9,532,6,40,102,232,492,1280,0.87,1.16,1.15,1.23,1.8,2.41,,,,,,,,,,,,
72235,New York,00:00.0,00:00.0,06/11/2016,Offline,Bicycle,12.7,17.8,33.8,42.2,42.2,42.2,20,31,58,70,70,70,1.58,1.74,1.71,1.66,1.66,1.66,,,,,,,,,,,,
72242,New York,00:00.0,00:00.0,04/11/2016,Organic,Bicycle,11.6,11.6,11.6,11.6,11.6,11.6,16,16,16,16,16,16,1.38,1.38,1.38,1.38,1.38,1.38,,,,,,,,,,,,
72244,New York,00:00.0,00:00.0,11/11/2016,Organic,Bicycle,22.6,35.3,56,94.9,131.8,198.5,25,36,66,98,169,335,1.11,1.02,1.18,1.03,1.28,1.69,,,,,,,,,,,,
72245,New York,00:00.0,00:00.0,06/11/2016,Organic,Bicycle,7.1,7.1,7.1,9.9,9.9,50.9,13,13,13,21,21,112,1.83,1.83,1.83,2.13,2.13,2.2,,,,,,,,,,,,
72246,New York,00:00.0,00:00.0,05/11/2016,Digital,Bicycle,43,72.3,135,225.6,291.4,373.8,104,176,306,432,531,715,2.42,2.43,2.27,1.92,1.82,1.91,,,,1,1,1,,,,0,0,0
72248,New York,00:00.0,00:00.0,07/11/2016,Offline,Bicycle,7.8,7.8,7.8,7.8,7.8,39.3,16,16,16,16,16,76,2.06,2.06,2.06,2.06,2.06,1.93,,,,,,1,,,,,,0
72249,New York,00:00.0,00:00.0,09/11/2016,Organic,Bicycle,8.6,13.3,19,20.6,25.7,25.7,17,29,41,41,49,49,1.97,2.17,2.16,1.99,1.91,1.91,,,,,,,,,,,,
72250,New York,00:00.0,00:00.0,12/11/2016,Referral,Bicycle,16,18.7,19.2,19.2,19.2,19.2,20,26,26,26,26,26,1.25,1.39,1.35,1.35,1.35,1.35,,,,,,,,,,,,
72252,New York,00:00.0,00:00.0,08/11/2016,Organic,Bicycle,10.8,15.7,28.4,57.1,57.1,57.1,27,40,78,146,146,146,2.51,2.55,2.74,2.56,2.56,2.56,,,,,,,,,,,,
72253,New York,00:00.0,00:00.0,10/11/2016,Organic,Bicycle,24.1,24.1,33.4,94.4,184.1,351.4,30,30,44,167,398,803,1.25,1.25,1.32,1.77,2.16,2.28,,,,,,,,,,,,
72254,New York,00:00.0,00:00.0,13/11/2016,Referral,Bicycle,15.3,19.6,36.1,63.4,72.2,115.4,16,24,46,77,87,148,1.04,1.23,1.28,1.21,1.21,1.28,,,,,,1,,,,,,0
72255,New York,00:00.0,00:00.0,09/11/2016,Digital,Bicycle,3.8,3.8,3.8,3.8,3.8,3.8,2,2,2,2,2,2,0.52,0.52,0.52,0.52,0.52,0.52,,,,,,,,,,,,
72273,Rio de Janeiro,00:00.0,00:00.0,05/11/2016,Organic,Bicycle,34.3,34.3,56.9,147.4,174.5,397,71,71,116,280,319,829,2.07,2.07,2.04,1.9,1.83,2.09,,,1,1,1,2,,,0,1,1,1
72274,Rio de Janeiro,00:00.0,00:00.0,10/11/2016,Organic,Bicycle,34,62,115.8,139.1,139.1,139.1,96,185,332,412,412,412,2.82,2.98,2.87,2.96,2.96,2.96,,,,,,,,,,,,
72276,Rio de Janeiro,,,07/11/2016,Unknown,Bicycle,6.6,10.1,15.8,15.8,15.8,15.8,22,36,56,56,56,56,3.32,3.55,3.54,3.54,3.54,3.54,,,,,,,,,,,,
72277,Rio de Janeiro,00:00.0,00:00.0,08/11/2016,Organic,Bicycle,3.8,3.8,15,18.2,18.2,18.2,6,6,32,41,41,41,1.58,1.58,2.14,2.25,2.25,2.25,,,,,,,,,,,,
72281,Rio de Janeiro,00:00.0,00:00.0,11/11/2016,Organic,Bicycle,0.6,0.6,0.6,0.6,0.6,0.6,1,1,1,1,1,1,1.6,1.6,1.6,1.6,1.6,1.6,,,,,,,,,,,,
72285,Rio de Janeiro,00:00.0,00:00.0,09/11/2016,Organic,Bicycle,24.2,43.2,77.5,164.4,230.9,489.8,51,97,180,375,524,1222,2.11,2.25,2.32,2.28,2.27,2.5,,,,,,,,,,,,
72329,New York,00:00.0,00:00.0,08/11/2016,Referral,Bicycle,6.6,12.2,20.9,40.1,48.8,69.1,16,30,54,103,127,185,2.42,2.45,2.58,2.57,2.6,2.68,,,,,,,,,,,,
72338,Rio de Janeiro,00:00.0,00:00.0,07/11/2016,Organic,Bicycle,9.2,9.2,9.2,9.2,9.2,96.1,18,18,18,18,18,177,1.95,1.95,1.95,1.95,1.95,1.84,,,,,,,,,,,,
72340,Rio de Janeiro,00:00.0,00:00.0,07/11/2016,Organic,Bicycle,6.5,15,24.1,31.5,31.5,31.5,13,33,50,68,68,68,1.99,2.2,2.08,2.16,2.16,2.16,,,,,,,,,,,,
72343,New York,00:00.0,00:00.0,11/11/2016,Organic,Bicycle,10.9,19.1,36.3,57.8,57.8,57.8,7,7,35,58,58,58,0.64,0.37,0.96,1,1,1,,,,,,,,,,,,
72345,Rio de Janeiro,00:00.0,00:00.0,08/11/2016,Organic,Bicycle,3,11.6,26.9,41,41,56.3,5,19,43,69,69,101,1.64,1.64,1.6,1.68,1.68,1.79,,,,,,,,,,,,
72351,New York,00:00.0,00:00.0,08/11/2016,Referral,Scooter / Motorcycle,41.7,80.4,166.9,224.3,238.3,289.5,78,154,322,424,454,562,1.87,1.92,1.93,1.89,1.91,1.94,,,,,,,,,,,,
72356,New York,00:00.0,00:00.0,10/11/2016,Digital,Bicycle,35.6,61,61,61,61,61,37,62,62,62,62,62,1.04,1.02,1.02,1.02,1.02,1.02,1,1,1,1,1,1,0,0,0,1,1,1
72369,New York,00:00.0,00:00.0,11/11/2016,Organic,Bicycle,18.8,18.8,18.8,18.9,18.9,18.9,19,19,19,20,20,20,1.01,1.01,1.01,1.06,1.06,1.06,,,,,,,,,,,,
72373,New York,00:00.0,00:00.0,05/11/2016,Referral,Scooter / Motorcycle,24.8,43.8,74.3,138.2,177.3,297.4,78,136,232,416,530,954,3.15,3.1,3.12,3.01,2.99,3.21,,,,,,3,,,,,,0
72375,New York,00:00.0,00:00.0,11/11/2016,Organic,Bicycle,1.1,2.5,2.9,2.9,2.9,2.9,0,1,1,1,1,1,0,0.4,0.35,0.35,0.35,0.35,,,,,,,,,,,,
72376,New York,00:00.0,00:00.0,08/11/2016,Job Platforms,Bicycle,19.1,36.9,51.6,95.6,129.9,142.9,36,70,92,180,263,297,1.88,1.9,1.78,1.88,2.02,2.08,,,,1,1,1,,,,0,0,0
72383,New York,00:00.0,00:00.0,12/11/2016,Organic,Bicycle,8.2,14.9,41.6,103.9,110.3,110.3,8,16,57,116,127,127,0.98,1.08,1.37,1.12,1.15,1.15,,,,,,,,,,,,
72387,New York,00:00.0,00:00.0,13/11/2016,Digital,Bicycle,0.2,0.2,0.2,0.2,0.2,0.2,0,0,0,0,0,0,0,0,0,0,0,0,,,,,,,,,,,,
72394,New York,00:00.0,00:00.0,06/11/2016,Digital,Bicycle,13.5,18.8,18.8,18.8,18.8,18.8,28,40,40,40,40,40,2.07,2.12,2.12,2.12,2.12,2.12,,,,,,,,,,,,
72409,New York,00:00.0,00:00.0,11/11/2016,Referral,Bicycle,3.5,3.5,3.5,3.5,3.5,3.5,5,5,5,5,5,5,1.42,1.42,1.42,1.42,1.42,1.42,,,,,,,,,,,,
72412,New York,00:00.0,00:00.0,13/11/2016,Digital,Bicycle,28,36.5,81.9,200.6,265.6,456.8,38,61,153,430,613,1130,1.36,1.67,1.87,2.14,2.31,2.47,,,,,,,,,,,,
72416,New York,00:00.0,00:00.0,11/11/2016,Organic,Bicycle,17.3,24.9,24.9,35.4,69.7,91.4,31,50,50,69,126,163,1.79,2.01,2.01,1.95,1.81,1.78,,,,,,,,,,,,
72417,New York,00:00.0,00:00.0,12/11/2016,Referral,Scooter / Motorcycle,9.8,15.1,40.8,93.7,109,144.4,13,19,53,119,138,205,1.33,1.26,1.3,1.27,1.27,1.42,,,,,,3,,,,,,0
72426,Rio de Janeiro,00:00.0,00:00.0,05/11/2016,Organic,Bicycle,40.2,81.1,151,372.4,530.1,704,95,201,366,914,1281,1485,2.37,2.48,2.42,2.45,2.42,2.11,,,,,,,,,,,,
72427,Rio de Janeiro,00:00.0,00:00.0,09/11/2016,Organic,Bicycle,10.1,11.6,14,14,14,21.5,31,35,42,42,42,70,3.08,3.01,3,3,3,3.26,,,,,,,,,,,,
72435,New York,00:00.0,00:00.0,12/11/2016,Referral,Scooter / Motorcycle,57.1,91.3,151.2,236.1,339.2,576,116,205,349,565,825,1617,2.03,2.25,2.31,2.39,2.43,2.81,1,1,2,2,2,6,0,0,0,0,0,1
72436,New York,00:00.0,00:00.0,10/11/2016,Organic,Bicycle,40.6,45.6,157.3,288.5,288.5,288.5,44,44,171,316,316,316,1.08,0.97,1.09,1.1,1.1,1.1,,,,,,,,,,,,
72447,Rio de Janeiro,00:00.0,00:00.0,08/11/2016,Organic,Bicycle,19.7,50.9,86.8,105.9,137.3,142.7,33,93,163,210,282,295,1.68,1.83,1.88,1.98,2.05,2.07,1,1,1,1,2,2,0,0,0,0,0,0
72448,Rio de Janeiro,00:00.0,00:00.0,05/11/2016,Organic,Bicycle,13.7,17.3,48.4,72.4,72.4,103.9,21,26,66,93,93,145,1.53,1.5,1.36,1.29,1.29,1.4,,,,,,,,,,,,
72450,Rio de Janeiro,,,07/11/2016,Digital,Bicycle,46.1,62.2,100.5,135.5,135.5,136.2,66,92,174,250,250,252,1.43,1.48,1.73,1.85,1.85,1.85,,,,,,,,,,,,
72454,New York,00:00.0,00:00.0,10/11/2016,Referral,Scooter / Motorcycle,52.8,97.4,177.8,387.2,572,735,136,260,505,1146,1699,2185,2.58,2.67,2.84,2.96,2.97,2.97,,,,,,,,,,,,
72457,Rio de Janeiro,00:00.0,00:00.0,11/11/2016,Organic,Bicycle,28.2,40.4,82.4,103.2,103.2,108.7,72,103,198,257,257,273,2.56,2.55,2.4,2.49,2.49,2.51,,,,,,,,,,,,
72460,New York,00:00.0,00:00.0,12/11/2016,Digital,Bicycle,1.8,1.8,1.8,1.8,1.8,1.8,2,2,2,2,2,2,1.11,1.11,1.11,1.11,1.11,1.11,,,,,,,,,,,,
72462,Rio de Janeiro,00:00.0,00:00.0,07/11/2016,Organic,Bicycle,12.5,21.4,56.2,82.7,110.5,110.5,23,36,76,112,168,168,1.84,1.68,1.35,1.35,1.52,1.52,,,,,,,,,,,,
72467,Rio de Janeiro,00:00.0,00:00.0,06/11/2016,Organic,Bicycle,23.1,30.7,51.2,65.9,80.6,159,47,65,117,154,191,356,2.04,2.12,2.29,2.34,2.37,2.24,,,,,,,,,,,,
72469,Rio de Janeiro,00:00.0,00:00.0,06/11/2016,Organic,Bicycle,28.5,41.7,69.1,135.7,192.3,285.7,57,89,153,298,447,657,2,2.13,2.21,2.2,2.32,2.3,,,,,,,,,,,,
72470,Rio de Janeiro,00:00.0,00:00.0,05/11/2016,Organic,Bicycle,23.3,45.1,65.1,65.1,65.1,65.1,39,84,119,119,119,119,1.67,1.86,1.83,1.83,1.83,1.83,,,,,,,,,,,,
72472,Rio de Janeiro,00:00.0,00:00.0,09/11/2016,Organic,Bicycle,19.8,23.2,23.2,23.2,23.2,23.2,38,44,44,44,44,44,1.92,1.89,1.89,1.89,1.89,1.89,,,,,,,,,,,,
72473,Rio de Janeiro,00:00.0,00:00.0,07/11/2016,Organic,Bicycle,5.6,17.5,39.9,61.8,87.4,150.3,11,37,89,158,234,434,1.96,2.11,2.23,2.56,2.68,2.89,,,,,,,,,,,,
72477,Rio de Janeiro,00:00.0,00:00.0,10/11/2016,Organic,Bicycle,4,6.7,8.5,16.8,16.8,16.8,8,14,18,39,39,39,2,2.08,2.11,2.32,2.32,2.32,,,,,,,,,,,,
72478,New York,00:00.0,00:00.0,12/11/2016,Organic,Bicycle,18.9,33.3,47.1,50.3,50.3,50.3,22,37,53,57,57,57,1.16,1.11,1.13,1.13,1.13,1.13,,,,,,,,,,,,
72479,Rio de Janeiro,00:00.0,00:00.0,06/11/2016,Organic,Bicycle,8.3,16.3,32.3,118,176.6,380.5,21,42,74,306,460,1064,2.54,2.58,2.29,2.59,2.6,2.8,,,,,,,,,,,,
72483,New York,00:00.0,00:00.0,05/11/2016,Organic,Bicycle,1.4,1.4,1.4,1.4,1.4,1.4,0,0,0,0,0,0,0,0,0,0,0,0,,,,,,,,,,,,
72513,Rio de Janeiro,00:00.0,00:00.0,17/11/2016,Organic,Bicycle,2,32.7,83.3,105,127.2,176.3,0,63,160,197,255,384,0,1.92,1.92,1.88,2.01,2.18,,,,,,,,,,,,
72520,New York,00:00.0,00:00.0,08/11/2016,Digital,Bicycle,26,35.5,35.5,35.5,35.5,35.5,37,59,59,59,59,59,1.42,1.66,1.66,1.66,1.66,1.66,,,,,,,,,,,,
72521,New York,00:00.0,00:00.0,11/11/2016,Referral,Bicycle,4.4,4.4,4.4,4.4,4.4,4.4,3,3,3,3,3,3,0.69,0.69,0.69,0.69,0.69,0.69,,,,,,,,,,,,
72523,New York,00:00.0,00:00.0,06/11/2016,Organic,Bicycle,10.1,22.4,38.3,70.6,91.6,147.2,23,56,100,178,227,404,2.28,2.5,2.61,2.52,2.48,2.74,,,1,1,1,5,,,0,0,0,1
72524,New York,00:00.0,00:00.0,13/11/2016,Digital,Bicycle,9.4,12.3,20.5,29.1,29.1,73.7,19,27,43,60,60,130,2.03,2.2,2.09,2.06,2.06,1.76,,,,,,,,,,,,
72527,New York,00:00.0,00:00.0,11/11/2016,Referral,Scooter / Motorcycle,20,35.8,35.8,35.8,35.8,35.8,43,82,82,82,82,82,2.14,2.29,2.29,2.29,2.29,2.29,,,,,,,,,,,,
72528,New York,00:00.0,00:00.0,06/11/2016,Referral,Scooter / Motorcycle,21,76.5,188.7,413.5,597.8,1142.5,24,110,336,841,1303,2673,1.14,1.44,1.78,2.03,2.18,2.34,,,,,,,,,,,,
72530,New York,00:00.0,00:00.0,05/11/2016,Digital,Bicycle,6.3,6.7,7,7,7.4,7.5,3,3,3,3,3,3,0.48,0.45,0.43,0.43,0.41,0.4,,,,,,,,,,,,
72531,New York,00:00.0,00:00.0,06/11/2016,Organic,Scooter / Motorcycle,1.1,1.1,1.1,1.1,1.1,1.1,0,0,0,0,0,0,0,0,0,0,0,0,,,,,,,,,,,,
72532,New York,00:00.0,00:00.0,15/11/2016,Referral,Bicycle,13.7,17.9,37.6,50.1,50.1,50.1,24,32,74,99,99,99,1.75,1.79,1.97,1.98,1.98,1.98,,,,,,,,,,,,
72533,New York,00:00.0,00:00.0,11/11/2016,Digital,Bicycle,6,6,13.7,20.7,20.7,20.7,14,14,29,40,40,40,2.33,2.33,2.11,1.94,1.94,1.94,,,,,,,,,,,,
72534,New York,00:00.0,00:00.0,11/11/2016,Referral,Bicycle,2.5,6.1,6.1,6.1,6.1,6.1,3,6,6,6,6,6,1.18,0.99,0.99,0.99,0.99,0.99,,,,,,,,,,,,
72535,New York,00:00.0,00:00.0,06/11/2016,Organic,Bicycle,12.6,27.3,51.2,63.8,63.8,63.8,37,81,156,196,196,196,2.93,2.96,3.05,3.07,3.07,3.07,,,,,,,,,,,,
72536,New York,00:00.0,00:00.0,07/11/2016,Referral,Scooter / Motorcycle,24.8,29.9,72.5,161.4,233.6,526.6,46,56,139,387,591,1526,1.86,1.87,1.92,2.4,2.53,2.9,,,,,2,2,,,,,1,1
72540,New York,00:00.0,00:00.0,14/11/2016,Organic,Bicycle,10.3,20.2,23.8,42.7,42.7,42.7,14,21,25,47,47,47,1.36,1.04,1.05,1.1,1.1,1.1,,,,,,,,,,,,
72541,New York,00:00.0,00:00.0,06/11/2016,Digital,Bicycle,1.6,1.6,1.6,1.6,1.6,1.6,3,3,3,3,3,3,1.88,1.88,1.88,1.88,1.88,1.88,,,,,,,,,,,,
72590,Cape Town,00:00.0,00:00.0,08/11/2016,Organic,Motor Vehicle,73.7,139.4,279.5,573.7,869.6,1791,172,330,670,1352,2070,4518,2.34,2.37,2.4,2.36,2.38,2.52,,,,,,,,,,,,
72603,Rio de Janeiro,00:00.0,00:00.0,09/11/2016,Organic,Bicycle,7.8,8.8,12.9,19.5,19.9,19.9,17,19,26,40,40,40,2.18,2.17,2.02,2.05,2.01,2.01,,,,,1,1,,,,,0,0
72607,Rio de Janeiro,00:00.0,00:00.0,08/11/2016,Organic,Bicycle,30.1,45.9,61,161.2,218.8,229.3,27,46,71,245,366,385,0.9,1,1.16,1.52,1.67,1.68,,,,,,,,,,,,
72609,Rio de Janeiro,00:00.0,00:00.0,09/11/2016,Organic,Bicycle,28.4,36.7,40.4,46.7,58.3,289.9,47,63,70,79,97,528,1.65,1.72,1.73,1.69,1.66,1.82,,,,,,1,,,,,,0
72610,Rio de Janeiro,00:00.0,00:00.0,24/12/2016,Organic,Bicycle,25.6,51.1,90.6,99.6,99.6,185.7,31,65,124,140,140,280,1.21,1.27,1.37,1.41,1.41,1.51,,,,,,,,,,,,
72611,Rio de Janeiro,00:00.0,00:00.0,06/11/2016,Organic,Bicycle,23.9,50.3,80.5,179.9,223.4,420.7,63,142,231,500,619,1172,2.63,2.82,2.87,2.78,2.77,2.79,,,,,,,,,,,,
72612,Cape Town,00:00.0,00:00.0,07/11/2016,Organic,Bicycle,26.6,68.4,131.6,243,330.9,440.4,46,124,240,447,633,878,1.73,1.81,1.82,1.84,1.91,1.99,,,,,,,,,,,,
72613,Rio de Janeiro,00:00.0,00:00.0,07/11/2016,Organic,Bicycle,17.2,33.4,42.3,59.7,110.1,189.9,45,88,114,149,266,484,2.62,2.64,2.7,2.49,2.42,2.55,,,,,,,,,,,,
72614,Cape Town,00:00.0,00:00.0,07/11/2016,Organic,Bicycle,5.4,23.9,73.6,151.5,245.6,521.5,12,54,153,326,573,1242,2.23,2.26,2.08,2.15,2.33,2.38,,,,,,,,,,,,
72616,Rio de Janeiro,00:00.0,00:00.0,25/11/2016,Organic,Bicycle,20.3,49.9,97.4,157.9,157.9,212.2,51,113,228,376,376,504,2.51,2.26,2.34,2.38,2.38,2.37,,,,,,,,,,,,
72617,Rio de Janeiro,00:00.0,00:00.0,14/11/2016,Organic,Bicycle,1.8,4.7,23.5,29.2,29.2,29.2,4,12,75,88,88,88,2.22,2.57,3.19,3.01,3.01,3.01,,,,,,,,,,,,
72618,Cape Town,00:00.0,00:00.0,07/11/2016,Organic,Bicycle,4.7,6.9,6.9,9.7,12.4,12.4,6,9,9,12,15,15,1.28,1.31,1.31,1.24,1.21,1.21,,,,,,,,,,,,
72638,Rio de Janeiro,00:00.0,00:00.0,09/11/2016,Organic,Bicycle,29.3,69.6,94.2,94.2,94.2,211.1,54,138,171,171,171,424,1.84,1.98,1.81,1.81,1.81,2.01,,,,,,,,,,,,
72651,Rio de Janeiro,00:00.0,00:00.0,12/11/2016,Organic,Bicycle,5.2,5.2,7.1,7.1,7.1,35.4,11,11,16,16,16,88,2.11,2.11,2.24,2.24,2.24,2.48,,,,,,,,,,,,
72720,New York,00:00.0,00:00.0,11/11/2016,Organic,Bicycle,11.2,11.2,16.2,16.2,16.2,16.2,24,24,35,35,35,35,2.13,2.13,2.16,2.16,2.16,2.16,,,,,,,,,,,,
72727,New York,00:00.0,00:00.0,25/11/2016,Organic,Bicycle,31,34.5,34.5,34.5,34.5,34.5,58,68,68,68,68,68,1.87,1.97,1.97,1.97,1.97,1.97,,,,,,,,,,,,
72739,New York,00:00.0,00:00.0,11/11/2016,Referral,Bicycle,29.6,39,53.9,53.9,53.9,53.9,66,87,113,113,113,113,2.23,2.23,2.1,2.1,2.1,2.1,,,,,,,,,,,,
72758,Rio de Janeiro,00:00.0,00:00.0,07/11/2016,Organic,Bicycle,18.5,27.7,52,85.9,91.5,185.4,43,60,113,199,214,472,2.32,2.17,2.17,2.32,2.34,2.55,,,,,,,,,,,,
72761,Rio de Janeiro,00:00.0,00:00.0,24/11/2016,Organic,Bicycle,7.7,7.7,7.7,7.7,7.7,211.8,14,14,14,14,14,484,1.81,1.81,1.81,1.81,1.81,2.28,,,,,,,,,,,,
72762,Rio de Janeiro,00:00.0,00:00.0,09/11/2016,Organic,Bicycle,5,6.1,15.6,18.2,23.5,39,8,10,27,32,44,88,1.61,1.63,1.73,1.76,1.87,2.26,,,,,,,,,,,,
72765,Rio de Janeiro,00:00.0,00:00.0,07/11/2016,Organic,Bicycle,34.4,47.8,75.6,108.9,116.6,140.3,75,109,175,251,270,341,2.18,2.28,2.32,2.31,2.32,2.43,,,,,,,,,,,,
72766,New York,00:00.0,00:00.0,17/11/2016,Organic,Bicycle,10.7,17.3,23.6,69.4,74.6,74.6,9,15,20,73,75,75,0.84,0.87,0.85,1.05,1.01,1.01,,,,,,,,,,,,
72767,Rio de Janeiro,,,08/11/2016,Unknown,Bicycle,37.8,86,185,343.2,424.4,706.2,65,156,321,559,699,1387,1.72,1.81,1.73,1.63,1.65,1.96,,,,,,,,,,,,
72798,New York,00:00.0,00:00.0,13/11/2016,Referral,Bicycle,2.9,2.9,2.9,2.9,2.9,2.9,2,2,2,2,2,2,0.69,0.69,0.69,0.69,0.69,0.69,,,,,,,,,,,,
72809,New York,00:00.0,00:00.0,12/02/2017,Organic,Scooter / Motorcycle,40.9,76,89.5,99.6,124.2,141.9,91,174,205,228,291,335,2.22,2.29,2.29,2.29,2.34,2.36,,,,,,,,,,,,
72810,New York,00:00.0,00:00.0,28/11/2016,Digital,Scooter / Motorcycle,22.2,30.2,35.5,40.2,40.2,40.2,58,75,85,99,99,99,2.61,2.49,2.39,2.46,2.46,2.46,,,,,,,,,,,,
72813,New York,00:00.0,00:00.0,12/11/2016,Organic,Bicycle,15.1,29.1,35.9,42.9,42.9,42.9,35,60,76,93,93,93,2.32,2.06,2.11,2.17,2.17,2.17,,,,,,,,,,,,
72825,Rio de Janeiro,00:00.0,00:00.0,08/11/2016,Organic,Bicycle,18.4,30.1,79.6,183.5,280.8,536,23,38,122,323,559,1156,1.25,1.26,1.53,1.76,1.99,2.16,,,,,,,,,,,,
72830,Rio de Janeiro,00:00.0,00:00.0,10/11/2016,Organic,Bicycle,31.8,62,118.7,241.4,353,484.9,52,108,206,446,697,996,1.64,1.74,1.74,1.85,1.97,2.05,,,,,,,,,,,,
72833,New York,00:00.0,00:00.0,11/11/2016,Referral,Scooter / Motorcycle,14.2,36.7,75.7,194.6,228.4,660.3,38,95,233,548,620,1672,2.68,2.59,3.08,2.82,2.71,2.53,,,,,,,,,,,,
72835,Rio de Janeiro,00:00.0,00:00.0,08/11/2016,Organic,Bicycle,18.2,18.2,18.2,18.2,18.2,18.2,22,22,22,22,22,22,1.21,1.21,1.21,1.21,1.21,1.21,,,,,,,,,,,,
72839,New York,00:00.0,00:00.0,13/11/2016,Referral,Scooter / Motorcycle,5.7,5.7,23.4,35.1,37.1,37.1,14,14,51,83,84,84,2.46,2.44,2.18,2.37,2.26,2.26,,1,1,2,2,2,,0,0,0,1,1
72843,New York,00:00.0,00:00.0,06/11/2016,Referral,Scooter / Motorcycle,49,79.7,79.7,79.7,206.4,606.1,120,186,186,186,546,1770,2.45,2.34,2.33,2.33,2.65,2.92,,1,1,1,1,1,,1,1,1,1,1
72845,New York,00:00.0,00:00.0,06/11/2016,Organic,Scooter / Motorcycle,7.7,52.9,140.3,308.7,475.2,642.7,15,106,309,721,1096,1508,1.94,2,2.2,2.34,2.31,2.35,,,,,,1,,,,,,0
72854,Rio de Janeiro,00:00.0,00:00.0,09/11/2016,Organic,Bicycle,24.5,46.3,48.1,69.5,69.5,91.7,63,109,113,181,181,244,2.57,2.36,2.35,2.6,2.6,2.66,,,,,1,3,,,,,0,0
72857,Rio de Janeiro,00:00.0,00:00.0,09/11/2016,Organic,Bicycle,27.8,61.5,77,78.6,78.6,78.6,56,115,140,144,144,144,2.02,1.87,1.82,1.83,1.83,1.83,,,,,,,,,,,,
72865,Rio de Janeiro,00:00.0,00:00.0,07/11/2016,Organic,Bicycle,23.9,38.3,86.3,86.3,86.3,86.3,56,85,218,218,218,218,2.34,2.22,2.53,2.53,2.53,2.53,,,,,,,,,,,,
72873,Rio de Janeiro,00:00.0,00:00.0,09/11/2016,Organic,Bicycle,9.5,18.1,29.4,47.4,72.2,88.4,26,44,62,101,176,227,2.75,2.44,2.11,2.13,2.44,2.57,,,,,,,,,,,,
72874,Rio de Janeiro,00:00.0,00:00.0,07/11/2016,Referral,Bicycle,9.5,16.2,25.2,25.2,32.3,106.4,19,33,47,47,67,289,1.99,2.03,1.87,1.87,2.08,2.72,,,,,,,,,,,,
72878,New York,00:00.0,00:00.0,11/11/2016,Referral,Scooter / Motorcycle,44.1,75.4,142.2,267.5,375.7,644.9,66,117,226,449,638,1165,1.5,1.55,1.59,1.68,1.7,1.81,,3,3,4,4,4,,0,0,0,0,0
72883,New York,00:00.0,00:00.0,19/11/2016,Offline,Scooter / Motorcycle,24.9,46.4,70.5,70.5,70.5,70.5,68,125,184,184,184,184,2.73,2.69,2.61,2.61,2.61,2.61,,,,,,,,,,,,
72888,New York,00:00.0,00:00.0,11/11/2016,Organic,Scooter / Motorcycle,8.8,8.8,12.1,39.7,56,80.5,16,16,25,88,133,192,1.82,1.82,2.06,2.22,2.38,2.39,,,,,,,,,,,,
72890,Rio de Janeiro,00:00.0,00:00.0,06/11/2016,Organic,Bicycle,29.8,53.7,100.8,182.4,302.5,387.8,54,97,197,399,682,911,1.81,1.81,1.95,2.19,2.25,2.35,,,,1,3,3,,,,0,0,0
72892,Rio de Janeiro,,,26/11/2016,Unknown,Bicycle,5.9,9.2,15.5,27.8,40.6,95.5,14,21,37,65,98,252,2.36,2.29,2.39,2.34,2.41,2.64,,,,,,1,,,,,,0
72894,New York,00:00.0,00:00.0,06/11/2016,Digital,Scooter / Motorcycle,22.1,34.6,115.9,187.3,241.5,292.5,50,75,279,468,634,839,2.26,2.17,2.41,2.5,2.63,2.87,,,,,,,,,,,,
72898,Rio de Janeiro,00:00.0,00:00.0,09/11/2016,Organic,Bicycle,11.5,17.2,27.3,27.3,31.3,49.2,25,38,57,57,64,107,2.18,2.2,2.09,2.09,2.04,2.17,,,,,,1,,,,,,0
72899,Rio de Janeiro,00:00.0,00:00.0,09/11/2016,Digital,Bicycle,5.2,11.4,19.3,27.5,36.6,52.2,10,24,41,62,86,126,1.94,2.11,2.13,2.26,2.35,2.42,,,,,,,,,,,,
72902,New York,00:00.0,00:00.0,11/11/2016,Offline,Bicycle,49.3,100.9,164.9,325,354.5,640,23,61,89,186,200,597,0.47,0.6,0.54,0.57,0.56,0.93,,,,1,1,1,,,,1,1,1
72906,Rio de Janeiro,00:00.0,00:00.0,10/11/2016,Organic,Bicycle,10,17,30.2,58.4,84.3,155.5,22,39,73,145,205,423,2.21,2.3,2.42,2.48,2.43,2.72,,,,,,,,,,,,
72911,Rio de Janeiro,00:00.0,00:00.0,08/11/2016,Organic,Bicycle,11.5,18.1,18.5,19.9,19.9,44.9,24,38,39,42,42,118,2.09,2.1,2.1,2.11,2.11,2.63,,,,,,,,,,,,
72913,New York,00:00.0,00:00.0,11/11/2016,Organic,Bicycle,16,16,16,16,16,16,21,21,21,21,21,21,1.31,1.31,1.31,1.31,1.31,1.31,,,,,,,,,,,,
72921,New York,00:00.0,00:00.0,13/11/2016,Organic,Bicycle,12.6,29.1,55.4,97,114.3,135.4,32,74,132,223,272,343,2.54,2.55,2.38,2.3,2.38,2.53,,,,,,,,,,,,
72926,Rio de Janeiro,00:00.0,00:00.0,07/11/2016,Referral,Bicycle,15.2,30.6,64.6,171.9,201.1,201.1,28,60,116,354,436,436,1.84,1.96,1.79,2.06,2.17,2.17,1,1,1,1,3,3,0,0,0,0,0,0
72928,Rio de Janeiro,00:00.0,00:00.0,07/11/2016,Organic,Bicycle,27.5,43.7,81.2,150.4,196.4,330.6,60,100,186,367,481,830,2.18,2.29,2.29,2.44,2.45,2.51,,,,,,,,,,,,
72932,Rio de Janeiro,00:00.0,00:00.0,06/12/2016,Organic,Bicycle,15,23.3,41.2,53.2,54.7,62.7,32,55,96,124,126,144,2.13,2.36,2.33,2.33,2.3,2.3,,,,,,,,,,,,
72933,Rio de Janeiro,00:00.0,00:00.0,08/11/2016,Organic,Bicycle,31.2,50.9,62.3,65.6,70.5,70.5,60,106,126,133,145,145,1.93,2.08,2.02,2.03,2.06,2.06,,,,,,,,,,,,
72938,Rio de Janeiro,00:00.0,00:00.0,10/11/2016,Organic,Bicycle,9.4,20.8,33.5,63.3,69.2,69.2,11,26,41,89,97,97,1.17,1.25,1.22,1.41,1.4,1.4,,,,,,,,,,,,
72942,Rio de Janeiro,00:00.0,00:00.0,07/11/2016,Referral,Bicycle,14.9,23.4,60.4,81.4,81.4,121.1,38,61,154,212,212,320,2.55,2.61,2.55,2.61,2.61,2.64,,,,,,,,,,,,
72944,Rio de Janeiro,00:00.0,00:00.0,08/11/2016,Organic,Bicycle,11.1,11.1,11.1,11.1,11.1,11.1,16,16,16,16,16,16,1.44,1.44,1.44,1.44,1.44,1.44,,,,,,,,,,,,
72945,Rio de Janeiro,00:00.0,00:00.0,13/11/2016,Organic,Bicycle,9.5,23.7,48.3,101.5,145.1,267.1,20,49,104,252,386,721,2.1,2.07,2.16,2.48,2.66,2.7,,,,,,,,,,,,
72952,Rio de Janeiro,00:00.0,00:00.0,08/11/2016,Organic,Bicycle,14.5,68.4,72.5,243,329.6,617.3,24,131,136,443,624,1275,1.65,1.91,1.88,1.82,1.89,2.07,,,,,,,,,,,,
72953,New York,00:00.0,00:00.0,08/11/2016,Referral,Bicycle,13.8,20.2,45,171.7,299.6,562.8,29,45,95,386,697,1398,2.11,2.23,2.11,2.25,2.33,2.48,,1,1,1,1,1,,0,1,1,1,1
72954,New York,00:00.0,00:00.0,11/11/2016,Referral,Scooter / Motorcycle,29.5,59.2,74.4,98.5,103.1,103.1,59,127,157,211,223,223,2,2.15,2.11,2.14,2.16,2.16,,,,,,,,,,,,
72956,New York,00:00.0,00:00.0,18/11/2016,Referral,Scooter / Motorcycle,49.2,72.7,156.9,365.4,518.6,1009.3,43,62,183,572,883,1869,0.87,0.85,1.17,1.57,1.7,1.85,,,,,,,,,,,,
72965,New York,00:00.0,00:00.0,08/11/2016,Digital,Bicycle,33.7,81.2,161.3,209.9,215.9,215.9,68,165,335,425,438,438,2.02,2.03,2.08,2.02,2.03,2.03,,,,,,,,,,,,
72968,New York,00:00.0,00:00.0,07/11/2016,Referral,Bicycle,18.3,37.2,75.4,86.3,86.3,86.3,39,81,170,193,193,193,2.13,2.18,2.25,2.24,2.24,2.24,,,,,,,,,,,,
72969,New York,00:00.0,00:00.0,07/11/2016,Organic,Scooter / Motorcycle,15,25.1,86.9,224.6,272.7,524.9,45,74,269,659,808,1536,3,2.94,3.09,2.93,2.96,2.93,,,,1,1,1,,,,0,0,0
72971,New York,00:00.0,00:00.0,07/11/2016,Referral,Scooter / Motorcycle,34.1,59.2,110.8,191.2,241.8,627,54,96,186,324,418,966,1.59,1.62,1.68,1.69,1.73,1.54,,,,,,,,,,,,
72972,New York,00:00.0,00:00.0,06/11/2016,Referral,Bicycle,10.5,30.3,58.8,95.6,95.6,95.6,7,28,52,83,83,83,0.67,0.92,0.88,0.87,0.87,0.87,,,,1,1,1,,,,0,0,0
72976,New York,00:00.0,00:00.0,09/11/2016,Digital,Bicycle,9.8,18.3,28.3,32.5,32.5,40.6,28,61,88,101,101,128,2.86,3.33,3.11,3.11,3.11,3.15,,,,,,,,,,,,
72977,New York,00:00.0,00:00.0,08/11/2016,Referral,Bicycle,7.1,13.7,27,53.5,70.8,80.5,14,31,49,96,136,165,1.97,2.26,1.81,1.8,1.92,2.05,,,2,2,2,2,,,0,0,0,0
72978,New York,00:00.0,00:00.0,10/11/2016,Referral,Bicycle,33.2,61.3,113.3,149.4,174.7,577,65,139,225,296,346,764,1.96,2.27,1.99,1.98,1.98,1.32,1,1,1,1,1,4,0,0,0,0,0,0
73002,Cape Town,00:00.0,00:00.0,08/11/2016,Organic,Bicycle,19.3,35.9,78,150.6,216.7,302.2,23,54,116,215,332,462,1.19,1.5,1.49,1.43,1.53,1.53,,,,,,,,,,,,
73004,Cape Town,00:00.0,00:00.0,11/11/2016,Organic,Bicycle,19.6,40.8,59.6,74,159.3,396,39,83,117,149,339,856,1.99,2.03,1.96,2.01,2.13,2.16,,,,,,,,,,,,
73005,Cape Town,00:00.0,00:00.0,19/11/2016,Organic,Bicycle,53.8,83.6,125.5,201.1,271.5,395.6,121,182,263,384,535,808,2.25,2.18,2.1,1.91,1.97,2.04,,,,,,,,,,,,
73006,Cape Town,00:00.0,00:00.0,08/11/2016,Digital,Motor Vehicle,23,36.4,70.6,114.6,172.7,221.8,38,65,115,181,287,363,1.65,1.79,1.63,1.58,1.66,1.64,,,,,,,,,,,,
73007,Rio de Janeiro,00:00.0,00:00.0,10/11/2016,Organic,Bicycle,9.8,12.8,18,18,18,18,22,30,41,41,41,41,2.24,2.34,2.27,2.27,2.27,2.27,,,,,,,,,,,,
73008,Rio de Janeiro,,,08/11/2016,Organic,Bicycle,10.2,23,23,46.4,58.2,61.3,16,29,29,70,84,91,1.56,1.26,1.26,1.51,1.44,1.48,,,,,,,,,,,,
73009,Rio de Janeiro,00:00.0,00:00.0,18/11/2016,Organic,Bicycle,6.8,21.8,23.1,36,36,194.1,12,40,43,65,65,439,1.76,1.84,1.86,1.81,1.81,2.26,,,,,,,,,,,,
73010,Rio de Janeiro,00:00.0,00:00.0,08/11/2016,Organic,Bicycle,11.7,11.7,17.3,28,28,66.3,23,23,33,47,47,128,1.96,1.96,1.91,1.68,1.68,1.93,,,,,,,,,,,,
73011,Rio de Janeiro,00:00.0,00:00.0,08/11/2016,Organic,Bicycle,30.2,40.9,73,161,248.6,539.9,81,112,187,418,630,1630,2.68,2.74,2.56,2.6,2.53,3.02,,,,,,,,,,,,
73012,Rio de Janeiro,00:00.0,00:00.0,12/11/2016,Organic,Bicycle,25.4,33.6,60.1,88.5,105.1,184.8,37,51,90,136,167,308,1.46,1.52,1.5,1.54,1.59,1.67,,,,,,,,,,,,
73013,Rio de Janeiro,00:00.0,00:00.0,08/11/2016,Organic,Bicycle,7.8,7.8,10.3,10.3,10.3,10.3,19,19,26,26,26,26,2.44,2.44,2.52,2.51,2.51,2.51,,,,,,,,,,,,
73014,Rio de Janeiro,00:00.0,00:00.0,08/11/2016,Referral,Bicycle,3.9,3.9,3.9,3.9,3.9,3.9,7,7,7,7,7,7,1.8,1.8,1.8,1.8,1.8,1.8,,,,,,,,,,,,
73017,Rio de Janeiro,00:00.0,00:00.0,07/11/2016,Organic,Bicycle,26.1,53.9,125.8,208.9,208.9,208.9,48,105,225,369,369,369,1.84,1.95,1.79,1.77,1.77,1.77,,,,,,,,,,,,
73021,Rio de Janeiro,00:00.0,00:00.0,07/11/2016,Organic,Bicycle,15.5,24.3,44.4,69.4,88.5,133.8,18,29,56,101,149,303,1.16,1.2,1.26,1.46,1.68,2.26,,,,,,,,,,,,
73023,Rio de Janeiro,00:00.0,00:00.0,07/11/2016,Organic,Bicycle,4,5.4,9.1,9.1,9.1,10,5,8,11,11,11,14,1.27,1.49,1.21,1.21,1.21,1.4,,,,,,,,,,,,
73025,Rio de Janeiro,00:00.0,00:00.0,07/11/2016,Organic,Bicycle,16.9,35.1,58.5,108.9,143.8,284.5,27,59,96,191,273,581,1.59,1.68,1.64,1.75,1.9,2.04,,,,,,,,,,,,
73027,Rio de Janeiro,00:00.0,00:00.0,07/11/2016,Organic,Bicycle,7.8,19.6,19.7,19.7,19.7,23.4,11,31,31,31,31,32,1.42,1.58,1.57,1.57,1.57,1.37,,,,,,,,,,,,
73037,Cape Town,00:00.0,00:00.0,09/11/2016,Organic,Bicycle,23.5,38.8,76.5,142.1,169.9,169.9,45,70,125,222,274,274,1.91,1.8,1.63,1.56,1.61,1.61,,,,,,,,,,,,
73040,Cape Town,00:00.0,00:00.0,11/11/2016,Organic,Motor Vehicle,5.2,5.2,28.9,71.6,89.3,89.3,12,12,59,135,161,161,2.33,2.33,2.04,1.89,1.8,1.8,,,,,,,,,,,,
73042,Cape Town,00:00.0,00:00.0,08/11/2016,Organic,Bicycle,37,43.8,115.8,200.9,224.2,433,73,90,226,366,406,847,1.97,2.05,1.95,1.82,1.81,1.96,,,,,,,,,,,,
73065,Cape Town,00:00.0,00:00.0,10/11/2016,Digital,Bicycle,18,27.3,43.8,67.4,67.4,67.4,43,61,89,129,129,129,2.39,2.23,2.03,1.91,1.91,1.91,,,,,,,,,,,,
73071,Cape Town,00:00.0,00:00.0,09/11/2016,Organic,Bicycle,27.2,54.2,92.8,178.2,264.7,522.9,57,111,167,299,455,934,2.1,2.05,1.8,1.68,1.72,1.79,,,,,,,,,,,,
73092,New York,00:00.0,00:00.0,10/11/2016,Referral,Bicycle,19.4,32.3,60.5,60.5,60.5,60.5,16,33,47,47,47,47,0.82,1.02,0.78,0.78,0.78,0.78,,,,1,1,1,,,,0,0,0
73099,New York,00:00.0,00:00.0,15/11/2016,Organic,Bicycle,5.9,5.9,5.9,5.9,5.9,5.9,9,9,9,9,9,9,1.52,1.52,1.52,1.52,1.52,1.52,,,,,,,,,,,,
73103,New York,00:00.0,00:00.0,25/03/2017,Referral,Scooter / Motorcycle,15.7,21.8,21.8,31.5,31.5,50.9,31,48,48,74,74,120,1.97,2.2,2.2,2.35,2.35,2.36,,,,,,,,,,,,
73110,Rio de Janeiro,00:00.0,00:00.0,08/11/2016,Organic,Bicycle,11.4,17.8,33.9,33.9,41.6,68.3,20,38,80,80,103,177,1.75,2.13,2.36,2.36,2.48,2.59,,,,,,,,,,,,
73113,Rio de Janeiro,,,09/11/2016,Unknown,Bicycle,59.9,110.4,197.3,421.6,676.8,993,121,230,366,853,1410,2184,2.02,2.08,1.86,2.02,2.08,2.2,,,,,,,,,,,,
73114,Rio de Janeiro,00:00.0,00:00.0,08/11/2016,Organic,Bicycle,15.4,21.4,35.9,50.3,54.7,61.2,31,46,78,116,128,146,2.02,2.15,2.17,2.31,2.34,2.39,,,,,,,,,,,,
73116,Rio de Janeiro,00:00.0,00:00.0,08/11/2016,Organic,Bicycle,19.5,32.2,65.3,94.6,152.2,259.4,31,50,105,162,285,546,1.59,1.55,1.61,1.71,1.87,2.1,,,,1,1,1,,,,0,0,0
73120,Rio de Janeiro,00:00.0,00:00.0,23/11/2016,Organic,Bicycle,12.5,20.4,28.3,41.2,41.2,42.7,28,46,65,91,91,96,2.25,2.26,2.29,2.21,2.21,2.25,,,,,,,,,,,,
73122,Rio de Janeiro,00:00.0,00:00.0,08/11/2016,Organic,Bicycle,21.6,50.6,107.7,129,133.7,133.7,38,77,181,218,231,231,1.76,1.52,1.68,1.69,1.73,1.73,,,,,,,,,,,,
73124,Rio de Janeiro,00:00.0,00:00.0,08/11/2016,Organic,Bicycle,2.5,2.5,2.5,10.6,23.3,32.6,5,5,5,22,48,67,1.96,1.96,1.96,2.07,2.06,2.06,,,,,,1,,,,,,0
73130,Rio de Janeiro,00:00.0,00:00.0,08/11/2016,Organic,Bicycle,15.5,20.2,20.2,25.3,25.3,31.2,23,30,30,36,36,46,1.49,1.48,1.48,1.42,1.42,1.48,,,,,,,,,,,,
73143,New York,00:00.0,00:00.0,15/11/2016,Organic,Bicycle,8.4,18.5,32.3,129.2,183.7,208.1,17,32,52,117,162,208,2.02,1.73,1.61,0.91,0.88,1,,,,3,3,3,,,,1,1,1
73158,New York,00:00.0,00:00.0,16/11/2016,Referral,Bicycle,4.7,4.7,4.7,4.7,4.7,4.7,7,7,7,7,7,7,1.49,1.49,1.49,1.49,1.49,1.49,,,,,,,,,,,,
73162,New York,00:00.0,00:00.0,12/11/2016,Digital,Bicycle,17.6,30.6,40.2,40.2,40.2,40.2,26,42,58,58,58,58,1.48,1.37,1.44,1.44,1.44,1.44,,,,,,,,,,,,
73165,New York,00:00.0,00:00.0,11/11/2016,Organic,Bicycle,1.6,1.6,1.6,1.6,1.6,1.6,0,0,0,0,0,0,0,0,0,0,0,0,,,,,,,,,,,,
73174,New York,00:00.0,00:00.0,27/01/2017,Referral,Scooter / Motorcycle,57.2,100,122.5,141.8,237,614.5,114,200,250,273,429,1205,1.99,2,2.04,1.93,1.81,1.96,,,,1,1,2,,,,0,0,0
73179,New York,00:00.0,00:00.0,29/11/2016,Organic,Scooter / Motorcycle,10.1,17.7,18.4,18.4,18.4,18.4,12,23,24,24,24,24,1.19,1.3,1.31,1.31,1.31,1.31,,,,,,,,,,,,
73182,New York,00:00.0,00:00.0,13/11/2016,Referral,Bicycle,16.3,23.2,58.3,111.9,128.6,128.6,11,16,46,74,89,89,0.68,0.69,0.79,0.66,0.69,0.69,,,,2,3,3,,,,0,0,0
73198,Rio de Janeiro,00:00.0,00:00.0,09/11/2016,Organic,Bicycle,16.9,38.4,82.9,164,242.8,474.1,29,81,197,382,603,1298,1.71,2.11,2.38,2.33,2.48,2.74,,,,,,,,,,,,
73199,New York,00:00.0,00:00.0,11/11/2016,Referral,Scooter / Motorcycle,49.4,79.3,165.1,356.1,518.4,1050.6,74,129,312,726,1073,2215,1.5,1.63,1.89,2.04,2.07,2.11,,,,1,1,2,,,,0,0,0
73205,Rio de Janeiro,00:00.0,00:00.0,08/11/2016,Organic,Bicycle,17.9,29.4,38,47.5,47.5,47.5,28,50,70,87,87,87,1.57,1.7,1.84,1.83,1.83,1.83,,,,,,,,,,,,
73210,Rio de Janeiro,00:00.0,00:00.0,08/11/2016,Organic,Bicycle,17.1,51.5,82.9,223.9,337.4,778.7,40,112,175,448,704,1659,2.34,2.17,2.11,2,2.09,2.13,,,,,,,,,,,,
73216,Rio de Janeiro,00:00.0,00:00.0,07/11/2016,Organic,Bicycle,0.9,0.9,0.9,0.9,0.9,0.9,1,1,1,1,1,1,1.06,1.06,1.06,1.06,1.06,1.06,,,,,,,,,,,,
73220,Rio de Janeiro,00:00.0,00:00.0,08/11/2016,Organic,Bicycle,22.1,31.6,54.2,119.4,145.4,319.1,51,74,125,300,365,774,2.31,2.34,2.31,2.51,2.51,2.43,,,,,,,,,,,,
73221,Rio de Janeiro,00:00.0,00:00.0,10/11/2016,Referral,Bicycle,14.6,23.5,26.4,38.4,50.9,128.1,34,58,66,97,135,355,2.33,2.46,2.5,2.53,2.65,2.77,,,,,1,1,,,,,0,0
73256,Rio de Janeiro,00:00.0,00:00.0,09/11/2016,Organic,Bicycle,8,11.6,17.3,23,31.7,31.7,11,15,22,29,49,49,1.38,1.3,1.27,1.26,1.55,1.55,,,,,,,,,,,,
73267,Rio de Janeiro,00:00.0,00:00.0,10/11/2016,Referral,Bicycle,4.3,6.2,6.2,6.2,6.2,6.2,11,16,16,16,16,16,2.53,2.58,2.58,2.58,2.58,2.58,,,,,,,,,,,,
73270,Rio de Janeiro,00:00.0,00:00.0,08/11/2016,Digital,Bicycle,15.9,23.9,30.3,35.1,35.1,35.1,28,44,55,64,64,64,1.76,1.84,1.82,1.82,1.82,1.82,,,,,,,,,,,,
73271,New York,00:00.0,00:00.0,11/11/2016,Organic,Bicycle,34.6,57.6,111.6,111.6,111.6,111.6,71,109,189,189,189,189,2.05,1.89,1.69,1.69,1.69,1.69,,,,,,,,,,,,
73274,Rio de Janeiro,00:00.0,00:00.0,15/11/2016,Organic,Bicycle,3,13,29.6,114.3,196.9,289.4,5,24,62,253,510,778,1.65,1.84,2.1,2.21,2.59,2.69,,,,1,1,5,,,,0,1,1
73282,Rio de Janeiro,00:00.0,00:00.0,08/11/2016,Organic,Bicycle,10.4,20,37.2,39.6,39.6,39.6,15,33,70,75,75,75,1.45,1.65,1.88,1.89,1.89,1.89,,,,,,,,,,,,
73291,New York,00:00.0,00:00.0,18/11/2016,Digital,Bicycle,8.8,8.8,8.8,8.8,9,89.9,14,14,14,14,14,107,1.6,1.6,1.6,1.6,1.55,1.19,,,,,,1,,,,,,0
73294,New York,00:00.0,00:00.0,08/11/2016,Referral,Scooter / Motorcycle,38.5,48.7,86.7,171.1,234.6,262.1,65,85,152,307,429,490,1.69,1.74,1.75,1.79,1.83,1.87,,,,,,2,,,,,,0
73298,New York,00:00.0,00:00.0,11/11/2016,Digital,Scooter / Motorcycle,58.5,90.4,143.2,151.8,152.4,155.8,130,209,344,363,363,373,2.22,2.31,2.4,2.39,2.38,2.39,,,,,,,,,,,,
73299,Rio de Janeiro,00:00.0,00:00.0,08/11/2016,Organic,Bicycle,18.6,31.9,35.6,35.6,35.6,35.6,25,40,42,42,42,42,1.35,1.25,1.18,1.18,1.18,1.18,,,,,,,,,,,,
73300,Rio de Janeiro,00:00.0,00:00.0,18/11/2016,Organic,Bicycle,11.4,19.9,27.8,35.1,35.1,35.1,23,43,61,78,78,78,2.01,2.16,2.19,2.22,2.22,2.22,,1,1,1,1,1,,0,0,0,0,0
73304,Rio de Janeiro,00:00.0,00:00.0,15/11/2016,Organic,Bicycle,12.4,19.4,31.2,46.7,68.6,151.5,20,35,64,96,155,354,1.62,1.81,2.05,2.06,2.26,2.34,,,1,1,1,1,,,0,0,0,0
73306,Rio de Janeiro,00:00.0,00:00.0,10/11/2016,Organic,Bicycle,6.5,6.5,6.5,13.7,27.8,47.4,15,15,15,27,58,108,2.32,2.32,2.32,1.97,2.08,2.28,,,,,,,,,,,,
73307,Rio de Janeiro,00:00.0,00:00.0,14/12/2016,Organic,Bicycle,2,2,3.6,3.6,3.6,3.6,3,3,7,7,7,7,1.5,1.5,1.93,1.93,1.93,1.93,,,,,,,,,,,,
73309,Rio de Janeiro,00:00.0,00:00.0,09/11/2016,Organic,Bicycle,12.6,26,32.2,32.2,32.2,32.2,31,65,76,76,76,76,2.45,2.5,2.36,2.36,2.36,2.36,,,,,,,,,,,,
73310,Rio de Janeiro,00:00.0,00:00.0,11/11/2016,Organic,Bicycle,15.3,22.1,35.1,42.2,52.2,86,45,64,105,137,165,276,2.94,2.9,2.99,3.25,3.16,3.21,,,,,,,,,,,,
73322,New York,00:00.0,00:00.0,11/11/2016,Organic,Bicycle,36.5,83.7,100,114.1,169.3,169.3,62,102,110,110,128,128,1.7,1.22,1.1,0.96,0.76,0.76,,,,,,,,,,,,
73333,New York,00:00.0,00:00.0,11/11/2016,Referral,Bicycle,31.6,46.8,84.3,100.7,119.3,119.3,54,86,154,186,220,220,1.71,1.84,1.83,1.85,1.84,1.84,,,,,,,,,,,,
73342,New York,00:00.0,00:00.0,11/11/2016,Digital,Scooter / Motorcycle,41.1,70.2,136.2,252,338.2,519.1,101,179,358,685,963,1555,2.46,2.55,2.63,2.72,2.85,3,,,,,,,,,,,,
73350,Rio de Janeiro,00:00.0,00:00.0,09/11/2016,Organic,Bicycle,11.9,13.1,19.1,33.4,33.4,33.4,12,13,20,39,39,39,1.01,0.99,1.04,1.17,1.17,1.17,,,,,,,,,,,,
73351,Rio de Janeiro,00:00.0,00:00.0,08/11/2016,Organic,Bicycle,20.1,39.3,75.5,90.9,90.9,90.9,31,59,108,131,131,131,1.54,1.5,1.43,1.44,1.44,1.44,,,,,,,,,,,,
73353,Rio de Janeiro,00:00.0,00:00.0,08/11/2016,Organic,Bicycle,16.6,16.6,33.5,108.9,108.9,108.9,15,15,42,169,169,169,0.91,0.91,1.25,1.55,1.55,1.55,,,,,,,,,,,,
73363,New York,00:00.0,00:00.0,07/11/2016,Referral,Bicycle,20,61.8,102.4,134.7,134.7,134.7,22,43,84,118,118,118,1.1,0.7,0.82,0.88,0.88,0.88,,,,,,,,,,,,
73364,New York,00:00.0,00:00.0,11/11/2016,Referral,Bicycle,22.7,25.8,37.7,37.7,37.7,37.7,46,54,64,64,64,64,2.02,2.09,1.7,1.7,1.7,1.7,,,,,,,,,,,,
73372,New York,00:00.0,00:00.0,18/11/2016,Organic,Scooter / Motorcycle,44.3,76.5,156.2,288.6,424,957.8,102,191,416,825,1286,1993,2.3,2.5,2.66,2.86,3.03,2.08,,,,,1,5,,,,,0,0
73373,New York,00:00.0,00:00.0,11/11/2016,Digital,Bicycle,19.9,29.7,33.4,36.5,53.5,53.5,34,54,61,66,98,98,1.71,1.82,1.83,1.81,1.83,1.83,,1,1,1,1,1,,0,0,0,0,0
73376,Rio de Janeiro,00:00.0,00:00.0,08/11/2016,Organic,Bicycle,17.6,28.9,58.2,74.2,74.2,74.2,29,47,86,106,106,106,1.65,1.62,1.48,1.43,1.43,1.43,,,,,,,,,,,,
73390,New York,00:00.0,00:00.0,08/11/2016,Referral,Bicycle,15.6,43.9,44.5,44.5,44.5,44.5,0,0,0,0,0,0,0,0,0,0,0,0,,,,,,,,,,,,
73391,New York,00:00.0,00:00.0,09/11/2016,Organic,Bicycle,8,17.3,34.8,67.2,79.2,79.2,11,30,55,100,124,124,1.38,1.73,1.58,1.49,1.57,1.57,,,,7,8,8,,,,1,1,2
73396,New York,00:00.0,00:00.0,11/11/2016,Organic,Bicycle,32.5,57.2,117.4,185.8,264.1,372.6,53,88,187,291,421,648,1.63,1.54,1.59,1.57,1.59,1.74,3,5,5,5,5,5,1,3,3,3,3,3
73397,Rio de Janeiro,00:00.0,00:00.0,09/11/2016,Organic,Bicycle,38.1,57.4,109.3,129.6,166.4,396.5,55,92,175,219,297,822,1.44,1.6,1.6,1.69,1.79,2.07,,,,,,1,,,,,,0
73398,New York,00:00.0,00:00.0,07/11/2016,Referral,Bicycle,0.8,0.8,0.8,1,1,1,0,0,0,0,0,0,0,0,0,0,0,0,,,,,,,,,,,,
73401,New York,00:00.0,00:00.0,22/11/2016,Digital,Bicycle,54.9,66.6,76.3,153.6,153.6,153.6,18,22,25,60,60,60,0.33,0.33,0.33,0.39,0.39,0.39,,,,,,,,,,,,
73403,New York,00:00.0,00:00.0,11/11/2016,Organic,Bicycle,14.1,23.3,33,46.6,83.8,116.1,20,38,59,85,170,241,1.42,1.63,1.79,1.82,2.03,2.08,,,,,,1,,,,,,0
73405,New York,00:00.0,00:00.0,11/11/2016,Digital,Bicycle,8.9,11.4,12.5,22.1,22.1,100.8,18,24,25,42,42,233,2.01,2.11,1.99,1.9,1.9,2.31,,,,,,3,,,,,,0
73408,Rio de Janeiro,00:00.0,00:00.0,08/11/2016,Organic,Bicycle,6.2,10.5,25,25,33.6,33.6,10,16,42,42,54,54,1.62,1.52,1.68,1.68,1.61,1.61,,,,,,,,,,,,
73409,New York,00:00.0,00:00.0,14/11/2016,Organic,Bicycle,11.3,17.4,25.9,43.4,48.8,48.8,26,48,71,115,129,129,2.3,2.75,2.74,2.65,2.64,2.64,,,,,,,,,,,,
73410,New York,00:00.0,00:00.0,11/11/2016,Digital,Bicycle,22.1,38.1,83.1,155,220.5,429.7,34,65,142,290,443,977,1.54,1.7,1.71,1.87,2.01,2.27,,,,1,1,1,,,,0,0,1
73411,New York,00:00.0,00:00.0,08/11/2016,Referral,Bicycle,15.7,29.7,79.5,151,203.9,289.7,22,36,83,100,139,344,1.41,1.21,1.04,0.66,0.68,1.19,,1,1,2,2,2,,0,1,1,1,1
73430,Rio de Janeiro,00:00.0,00:00.0,11/11/2016,Organic,Bicycle,24.2,36.8,44.7,44.7,44.7,44.7,52,82,96,96,96,96,2.15,2.23,2.15,2.15,2.15,2.15,,,,,,,,,,,,
73431,Rio de Janeiro,00:00.0,00:00.0,08/11/2016,Organic,Bicycle,12.3,17.3,19.3,19.3,19.3,19.3,18,26,32,32,32,32,1.46,1.51,1.66,1.66,1.66,1.66,,,,,,,,,,,,
73432,Rio de Janeiro,00:00.0,00:00.0,08/11/2016,Organic,Bicycle,22.3,41.5,79.2,84.7,84.7,84.7,43,84,161,172,172,172,1.93,2.02,2.03,2.03,2.03,2.03,,,,,,,,,,,,
73433,Rio de Janeiro,00:00.0,00:00.0,10/11/2016,Organic,Bicycle,11.4,11.4,11.4,11.4,11.4,11.4,20,20,20,20,20,20,1.75,1.75,1.75,1.75,1.75,1.75,,,,,,,,,,,,
73434,Rio de Janeiro,00:00.0,00:00.0,09/11/2016,Organic,Bicycle,22.8,54.4,107.7,216.2,288.6,586.7,41,103,214,436,598,1334,1.8,1.89,1.99,2.02,2.07,2.27,,,,,,,,,,,,
73435,Rio de Janeiro,00:00.0,00:00.0,08/11/2016,Organic,Bicycle,18.7,37.9,75.8,156.4,232.1,413.3,53,106,205,458,697,1392,2.83,2.8,2.7,2.93,3,3.37,,,,,,,,,,,,
73437,Rio de Janeiro,00:00.0,00:00.0,09/11/2016,Organic,Bicycle,10.3,10.3,10.6,10.6,10.6,107.7,18,18,18,18,18,222,1.75,1.75,1.69,1.69,1.69,2.06,,,,,,,,,,,,
73438,Rio de Janeiro,00:00.0,00:00.0,10/11/2016,Organic,Bicycle,5.7,11.9,24.4,57.3,60.2,89.9,16,30,64,145,155,243,2.8,2.52,2.63,2.53,2.57,2.7,,,,,,,,,,,,
73439,Rio de Janeiro,00:00.0,00:00.0,09/11/2016,Organic,Bicycle,45.8,64.7,148.5,149,149,149,72,91,180,180,180,180,1.57,1.41,1.21,1.21,1.21,1.21,,,,,,,,,,,,
73443,Rio de Janeiro,00:00.0,00:00.0,09/11/2016,Organic,Bicycle,4,10.7,31.2,59.5,77.7,106.3,8,21,63,131,178,246,2,1.95,2.02,2.2,2.29,2.32,,,,,,,,,,,,
73444,Rio de Janeiro,00:00.0,00:00.0,08/11/2016,Organic,Bicycle,3,3,3,3,3,3,4,4,4,4,4,4,1.32,1.32,1.32,1.32,1.32,1.32,,,,,,,,,,,,
73448,Rio de Janeiro,00:00.0,00:00.0,14/11/2016,Organic,Bicycle,11.9,15.5,18,25.9,40.1,77.2,29,37,43,65,104,202,2.44,2.39,2.39,2.51,2.59,2.62,,,,,,1,,,,,,0
73498,New York,00:00.0,00:00.0,09/11/2016,Referral,Bicycle,11,17.3,22.1,22.1,22.1,22.1,15,28,32,32,32,32,1.36,1.62,1.45,1.45,1.45,1.45,,,,,,,,,,,,
73500,New York,00:00.0,00:00.0,12/11/2016,Offline,Scooter / Motorcycle,4.5,4.5,7.5,9,9,9,9,9,18,23,23,23,1.99,1.99,2.39,2.55,2.55,2.55,,,,,,,,,,,,
73507,New York,00:00.0,00:00.0,15/11/2016,Digital,Bicycle,9.4,13.5,13.5,17.9,17.9,17.9,26,33,33,46,46,46,2.76,2.44,2.44,2.57,2.57,2.57,,,,,,,,,,,,
73510,New York,00:00.0,00:00.0,13/11/2016,Offline,Bicycle,20.6,39.9,73.9,142.7,209.2,421.3,52,107,201,393,570,1227,2.53,2.68,2.72,2.75,2.72,2.91,,,,,,,,,,,,
73511,New York,00:00.0,00:00.0,15/11/2016,Digital,Bicycle,6.2,6.2,6.2,12.4,12.4,12.4,12,12,12,21,21,21,1.94,1.94,1.94,1.7,1.7,1.7,,,,,,,,,,,,
73513,New York,00:00.0,00:00.0,12/11/2016,Organic,Bicycle,3.5,3.7,3.7,3.7,3.7,3.7,2,2,2,2,2,2,0.58,0.53,0.53,0.53,0.53,0.53,,,,,,,,,,,,
73518,New York,00:00.0,00:00.0,14/11/2016,Organic,Bicycle,9.6,15.9,34.1,34.1,34.1,34.1,8,11,31,31,31,31,0.83,0.69,0.91,0.91,0.91,0.91,,,,,,,,,,,,
73557,New York,00:00.0,00:00.0,11/11/2016,Digital,Bicycle,12.1,12.1,16,16,17.9,17.9,13,13,24,24,24,24,1.08,1.08,1.5,1.5,1.34,1.34,,,,,,,,,,,,
73566,New York,00:00.0,00:00.0,08/11/2016,Digital,Bicycle,5.5,5.5,5.5,5.5,5.5,5.5,5,5,5,5,5,5,0.9,0.9,0.9,0.9,0.9,0.9,,,,,,,,,,,,
73571,New York,00:00.0,00:00.0,05/02/2017,Offline,Scooter / Motorcycle,9.8,9.8,9.8,29.6,68.8,209.3,23,23,23,85,218,627,2.34,2.34,2.34,2.87,3.17,3,1,1,1,5,5,6,0,0,0,0,0,2
73572,New York,00:00.0,00:00.0,14/11/2016,Referral,Bicycle,9.3,20.2,35.6,57.8,57.8,57.8,18,41,72,113,113,113,1.93,2.03,2.02,1.96,1.96,1.96,,2,3,3,3,3,,1,1,1,1,1
73579,Rio de Janeiro,00:00.0,00:00.0,08/11/2016,Organic,Bicycle,24.5,24.5,24.5,24.5,24.5,24.5,37,37,37,37,37,37,1.51,1.51,1.51,1.51,1.51,1.51,,,,,,,,,,,,
73583,Rio de Janeiro,,,10/11/2016,Organic,Bicycle,34.5,103,177.5,240.5,240.5,240.5,40,136,231,341,341,341,1.16,1.32,1.3,1.42,1.42,1.42,,,,,,,,,,,,
73586,Rio de Janeiro,00:00.0,00:00.0,03/12/2016,Organic,Bicycle,6.8,6.8,30.6,141.1,239.4,488.1,12,12,52,291,534,1137,1.77,1.77,1.7,2.06,2.23,2.33,,,,,,,,,,,,
73589,Rio de Janeiro,00:00.0,00:00.0,09/11/2016,Organic,Bicycle,37.5,74.6,108.9,124.1,124.1,124.1,39,83,131,167,167,167,1.04,1.11,1.2,1.35,1.35,1.35,,,,,,,,,,,,
73590,Rio de Janeiro,00:00.0,00:00.0,11/11/2016,Organic,Bicycle,20.5,28.2,45.1,45.1,45.1,60.8,19,33,58,58,58,90,0.93,1.17,1.29,1.29,1.29,1.48,,,,,,,,,,,,
73591,Rio de Janeiro,00:00.0,00:00.0,08/11/2016,Organic,Bicycle,35.1,79.7,170.1,263.2,369.6,780.7,89,229,517,845,1181,2534,2.54,2.87,3.04,3.21,3.2,3.25,,,,,,,,,,,,
73593,Rio de Janeiro,00:00.0,00:00.0,09/11/2016,Organic,Bicycle,18.4,18.4,21.3,21.3,21.3,21.3,46,46,51,51,51,51,2.5,2.5,2.4,2.4,2.4,2.4,,,,,,,,,,,,
73596,Rio de Janeiro,00:00.0,00:00.0,24/11/2016,Organic,Bicycle,4.1,8.1,8.1,8.1,8.1,8.1,8,15,15,15,15,15,1.93,1.84,1.84,1.84,1.84,1.84,,,,,,,,,,,,
73597,Rio de Janeiro,00:00.0,00:00.0,09/11/2016,Organic,Bicycle,23.9,34.1,53.4,83.5,104.3,195.3,60,87,140,226,281,505,2.51,2.55,2.62,2.71,2.69,2.59,,,,,,,,,,,,
73599,Rio de Janeiro,00:00.0,00:00.0,09/11/2016,Organic,Bicycle,7.4,10.9,23.8,36.9,36.9,36.9,16,27,55,89,89,89,2.18,2.48,2.31,2.41,2.41,2.41,,,,,,,,,,,,
73600,Rio de Janeiro,00:00.0,00:00.0,09/11/2016,Organic,Bicycle,25.9,54,127,253.2,370.4,585.3,37,81,198,457,688,1166,1.43,1.5,1.56,1.8,1.86,1.99,,,,,,,,,,,,
73601,Rio de Janeiro,00:00.0,00:00.0,10/11/2016,Organic,Bicycle,15,34.2,81.3,200.7,261,304.9,28,55,130,365,527,626,1.87,1.61,1.6,1.82,2.02,2.05,,,,,,,,,,,,
73603,Rio de Janeiro,00:00.0,00:00.0,10/11/2016,Organic,Bicycle,30.4,57.4,103.5,130.2,130.2,300.7,71,141,266,339,339,825,2.34,2.45,2.57,2.6,2.6,2.74,,,,,,,,,,,,
73604,New York,00:00.0,00:00.0,11/11/2016,Organic,Bicycle,12.3,14.7,14.7,21.8,21.8,28.7,27,32,32,48,48,61,2.2,2.17,2.17,2.2,2.2,2.12,,,,,,,,,,,,
73612,New York,00:00.0,00:00.0,10/11/2016,Job Platforms,Bicycle,16.8,20.9,51.2,70.1,70.1,70.1,32,39,72,92,92,92,1.9,1.86,1.41,1.31,1.31,1.31,,,,,,,,,,,,
73632,New York,00:00.0,00:00.0,08/11/2016,Digital,Scooter / Motorcycle,17.8,28.3,78.6,80.5,80.5,80.5,31,57,123,124,124,124,1.74,2.01,1.56,1.54,1.54,1.54,1,1,1,1,1,1,0,0,0,1,1,1
73655,New York,00:00.0,00:00.0,11/11/2016,Digital,Bicycle,15.6,22.5,22.5,22.5,22.5,22.5,37,53,53,53,53,53,2.37,2.35,2.35,2.35,2.35,2.35,,,,,,,,,,,,
73661,Rio de Janeiro,00:00.0,00:00.0,10/11/2016,Organic,Bicycle,15.8,46.6,86.7,115,123.6,170.7,24,87,171,225,242,352,1.52,1.87,1.97,1.96,1.96,2.06,,,,,,,,,,,,
73663,Rio de Janeiro,00:00.0,00:00.0,10/11/2016,Organic,Bicycle,15,34.3,42.3,65.9,70.7,99.6,29,78,96,165,177,263,1.93,2.27,2.27,2.5,2.5,2.64,,,,,1,3,,,,,0,0
73668,Rio de Janeiro,00:00.0,00:00.0,11/11/2016,Organic,Bicycle,8,8,8,8,8,8,19,19,19,19,19,19,2.37,2.37,2.37,2.37,2.37,2.37,,,,,,,,,,,,
73669,New York,00:00.0,00:00.0,10/11/2016,Digital,Bicycle,9.8,18.1,18.1,18.1,18.1,18.1,9,22,22,22,22,22,0.92,1.22,1.22,1.22,1.22,1.22,,,,2,2,2,,,,0,0,0
73677,Rio de Janeiro,00:00.0,00:00.0,13/11/2016,Organic,Bicycle,43.4,93.3,128.9,187.9,200.8,357.9,43,100,143,233,260,582,0.99,1.07,1.11,1.24,1.29,1.63,,,,,,2,,,,,,1
73680,Rio de Janeiro,00:00.0,00:00.0,10/11/2016,Organic,Bicycle,36.8,72.5,161,271.5,300.2,414.3,71,148,302,533,600,901,1.93,2.04,1.88,1.96,2,2.17,,,,,,,,,,,,
73683,Rio de Janeiro,00:00.0,00:00.0,12/11/2016,Organic,Bicycle,23.9,25.6,29.1,29.1,29.1,171.1,49,50,52,52,52,354,2.05,1.96,1.79,1.79,1.79,2.07,1,1,1,1,1,1,0,0,0,0,0,0
73684,Rio de Janeiro,00:00.0,00:00.0,09/11/2016,Organic,Bicycle,25.8,49.6,70.5,70.5,70.5,70.5,43,94,139,139,139,139,1.66,1.9,1.97,1.97,1.97,1.97,,,,,,,,,,,,
73685,Rio de Janeiro,00:00.0,00:00.0,16/11/2016,Organic,Bicycle,6.6,15.3,58.9,130.3,199.2,365.8,18,36,175,410,672,1184,2.72,2.35,2.97,3.15,3.37,3.24,,,,3,3,3,,,,0,0,0
73687,Rio de Janeiro,00:00.0,00:00.0,10/11/2016,Organic,Bicycle,9.8,13.7,24,59.2,72.4,104.6,19,27,48,113,135,226,1.94,1.98,2,1.91,1.86,2.16,,,,,,,,,,,,
73688,New York,00:00.0,00:00.0,13/11/2016,Digital,Bicycle,29.3,38.6,38.6,38.6,38.6,38.6,63,87,87,87,87,87,2.15,2.25,2.25,2.25,2.25,2.25,,,,,,,,,,,,
73689,Rio de Janeiro,00:00.0,00:00.0,09/11/2016,Organic,Bicycle,19.6,22.7,36.5,36.5,36.5,36.5,44,50,73,73,73,73,2.24,2.2,2,2,2,2,,,,,,,,,,,,
73691,Rio de Janeiro,00:00.0,00:00.0,08/11/2016,Organic,Bicycle,7.9,14.5,54.1,153.6,235.4,485.1,13,23,83,295,495,1173,1.65,1.59,1.53,1.92,2.1,2.42,,,,,,,,,,,,
73692,Rio de Janeiro,00:00.0,00:00.0,09/11/2016,Organic,Bicycle,14.6,14.9,14.9,14.9,14.9,14.9,15,15,15,15,15,15,1.03,1.01,1.01,1.01,1.01,1.01,,,,,,,,,,,,
73695,Rio de Janeiro,00:00.0,00:00.0,12/11/2016,Organic,Bicycle,29,44.7,73.2,211.3,240.7,295.2,37,62,98,284,315,399,1.28,1.39,1.34,1.34,1.31,1.35,,,,,,,,,,,,
73696,Rio de Janeiro,00:00.0,00:00.0,10/11/2016,Organic,Bicycle,7.2,17.6,24.7,60.1,84.1,93.4,16,41,58,136,205,233,2.21,2.32,2.35,2.26,2.44,2.49,,,,,,,,,,,,
73698,Rio de Janeiro,00:00.0,00:00.0,12/11/2016,Organic,Bicycle,4.9,4.9,4.9,11.2,11.2,11.2,8,8,8,22,22,22,1.65,1.65,1.65,1.96,1.96,1.96,,,,,,,,,,,,
73699,Rio de Janeiro,00:00.0,00:00.0,10/11/2016,Organic,Bicycle,9.6,17.3,42.3,53.8,67.2,67.2,17,39,91,121,159,159,1.78,2.26,2.15,2.25,2.37,2.37,,,,,1,1,,,,,0,1
73701,Rio de Janeiro,00:00.0,00:00.0,16/11/2016,Organic,Bicycle,20,36,60.4,74.2,109.1,157.3,36,65,109,132,215,338,1.8,1.8,1.8,1.78,1.97,2.15,,,,,,,,,,,,
73702,Rio de Janeiro,00:00.0,00:00.0,10/11/2016,Organic,Bicycle,10.3,17.8,44.3,76.5,116.9,436.3,23,40,95,178,282,1181,2.24,2.24,2.14,2.33,2.41,2.71,,,,,,,,,,,,
73703,Rio de Janeiro,00:00.0,00:00.0,09/11/2016,Organic,Bicycle,9,11.1,11.1,11.1,11.1,11.1,20,23,23,23,23,23,2.23,2.07,2.07,2.07,2.07,2.07,,,,,,,,,,,,
73705,Rio de Janeiro,00:00.0,00:00.0,10/11/2016,Organic,Bicycle,5.9,10.6,10.6,14.8,16.8,16.8,9,19,19,28,32,32,1.54,1.8,1.8,1.89,1.91,1.91,,,,,,,,,,,,
73709,New York,00:00.0,00:00.0,11/11/2016,Referral,Bicycle,17.6,27.3,36.2,84.6,109.1,168.9,19,27,32,81,121,171,1.08,0.99,0.88,0.96,1.11,1.01,1,1,1,1,1,1,0,0,0,0,0,0
73712,New York,00:00.0,00:00.0,08/11/2016,Digital,Bicycle,7.8,24.5,47.9,69.9,69.9,69.9,3,9,30,41,41,41,0.38,0.37,0.63,0.59,0.59,0.59,,,,,,,,,,,,
73714,Rio de Janeiro,00:00.0,00:00.0,15/11/2016,Organic,Bicycle,3.1,23.6,67,148.5,148.5,295.7,5,38,114,258,258,512,1.61,1.61,1.7,1.74,1.74,1.73,,,,,,,,,,,,
73716,New York,00:00.0,00:00.0,14/11/2016,Organic,Bicycle,8.5,21.2,38.9,38.9,38.9,67.9,21,50,95,95,95,151,2.48,2.36,2.44,2.44,2.44,2.22,,,,,,,,,,,,
73717,New York,00:00.0,00:00.0,11/11/2016,Referral,Bicycle,15.8,29.8,42.5,84.9,113.7,465.9,37,78,112,223,309,1213,2.34,2.62,2.64,2.63,2.72,2.6,,,,,,,,,,,,
73719,New York,00:00.0,00:00.0,12/11/2016,Organic,Bicycle,1.9,1.9,1.9,1.9,1.9,1.9,1,1,1,1,1,1,0.54,0.54,0.54,0.54,0.54,0.54,,,,,,,,,,,,
73723,Rio de Janeiro,00:00.0,00:00.0,09/11/2016,Digital,Bicycle,19.3,26.4,34.4,46.7,124.4,132.3,26,39,53,72,223,234,1.35,1.48,1.54,1.54,1.79,1.77,,,,,,,,,,,,
73726,New York,00:00.0,00:00.0,15/11/2016,Offline,Bicycle,7.8,11.6,11.6,11.6,11.6,11.6,8,14,14,14,14,14,1.02,1.21,1.21,1.21,1.21,1.21,,,,,,,,,,,,
73728,New York,00:00.0,00:00.0,09/11/2016,Referral,Bicycle,12.2,18.6,32.7,54.3,54.3,72.7,27,45,81,133,133,189,2.21,2.42,2.48,2.45,2.45,2.6,,,,,1,1,,,,,0,0
73729,Rio de Janeiro,00:00.0,00:00.0,14/11/2016,Organic,Bicycle,19.4,43.9,98.1,115.8,148.8,629.8,36,79,168,205,279,1520,1.86,1.8,1.71,1.77,1.87,2.41,,,,,,3,,,,,,0
73730,New York,00:00.0,00:00.0,15/11/2016,Organic,Bicycle,13.2,21.7,38.3,51.8,51.8,51.8,22,34,46,59,59,59,1.67,1.56,1.2,1.14,1.14,1.14,,,,2,2,2,,,,0,0,0
73732,New York,00:00.0,00:00.0,09/11/2016,Referral,Bicycle,28.6,51.2,67.4,71,71,71,32,60,75,76,76,76,1.12,1.17,1.11,1.07,1.07,1.07,,,,,,,,,,,,
73738,New York,00:00.0,00:00.0,09/11/2016,Digital,Scooter / Motorcycle,21.6,21.6,31.6,31.6,31.6,31.6,44,44,65,65,65,65,2.04,2.04,2.06,2.06,2.06,2.06,,,,,,,,,,,,
73742,New York,00:00.0,00:00.0,13/11/2016,Referral,Bicycle,26.4,51.9,100.6,201,219.9,219.9,32,71,141,332,364,364,1.21,1.37,1.4,1.65,1.66,1.66,,,,,,,,,,,,
73745,New York,00:00.0,00:00.0,12/11/2016,Referral,Bicycle,23.9,31.4,66.7,167.6,214.3,242.5,37,49,94,204,284,327,1.55,1.56,1.41,1.22,1.32,1.35,1,2,2,2,2,2,0,0,0,0,0,0
73746,New York,00:00.0,00:00.0,10/11/2016,Organic,Bicycle,30.5,47.8,91.2,180.1,255.4,269,35,60,96,171,236,244,1.15,1.26,1.05,0.95,0.92,0.91,2,2,2,2,2,2,0,0,0,0,0,0
73747,New York,00:00.0,00:00.0,10/11/2016,Digital,Bicycle,13.9,24.6,43.1,60.4,60.4,60.4,28,55,102,144,144,144,2.02,2.24,2.37,2.38,2.38,2.38,,,,,,,,,,,,
73752,Rio de Janeiro,00:00.0,00:00.0,09/11/2016,Organic,Bicycle,14.1,17.5,21.8,21.8,21.8,21.8,19,23,28,28,28,28,1.35,1.31,1.28,1.28,1.28,1.28,1,1,1,1,1,1,0,0,0,0,0,0
73754,Rio de Janeiro,00:00.0,00:00.0,10/11/2016,Organic,Bicycle,13.8,26.2,41.2,42.9,42.9,42.9,24,39,65,67,67,67,1.74,1.49,1.58,1.56,1.56,1.56,,,,,,,,,,,,
73755,Rio de Janeiro,00:00.0,00:00.0,13/11/2016,Referral,Bicycle,21.6,21.9,21.9,21.9,21.9,21.9,27,27,27,27,27,27,1.25,1.24,1.24,1.24,1.24,1.24,,,,,,,,,,,,
73756,Rio de Janeiro,00:00.0,00:00.0,10/11/2016,Organic,Scooter / Motorcycle,0.6,0.6,0.6,0.6,0.6,0.6,0,0,0,0,0,0,0,0,0,0,0,0,,,,,,,,,,,,
73757,Rio de Janeiro,00:00.0,00:00.0,09/11/2016,Organic,Bicycle,36,57.1,119.3,157.2,248.8,419.8,79,131,298,401,613,1091,2.19,2.29,2.5,2.55,2.46,2.6,,,,,,,,,,,,
73758,Rio de Janeiro,00:00.0,00:00.0,17/11/2016,Organic,Bicycle,3.3,11.3,11.3,15.8,15.8,38.2,5,22,22,28,28,66,1.5,1.95,1.95,1.77,1.77,1.73,,,,,,,,,,,,
73760,Rio de Janeiro,,,10/11/2016,Unknown,Bicycle,6.3,21.4,80.3,233.1,419.7,903.3,11,38,128,403,864,2409,1.74,1.77,1.59,1.73,2.06,2.67,,,,,,,,,,,,
73763,New York,00:00.0,00:00.0,10/11/2016,Referral,Scooter / Motorcycle,54.2,92.7,149.2,163.4,190.5,540.7,92,172,291,319,377,1328,1.7,1.86,1.95,1.95,1.98,2.46,,1,1,1,1,1,,0,1,1,1,1
73764,New York,00:00.0,00:00.0,15/11/2016,Digital,Bicycle,7.2,19,26.8,46.2,67.6,83,10,26,37,69,104,138,1.39,1.37,1.38,1.49,1.54,1.66,,,,,,,,,,,,
73769,New York,00:00.0,00:00.0,11/11/2016,Referral,Scooter / Motorcycle,45.6,73.5,147.8,279.3,407.5,899.2,113,195,406,774,1148,2596,2.48,2.65,2.75,2.77,2.82,2.89,,,,,,,,,,,,
73775,Rio de Janeiro,00:00.0,00:00.0,09/11/2016,Organic,Bicycle,19.7,41.2,61.5,61.5,61.5,61.5,35,74,115,115,115,115,1.78,1.8,1.87,1.87,1.87,1.87,,,,,,,,,,,,
73777,Rio de Janeiro,00:00.0,00:00.0,09/11/2016,Organic,Bicycle,31,53.6,134.7,211.6,415.9,1264.3,61,117,285,473,977,3034,1.97,2.18,2.12,2.23,2.35,2.4,,,,,,1,,,,,,0
73780,Rio de Janeiro,00:00.0,00:00.0,09/11/2016,Organic,Bicycle,22.7,27.7,35.7,41.7,41.7,41.7,34,45,63,76,76,76,1.5,1.62,1.77,1.82,1.82,1.82,,,,,,,,,,,,
73781,Rio de Janeiro,00:00.0,00:00.0,09/11/2016,Organic,Bicycle,14.3,14.3,31.8,63.3,92.2,158.9,24,24,58,135,221,383,1.68,1.68,1.83,2.13,2.4,2.41,,,,,,,,,,,,
73788,New York,00:00.0,00:00.0,23/11/2016,Digital,Bicycle,12.3,19.3,26.6,26.6,26.6,26.6,28,51,70,70,70,70,2.27,2.65,2.63,2.63,2.63,2.63,,,,,,,,,,,,
73791,New York,00:00.0,00:00.0,16/11/2016,Organic,Bicycle,9.2,12.1,12.1,24.8,27.8,68.7,22,35,35,71,80,217,2.39,2.89,2.89,2.86,2.88,3.16,,,,,,,,,,,,
73793,New York,00:00.0,00:00.0,15/11/2016,Offline,Bicycle,6.1,10,18.7,18.7,18.7,18.7,6,12,18,18,18,18,0.99,1.2,0.96,0.96,0.96,0.96,,,,,,,,,,,,
73795,New York,00:00.0,00:00.0,11/11/2016,Job Platforms,Bicycle,20.5,26.6,27.6,27.6,27.6,27.6,50,66,67,67,67,67,2.44,2.48,2.42,2.42,2.42,2.42,,,,,,,,,,,,
73799,New York,00:00.0,00:00.0,11/11/2016,Organic,Bicycle,17.9,23.9,23.9,23.9,23.9,23.9,42,56,56,56,56,56,2.35,2.35,2.35,2.35,2.35,2.35,,,,,,,,,,,,
73810,New York,00:00.0,00:00.0,28/11/2016,Organic,Bicycle,5.9,8.5,11.2,11.2,11.2,11.2,13,20,24,24,24,24,2.2,2.36,2.13,2.13,2.13,2.13,,,,,,,,,,,,
73811,New York,00:00.0,00:00.0,16/11/2016,Organic,Bicycle,0.3,0.3,0.3,0.3,0.3,0.3,0,0,0,0,0,0,0,0,0,0,0,0,,,,,,,,,,,,
73826,New York,00:00.0,00:00.0,12/11/2016,Referral,Scooter / Motorcycle,23.1,26.2,26.2,26.2,26.2,26.2,29,32,32,32,32,32,1.26,1.22,1.22,1.22,1.22,1.22,,,,,,,,,,,,
73832,New York,00:00.0,00:00.0,16/11/2016,Organic,Bicycle,3.4,3.4,6.5,6.5,9.6,9.6,6,6,9,9,15,15,1.76,1.76,1.39,1.39,1.57,1.57,,,,,,,,,,,,
73833,New York,00:00.0,00:00.0,15/11/2016,Organic,Bicycle,3.3,3.3,3.3,3.3,3.3,3.3,4,4,4,4,4,4,1.23,1.23,1.23,1.23,1.23,1.23,,,,,,,,,,,,
73837,New York,00:00.0,00:00.0,16/11/2016,Referral,Scooter / Motorcycle,15,25.1,39,65.8,93.3,102.8,31,50,93,171,251,279,2.06,1.99,2.38,2.6,2.69,2.71,1,1,1,1,1,1,0,0,0,0,0,0
73838,New York,00:00.0,00:00.0,11/11/2016,Organic,Scooter / Motorcycle,47.5,74.8,135.5,246,297.7,477.6,69,110,204,478,605,1069,1.45,1.47,1.51,1.94,2.03,2.24,,,,,,1,,,,,,1
73840,New York,00:00.0,00:00.0,16/11/2016,Digital,Bicycle,30.7,56.4,100.9,140.4,163.4,163.4,36,74,154,231,269,269,1.17,1.31,1.53,1.64,1.65,1.65,,,,,,,,,,,,
73841,New York,00:00.0,00:00.0,10/11/2016,Digital,Bicycle,23,32.2,58.6,101.9,139.7,298.2,48,78,143,267,375,793,2.09,2.42,2.44,2.62,2.68,2.66,,,,,,,,,,,,
73845,New York,00:00.0,00:00.0,16/11/2016,Referral,Bicycle,19.8,30.1,49.5,62.7,83.3,91.9,32,46,66,67,104,123,1.62,1.53,1.33,1.07,1.25,1.34,,,1,2,2,2,,,0,0,0,0
73846,New York,00:00.0,00:00.0,12/11/2016,Organic,Scooter / Motorcycle,21.7,48.9,71.8,164,222.8,248.8,43,124,198,493,664,737,1.98,2.54,2.76,3.01,2.98,2.96,,,,,,,,,,,,
73851,New York,00:00.0,00:00.0,15/11/2016,Organic,Bicycle,4,6.9,6.9,6.9,6.9,6.9,8,16,16,16,16,16,2.02,2.31,2.31,2.31,2.31,2.31,,,,,,,,,,,,
73852,New York,00:00.0,00:00.0,15/11/2016,Digital,Bicycle,8.5,11.7,16,16,16,16,15,23,32,32,32,32,1.77,1.96,2,2,2,2,,,,,,,,,,,,
73855,New York,00:00.0,00:00.0,11/11/2016,Digital,Bicycle,15.6,31.2,59.8,116.3,160.8,292.6,22,57,104,199,296,599,1.41,1.83,1.74,1.71,1.84,2.05,,,,,,,,,,,,
73858,New York,00:00.0,00:00.0,17/11/2016,Digital,Bicycle,3.1,3.1,3.1,3.1,3.1,3.1,6,6,6,6,6,6,1.96,1.96,1.96,1.96,1.96,1.96,,,,,,,,,,,,
73860,New York,00:00.0,00:00.0,12/11/2016,Digital,Bicycle,12.8,22.8,44.8,82.7,100.4,104.8,20,37,67,126,155,164,1.56,1.62,1.5,1.52,1.54,1.57,,,,,,,,,,,,
73861,New York,00:00.0,00:00.0,12/11/2016,Organic,Electric Bicycle,18.6,28.4,37.2,60.7,81.8,81.8,21,38,50,79,104,104,1.13,1.34,1.34,1.3,1.27,1.27,,,,,,,,,,,,
73862,New York,00:00.0,00:00.0,11/11/2016,Digital,Bicycle,10.3,14.3,23.2,42.7,57.8,63.3,21,29,45,75,111,125,2.03,2.03,1.94,1.76,1.92,1.97,,,,,,,,,,,,
73863,New York,00:00.0,00:00.0,15/11/2016,Digital,Bicycle,10.5,22.6,34.9,58,88.7,187.4,10,20,45,83,137,315,0.95,0.89,1.29,1.43,1.54,1.68,,,,,,,,,,,,
73865,New York,00:00.0,00:00.0,11/11/2016,Digital,Bicycle,18.2,33.3,62,124.2,193.7,339.1,44,83,142,271,466,953,2.42,2.49,2.29,2.18,2.41,2.81,,,,,,,,,,,,
73866,New York,00:00.0,00:00.0,16/11/2016,Organic,Bicycle,6.5,6.5,10.2,19.8,22.6,22.6,15,15,20,50,60,60,2.29,2.29,1.97,2.53,2.65,2.65,,,,,,,,,,,,
73867,New York,00:00.0,00:00.0,11/11/2016,Digital,Bicycle,6.9,6.9,6.9,6.9,20.6,20.6,9,9,9,9,22,22,1.31,1.31,1.31,1.31,1.07,1.07,,,,,,,,,,,,
73870,New York,00:00.0,00:00.0,12/11/2016,Digital,Bicycle,12.6,24.9,45.6,68,68,68,30,68,126,181,181,181,2.39,2.73,2.76,2.66,2.66,2.66,,,,,,,,,,,,
73872,New York,00:00.0,00:00.0,16/11/2016,Organic,Scooter / Motorcycle,7,7,7,7,7,39,11,11,11,11,11,66,1.58,1.58,1.58,1.57,1.57,1.69,,,,,,,,,,,,
73924,New York,00:00.0,00:00.0,17/12/2016,Referral,Scooter / Motorcycle,27.5,48.6,88.6,146.5,266.4,418.3,44,75,135,207,390,609,1.6,1.54,1.52,1.41,1.46,1.46,,,,,,,,,,,,
73926,New York,00:00.0,00:00.0,18/11/2016,Offline,Scooter / Motorcycle,81.1,136.1,181.9,194.6,194.6,436.9,216,353,509,555,555,1497,2.66,2.59,2.8,2.85,2.85,3.43,,,,,,,,,,,,
73937,New York,00:00.0,00:00.0,22/11/2016,Referral,Bicycle,13.1,19.2,19.2,19.2,19.2,19.2,20,26,26,26,26,26,1.52,1.35,1.35,1.35,1.35,1.35,,,,,,,,,,,,
73956,Rio de Janeiro,00:00.0,00:00.0,12/11/2016,Organic,Bicycle,32.5,74.8,158,343.9,529.1,1040.5,52,127,269,630,1051,2351,1.6,1.7,1.7,1.83,1.99,2.26,,,,,,,,,,,,
73957,Rio de Janeiro,00:00.0,00:00.0,15/11/2016,Organic,Bicycle,22.4,42.3,75.7,178.3,284.4,667.5,50,89,168,420,672,1692,2.23,2.11,2.22,2.36,2.36,2.53,,,,,,,,,,,,
73958,Rio de Janeiro,00:00.0,00:00.0,13/11/2016,Organic,Bicycle,14.7,14.7,14.7,14.7,14.7,14.7,30,30,30,30,30,30,2.04,2.04,2.04,2.04,2.04,2.04,,,,,,,,,,,,
73961,Rio de Janeiro,00:00.0,00:00.0,12/11/2016,Organic,Bicycle,36,36,63.4,177.4,204.7,204.7,90,90,152,451,521,521,2.5,2.5,2.4,2.54,2.54,2.54,,,,,,,,,,,,
73962,Rio de Janeiro,00:00.0,00:00.0,11/11/2016,Organic,Bicycle,8.1,10.1,17.6,35.1,41.8,43.7,19,25,45,102,125,132,2.34,2.47,2.56,2.91,2.99,3.02,,,,1,1,1,,,,0,0,0
73965,Rio de Janeiro,,,12/11/2016,Organic,Bicycle,5,10.4,10.4,63.2,63.2,290.1,7,20,20,121,121,828,1.39,1.92,1.92,1.92,1.92,2.85,,,,,,,,,,,,
73966,Rio de Janeiro,00:00.0,00:00.0,11/11/2016,Organic,Bicycle,11.6,20.5,30.8,47.5,61.8,61.8,23,44,66,103,135,135,1.99,2.14,2.14,2.17,2.19,2.19,1,1,1,2,2,2,0,0,0,0,0,0
73967,Rio de Janeiro,00:00.0,00:00.0,11/11/2016,Organic,Bicycle,29.6,47.2,62.6,76.8,85.4,85.4,70,117,154,185,206,206,2.37,2.48,2.46,2.41,2.41,2.41,,,,,,,,,,,,
73969,Rio de Janeiro,00:00.0,00:00.0,13/11/2016,Organic,Bicycle,3.1,3.1,7.7,7.7,35.1,46.7,5,5,15,15,91,125,1.59,1.59,1.95,1.95,2.59,2.68,,,,,,,,,,,,
73970,Rio de Janeiro,00:00.0,00:00.0,01/01/2017,Organic,Bicycle,0.9,0.9,0.9,3.9,4.1,4.1,1,1,1,5,5,5,1.06,1.06,1.06,1.27,1.23,1.22,1,1,1,1,1,1,0,0,0,0,0,0
73972,Rio de Janeiro,00:00.0,00:00.0,16/11/2016,Organic,Bicycle,12.4,23.1,31.8,46.2,49.9,49.9,18,42,63,101,111,111,1.46,1.82,1.98,2.19,2.23,2.23,,,,,,,,,,,,
73978,New York,00:00.0,00:00.0,14/11/2016,Organic,Scooter / Motorcycle,38.3,87.1,170,329.3,426.9,532.4,101,241,470,892,1178,1502,2.63,2.77,2.76,2.71,2.76,2.82,,,,1,1,1,,,,0,1,1
73979,Rio de Janeiro,00:00.0,00:00.0,14/11/2016,Organic,Bicycle,10.3,18.9,26.5,32.3,36,47.5,22,40,55,69,77,104,2.14,2.12,2.08,2.14,2.14,2.19,,,,,,,,,,,,
73982,New York,00:00.0,00:00.0,12/11/2016,Organic,Bicycle,7.6,7.6,7.6,7.6,7.6,7.6,14,14,14,14,14,14,1.84,1.84,1.84,1.84,1.84,1.84,,,,,,,,,,,,
73983,Rio de Janeiro,00:00.0,00:00.0,15/11/2016,Organic,Bicycle,15,18.9,27.4,27.4,27.4,27.4,33,45,68,68,68,68,2.2,2.38,2.48,2.48,2.48,2.48,,,,,,,,,,,,
73985,Rio de Janeiro,,,14/11/2016,Unknown,Bicycle,42.5,80.2,153.2,291,417.2,743.8,66,134,277,580,908,1869,1.55,1.67,1.81,1.99,2.18,2.51,,,,,,,,,,,,
73986,New York,00:00.0,00:00.0,11/11/2016,Referral,Scooter / Motorcycle,50.4,69.4,120.3,188.3,188.3,188.3,75,99,214,366,366,366,1.49,1.43,1.78,1.94,1.94,1.94,,,,,,,,,,,,
73987,Rio de Janeiro,00:00.0,00:00.0,11/11/2016,Organic,Bicycle,28.6,48.6,66,66,66,66,52,88,130,130,130,130,1.82,1.81,1.97,1.97,1.97,1.97,,,,,,,,,,,,
73988,Rio de Janeiro,00:00.0,00:00.0,11/11/2016,Organic,Bicycle,8.3,10.3,10.3,10.3,10.3,10.3,15,19,19,19,19,19,1.8,1.84,1.84,1.84,1.84,1.84,,,,,,,,,,,,
73989,Rio de Janeiro,00:00.0,00:00.0,14/11/2016,Organic,Bicycle,4.2,18,19.1,19.1,19.1,19.1,5,22,22,22,22,22,1.2,1.22,1.15,1.15,1.15,1.15,,,,,,,,,,,,
73990,Rio de Janeiro,00:00.0,00:00.0,14/11/2016,Organic,Bicycle,5,7.9,16.9,19.8,19.8,19.8,10,16,31,34,34,34,2,2.04,1.83,1.72,1.72,1.72,,,,,,,,,,,,
73992,Rio de Janeiro,00:00.0,00:00.0,12/11/2016,Organic,Bicycle,10.1,10.1,10.1,15.6,54.2,184.6,17,17,17,30,123,481,1.68,1.68,1.68,1.92,2.27,2.61,,,,,,,,,,,,
73994,New York,00:00.0,00:00.0,11/11/2016,Organic,Bicycle,12.2,13.2,13.2,13.2,13.2,13.2,31,31,31,31,31,31,2.54,2.34,2.34,2.34,2.34,2.34,,,,,,,,,,,,
73995,Rio de Janeiro,00:00.0,00:00.0,26/11/2016,Organic,Bicycle,4.3,4.3,4.3,4.3,4.3,4.3,9,9,9,9,9,9,2.1,2.1,2.1,2.1,2.1,2.1,,,,,,,,,,,,
73997,Rio de Janeiro,00:00.0,00:00.0,15/11/2016,Organic,Bicycle,4.8,4.8,10.4,18.3,20.2,24.9,13,13,22,42,45,57,2.73,2.73,2.11,2.29,2.23,2.29,,,,,,2,,,,,,0
73998,New York,00:00.0,00:00.0,15/11/2016,Digital,Bicycle,32.5,37.7,56.9,103.2,137.9,187.5,36,52,87,178,252,356,1.11,1.38,1.53,1.72,1.83,1.9,,,,,,,,,,,,
73999,New York,00:00.0,00:00.0,04/12/2016,Referral,Bicycle,11.4,27.7,40.1,59.1,59.1,59.1,18,42,63,97,97,97,1.58,1.52,1.57,1.64,1.64,1.64,,1,1,1,1,1,,0,0,0,0,0
74000,Rio de Janeiro,00:00.0,00:00.0,11/12/2016,Organic,Bicycle,19.1,19.1,19.1,19.1,19.1,19.1,41,41,41,41,41,41,2.15,2.15,2.15,2.15,2.15,2.15,,,,,,,,,,,,
74001,New York,00:00.0,00:00.0,11/11/2016,Organic,Bicycle,7.9,15.3,24.2,52.6,52.6,52.6,5,8,12,22,22,22,0.63,0.52,0.5,0.42,0.42,0.42,,,,,,,,,,,,
74002,New York,00:00.0,00:00.0,12/11/2016,Referral,Bicycle,27.9,36.4,77.9,247.8,295.7,374.9,16,27,67,208,251,323,0.57,0.74,0.86,0.84,0.85,0.86,,,,,,,,,,,,
74003,Rio de Janeiro,00:00.0,00:00.0,11/11/2016,Organic,Bicycle,27.3,77.5,161.9,262.5,271.8,271.8,39,159,366,650,677,677,1.43,2.05,2.26,2.48,2.49,2.49,,,,,,,,,,,,
74004,Rio de Janeiro,00:00.0,00:00.0,12/11/2016,Organic,Bicycle,39.2,68.3,138.5,214.6,285.4,505.7,72,120,215,326,450,916,1.84,1.76,1.55,1.52,1.58,1.81,,,,,,,,,,,,
74005,New York,00:00.0,00:00.0,15/11/2016,Referral,Bicycle,6.5,6.5,16.2,44.7,51.2,51.2,14,14,38,118,137,137,2.15,2.15,2.35,2.64,2.67,2.67,,,,,,,,,,,,
74010,New York,00:00.0,00:00.0,12/11/2016,Digital,Bicycle,15.8,18.6,36,53.8,68.4,68.4,38,44,82,106,123,123,2.41,2.37,2.28,1.97,1.8,1.8,,,,,,,,,,,,
74016,Rio de Janeiro,00:00.0,00:00.0,12/11/2016,Organic,Bicycle,33,69.5,136.9,238.9,406.2,897.2,65,149,268,484,853,2232,1.97,2.15,1.96,2.03,2.1,2.49,,,,,,,,,,,,
74020,New York,00:00.0,00:00.0,13/11/2016,Referral,Bicycle,29.9,29.9,54.7,96.8,96.8,96.8,14,14,21,52,52,52,0.47,0.47,0.38,0.54,0.54,0.54,,,,,,,,,,,,
74022,New York,00:00.0,00:00.0,23/11/2016,Referral,Bicycle,12.1,17.1,25,51.2,61.9,61.9,31,44,61,126,147,147,2.57,2.58,2.44,2.46,2.37,2.37,,,,,,,,,,,,
74023,New York,00:00.0,00:00.0,22/11/2016,Referral,Bicycle,11.7,17.8,17.8,17.8,17.8,17.8,29,40,40,40,40,40,2.48,2.24,2.24,2.24,2.24,2.24,,,,,,,,,,,,
74024,New York,00:00.0,00:00.0,14/11/2016,Organic,Bicycle,13,13,13,13,13,13,10,10,10,10,10,10,0.77,0.77,0.77,0.77,0.77,0.77,,,,,,,,,,,,
74026,New York,00:00.0,00:00.0,14/11/2016,Digital,Bicycle,42.5,76.2,139.4,236.9,309,338.3,41,85,154,258,358,412,0.97,1.12,1.1,1.09,1.16,1.22,,,,,,,,,,,,
74029,Rio de Janeiro,00:00.0,00:00.0,11/11/2016,Organic,Bicycle,25.9,59.2,128.5,153.3,153.3,153.3,48,109,200,233,233,233,1.85,1.84,1.56,1.52,1.52,1.52,,,1,1,1,1,,,0,1,1,1
74030,New York,00:00.0,00:00.0,11/11/2016,Organic,Bicycle,0.8,15.9,46,64,110.3,194.9,0,42,106,155,303,578,0,2.64,2.3,2.42,2.75,2.97,,,,1,2,3,,,,0,0,0
74031,New York,00:00.0,00:00.0,13/11/2016,Referral,Scooter / Motorcycle,12.5,20,20,20,20,20,14,33,33,33,33,33,1.12,1.65,1.65,1.65,1.65,1.65,,,,,,,,,,,,
74034,Rio de Janeiro,00:00.0,00:00.0,14/11/2016,Organic,Bicycle,3.1,8.2,24.9,24.9,24.9,24.9,5,12,36,36,36,36,1.62,1.46,1.45,1.45,1.45,1.45,1,1,1,1,1,1,0,0,0,0,0,0
74036,Rio de Janeiro,00:00.0,00:00.0,12/11/2016,Organic,Bicycle,9.7,19.4,26,26,26,26,12,26,35,35,35,35,1.24,1.34,1.35,1.35,1.35,1.35,,,,,,,,,,,,
74038,Rio de Janeiro,00:00.0,00:00.0,15/11/2016,Organic,Bicycle,10.6,17.3,27.8,30.9,30.9,30.9,25,38,65,75,75,75,2.36,2.2,2.34,2.43,2.43,2.43,,,,,,,,,,,,
74040,New York,00:00.0,00:00.0,18/11/2016,Organic,Scooter / Motorcycle,30.8,51.9,51.9,51.9,51.9,52,69,117,117,117,117,117,2.24,2.25,2.25,2.25,2.25,2.25,,,,,,,,,,,,
74041,Rio de Janeiro,00:00.0,00:00.0,15/11/2016,Organic,Bicycle,28.4,38.3,48,93.8,137.9,184.1,72,98,122,228,347,474,2.53,2.56,2.54,2.43,2.52,2.57,,,,,,,,,,,,
74042,New York,00:00.0,00:00.0,18/11/2016,Digital,Scooter / Motorcycle,32.9,50.6,50.6,50.6,50.6,50.6,62,103,103,103,103,103,1.88,2.03,2.03,2.03,2.03,2.03,,,,,,,,,,,,
74043,Rio de Janeiro,00:00.0,00:00.0,17/11/2016,Organic,Scooter / Motorcycle,24.3,61.9,116,205.2,229.9,306.1,60,154,299,546,610,861,2.47,2.49,2.58,2.66,2.65,2.81,,,,,,4,,,,,,1
74045,New York,00:00.0,00:00.0,12/11/2016,Offline,Scooter / Motorcycle,18.9,27.5,79.2,183,281.9,318.9,29,44,166,415,707,779,1.53,1.6,2.09,2.27,2.51,2.44,,,,,,,,,,,,
74047,New York,00:00.0,00:00.0,28/11/2016,Organic,Bicycle,1.9,1.9,5.2,5.2,12.3,82,4,4,12,12,28,175,2.08,2.08,2.32,2.32,2.28,2.13,,,,,,,,,,,,
74049,New York,00:00.0,00:00.0,14/11/2016,Organic,Scooter / Motorcycle,46.3,85.3,172.9,277.6,428.5,932.3,103,216,425,696,1167,2743,2.22,2.53,2.46,2.51,2.72,2.94,,,,,,1,,,,,,0
74052,New York,00:00.0,00:00.0,11/11/2016,Organic,Bicycle,43.5,72.4,102.5,113.7,113.7,113.7,55,89,118,127,127,127,1.26,1.23,1.15,1.12,1.12,1.12,,,,,,,,,,,,
74053,New York,00:00.0,00:00.0,12/11/2016,Digital,Bicycle,45.3,45.3,95,147.6,190.4,485.7,72,72,171,280,377,1134,1.59,1.59,1.8,1.9,1.98,2.33,,,,,,,,,,,,
74060,New York,00:00.0,00:00.0,16/11/2016,Digital,Scooter / Motorcycle,19,22.1,22.1,22.1,34.3,37.3,31,35,35,35,52,56,1.63,1.58,1.58,1.58,1.52,1.5,,,,,,,,,,,,
74061,New York,00:00.0,00:00.0,11/11/2016,Organic,Bicycle,5.7,8.4,18.7,29,29.1,29.1,16,25,52,80,80,80,2.79,2.97,2.78,2.76,2.74,2.74,,,,,,,,,,,,
74062,New York,00:00.0,00:00.0,13/11/2016,Organic,Bicycle,20.2,35.4,60,117.3,215.9,232.2,29,64,100,178,303,350,1.44,1.81,1.67,1.52,1.4,1.51,,,,,,,,,,,,
74063,New York,,00:00.0,11/11/2016,Organic,Pedestrian / Walker,2.1,2.1,2.1,2.1,2.1,2.9,7,7,7,7,7,9,3.33,3.33,3.33,3.33,3.33,3.09,,,,,,,,,,,,
74070,New York,00:00.0,00:00.0,12/11/2016,Organic,Scooter / Motorcycle,16.8,36.7,74.8,143.1,207,543.3,35,102,218,428,663,1618,2.08,2.78,2.92,2.99,3.2,2.98,,,,1,1,1,,,,0,0,0
74071,New York,00:00.0,00:00.0,15/11/2016,Referral,Bicycle,2.1,2.1,7,7,7,11.2,5,5,7,7,7,16,2.35,2.35,1,1,1,1.43,,,,,,,,,,,,
74072,New York,,,17/11/2016,Unknown,Bicycle,21.6,40,73.2,154.7,203.3,422.7,60,90,147,247,295,631,2.77,2.25,2.01,1.6,1.45,1.49,,,,1,1,5,,,,0,0,1
74073,New York,00:00.0,00:00.0,14/11/2016,Offline,Bicycle,12,12,12,25.4,25.4,25.4,9,9,9,24,24,24,0.75,0.75,0.75,0.94,0.94,0.94,,,,,,,,,,,,
74074,New York,00:00.0,00:00.0,20/11/2016,Organic,Bicycle,5.9,9.2,9.2,9.2,9.2,9.2,15,23,23,23,23,23,2.53,2.51,2.51,2.51,2.51,2.51,,,,,,,,,,,,
74075,New York,00:00.0,00:00.0,12/11/2016,Organic,Bicycle,19.5,19.5,19.5,19.5,19.5,32.4,64,64,64,64,64,87,3.28,3.28,3.28,3.28,3.28,2.68,,,,,,,,,,,,
74076,New York,00:00.0,00:00.0,14/11/2016,Referral,Bicycle,8.8,9,14.6,14.6,14.6,14.6,7,12,19,19,19,19,0.79,1.33,1.3,1.3,1.3,1.3,,,,,,,,,,,,
74077,New York,00:00.0,00:00.0,11/11/2016,Referral,Bicycle,18.2,35.7,43.9,65.5,70.5,70.5,6,19,24,41,46,46,0.33,0.53,0.55,0.63,0.65,0.65,,,,,,,,,,,,
74079,New York,00:00.0,00:00.0,13/11/2016,Referral,Bicycle,12.6,19.2,19.2,19.2,19.2,19.2,22,34,34,34,34,34,1.75,1.77,1.77,1.77,1.77,1.77,,,,,,,,,,,,
74080,New York,00:00.0,00:00.0,14/11/2016,Referral,Bicycle,14,25.2,25.2,25.2,25.2,25.2,16,21,21,21,21,21,1.14,0.83,0.83,0.83,0.83,0.83,,,,,,,,,,,,
74108,Rio de Janeiro,00:00.0,00:00.0,13/11/2016,Referral,Bicycle,5.9,5.9,5.9,8,8,8,6,6,6,9,9,9,1.02,1.02,1.02,1.12,1.12,1.12,,,,,,,,,,,,
74109,Rio de Janeiro,,,12/11/2016,Unknown,Bicycle,34.7,67,111,216.3,329.4,473.6,38,82,139,306,516,760,1.09,1.22,1.25,1.41,1.57,1.6,2,2,2,3,4,10,0,0,0,0,0,0
74110,Rio de Janeiro,00:00.0,00:00.0,12/11/2016,Organic,Bicycle,27.1,58.1,107.9,131.3,182.4,448.1,52,108,211,266,396,1014,1.92,1.86,1.96,2.03,2.17,2.26,,,,,,,,,,,,
74111,Rio de Janeiro,,,14/11/2016,Unknown,Bicycle,29.3,67.9,125.8,134,264.7,636.9,33,125,255,272,704,1926,1.13,1.84,2.03,2.03,2.66,3.02,,,,,,,,,,,,
74112,Rio de Janeiro,00:00.0,00:00.0,16/11/2016,Referral,Bicycle,6.9,9,11.9,11.9,15.9,44.6,13,16,18,18,28,79,1.88,1.79,1.52,1.52,1.76,1.77,,,,,,,,,,,,
74113,Rio de Janeiro,00:00.0,00:00.0,01/12/2016,Organic,Bicycle,4.7,11.9,13.7,23.3,25.6,25.6,8,25,30,53,58,58,1.7,2.1,2.19,2.27,2.26,2.26,,,,,,,,,,,,
74114,Rio de Janeiro,00:00.0,00:00.0,16/11/2016,Organic,Bicycle,3.4,3.4,3.4,3.4,3.4,3.4,6,6,6,6,6,6,1.77,1.77,1.77,1.77,1.77,1.77,,,,,,,,,,,,
74116,Rio de Janeiro,00:00.0,00:00.0,15/11/2016,Organic,Bicycle,5.6,11.4,22.2,54.9,81.4,200.6,6,17,35,74,132,387,1.07,1.49,1.58,1.35,1.62,1.93,,,,,,,,,,,,
74155,New York,00:00.0,00:00.0,12/11/2016,Referral,Scooter / Motorcycle,39.2,71.6,110.9,234.7,304.1,400.9,81,144,237,566,754,967,2.07,2.01,2.14,2.41,2.48,2.41,,,,,,,,,,,,
74166,New York,00:00.0,00:00.0,13/11/2016,Referral,Bicycle,28,54.6,94.7,179.1,262.3,329.8,48,96,165,300,439,576,1.72,1.76,1.74,1.67,1.67,1.75,,,,,,,,,,,,
74173,New York,00:00.0,00:00.0,22/11/2016,Referral,Bicycle,5.9,12,21.7,21.7,21.7,21.7,0,1,3,3,3,3,0,0.08,0.14,0.14,0.14,0.14,,,,,,,,,,,,
74193,Rio de Janeiro,00:00.0,00:00.0,13/11/2016,Organic,Bicycle,16.1,23.6,28.8,28.8,28.8,50,37,53,66,66,66,119,2.29,2.24,2.3,2.3,2.3,2.38,,,,,,,,,,,,
74194,Rio de Janeiro,00:00.0,00:00.0,15/11/2016,Organic,Bicycle,4.2,12.3,24.7,31.9,36.2,66.3,9,20,37,49,57,118,2.16,1.62,1.5,1.53,1.58,1.78,,,,,,,,,,,,
74198,Rio de Janeiro,00:00.0,00:00.0,20/11/2016,Organic,Scooter / Motorcycle,34.3,38,79.9,125.5,208.8,223.9,67,77,170,254,449,479,1.95,2.02,2.13,2.02,2.15,2.14,,,,,,,,,,,,
74204,Rio de Janeiro,00:00.0,00:00.0,15/11/2016,Organic,Bicycle,23.4,67.5,144.7,269.2,353.7,653.9,43,114,243,459,605,1206,1.84,1.69,1.68,1.71,1.71,1.84,,,,,2,2,,,,,0,0
74206,New York,00:00.0,00:00.0,14/11/2016,Digital,Bicycle,0.8,0.8,0.8,0.8,0.8,0.8,0,0,0,0,0,0,0,0,0,0,0,0,,,,,,,,,,,,
74209,Rio de Janeiro,00:00.0,00:00.0,24/11/2016,Referral,Bicycle,11,17.3,20.8,20.8,28.2,28.2,22,40,51,51,71,71,2,2.32,2.46,2.46,2.52,2.52,,,,,,,,,,,,
74214,New York,00:00.0,00:00.0,27/11/2016,Digital,Bicycle,24.1,32.8,32.8,37.8,37.8,37.8,27,41,41,50,50,50,1.12,1.25,1.25,1.32,1.32,1.32,,,,1,1,1,,,,0,0,0
74216,New York,00:00.0,00:00.0,12/11/2016,Organic,Bicycle,26.2,41.6,66,123,158.7,330.3,40,74,130,275,364,837,1.52,1.78,1.97,2.24,2.29,2.53,,,,,,,,,,,,
74217,New York,00:00.0,00:00.0,13/11/2016,Referral,Bicycle,18.6,28.8,55.2,90.9,90.9,90.9,19,31,76,107,107,107,1.02,1.08,1.38,1.18,1.18,1.18,,,,,,,,,,,,
74218,New York,00:00.0,00:00.0,16/11/2016,Offline,Bicycle,0.6,0.6,0.6,0.6,0.6,0.6,1,1,1,1,1,1,1.57,1.57,1.57,1.57,1.57,1.57,,,,,,,,,,,,
74221,New York,00:00.0,00:00.0,05/12/2016,Organic,Bicycle,15.8,17.1,17.1,17.1,17.1,17.1,31,33,33,33,33,33,1.97,1.93,1.93,1.93,1.93,1.93,,,,,,,,,,,,
74223,New York,00:00.0,00:00.0,18/11/2016,Referral,Scooter / Motorcycle,36.1,50.4,85.5,228.7,281,351,90,126,228,516,656,822,2.49,2.5,2.67,2.26,2.33,2.34,,,,,,,,,,,,
74247,New York,00:00.0,00:00.0,12/11/2016,Organic,Bicycle,0.4,0.4,0.4,0.4,0.4,0.4,0,0,0,0,0,0,0,0,0,0,0,0,,,,,,,,,,,,
74248,Rio de Janeiro,00:00.0,00:00.0,13/11/2016,Organic,Bicycle,2,26.3,65.9,90,135.9,269.9,2,39,111,170,264,626,0.98,1.48,1.69,1.89,1.94,2.32,,,,,,,,,,,,
74250,New York,00:00.0,00:00.0,12/11/2016,Digital,Bicycle,63.1,103.1,219.2,337.6,475.9,626.4,47,119,274,425,642,1039,0.74,1.15,1.25,1.26,1.35,1.66,,,,,,,,,,,,
74255,New York,00:00.0,00:00.0,25/11/2016,Referral,Scooter / Motorcycle,20.1,20.1,20.1,20.1,20.1,20.1,30,30,30,30,30,30,1.49,1.49,1.49,1.49,1.49,1.49,,,,,,,,,,,,
74256,New York,00:00.0,00:00.0,14/11/2016,Organic,Bicycle,10.2,13.1,27.8,29.7,29.7,29.7,18,24,42,44,44,44,1.76,1.83,1.51,1.48,1.48,1.48,,,,,,,,,,,,
74266,New York,00:00.0,00:00.0,18/11/2016,Organic,Scooter / Motorcycle,40.1,86.4,111.2,111.3,111.3,111.3,60,162,208,208,208,208,1.5,1.87,1.87,1.87,1.87,1.87,,,,,,,,,,,,
74267,New York,00:00.0,00:00.0,23/11/2016,Referral,Scooter / Motorcycle,19.8,37.2,72.5,144.1,216.3,264.2,31,59,115,241,401,491,1.57,1.59,1.59,1.67,1.85,1.86,,,,,,,,,,,,
74276,New York,00:00.0,00:00.0,23/11/2016,Referral,Bicycle,5.8,5.8,5.8,7.8,7.8,7.8,6,6,6,9,9,9,1.03,1.03,1.03,1.15,1.15,1.15,,,,,,,,,,,,
74277,New York,00:00.0,00:00.0,22/11/2016,Digital,Bicycle,11.3,19.8,32.7,32.7,32.7,32.7,29,50,78,78,78,78,2.57,2.53,2.39,2.39,2.39,2.39,2,2,2,2,2,2,1,1,1,1,1,1
74280,New York,00:00.0,00:00.0,19/11/2016,Organic,Bicycle,16.2,24.1,46.4,82.8,143.2,174.4,32,45,84,141,210,234,1.98,1.86,1.81,1.7,1.47,1.34,,,,,,1,,,,,,0
74292,Rio de Janeiro,00:00.0,00:00.0,13/12/2016,Organic,Bicycle,53.4,108.5,203,369.8,369.8,369.8,131,235,463,947,947,947,2.45,2.16,2.28,2.56,2.56,2.56,,1,1,1,1,1,,0,0,0,0,0
74293,Rio de Janeiro,00:00.0,00:00.0,15/11/2016,Organic,Bicycle,12.2,20.7,34.4,90.2,97.6,121.2,41,66,104,270,295,387,3.36,3.19,3.03,2.99,3.02,3.19,,,,,,1,,,,,,0
74296,Rio de Janeiro,00:00.0,00:00.0,17/11/2016,Organic,Bicycle,19,34.4,77.9,125.5,144.4,181.1,31,61,129,218,258,335,1.63,1.77,1.66,1.74,1.79,1.85,,,,,,,,,,,,
74300,New York,00:00.0,00:00.0,18/11/2016,Digital,Bicycle,20.3,33.1,45.7,62.3,62.3,62.3,34,48,56,67,67,67,1.67,1.45,1.22,1.08,1.08,1.08,,,,,,,,,,,,
74301,Rio de Janeiro,00:00.0,00:00.0,15/11/2016,Organic,Bicycle,12.3,23.6,43.2,61.7,61.7,61.7,25,51,94,132,132,132,2.03,2.16,2.17,2.14,2.14,2.14,,,,,,,,,,,,
74303,Rio de Janeiro,00:00.0,00:00.0,22/11/2016,Organic,Bicycle,18.8,33,72.4,156.7,220.1,446.6,24,49,133,304,467,993,1.27,1.49,1.84,1.94,2.12,2.22,,,,,,,,,,,,
74305,Rio de Janeiro,00:00.0,00:00.0,13/11/2016,Organic,Bicycle,22.1,35.6,52.9,105.2,137.2,167.9,41,69,99,170,234,295,1.86,1.94,1.87,1.62,1.71,1.76,,,,,,,,,,,,
74306,Rio de Janeiro,00:00.0,00:00.0,26/11/2016,Organic,Bicycle,26.4,38.7,73.1,145.7,228.2,415.1,63,98,182,357,570,940,2.39,2.53,2.49,2.45,2.5,2.26,,,,2,2,3,,,,0,0,0
74307,Rio de Janeiro,00:00.0,00:00.0,30/11/2016,Organic,Bicycle,8.9,12.8,19,19,22.6,25.8,15,24,40,40,48,51,1.69,1.87,2.11,2.11,2.13,1.97,,,,,,,,,,,,
74308,New York,00:00.0,00:00.0,18/11/2016,Organic,Scooter / Motorcycle,13.9,13.9,13.9,13.9,13.9,13.9,27,27,27,27,27,27,1.94,1.94,1.94,1.94,1.94,1.94,,,,,,,,,,,,
74309,New York,00:00.0,00:00.0,22/11/2016,Organic,Bicycle,3.8,3.8,3.8,3.8,3.8,3.8,5,5,5,5,5,5,1.32,1.32,1.32,1.32,1.32,1.32,,,,,,,,,,,,
74313,New York,00:00.0,00:00.0,13/11/2016,Referral,Scooter / Motorcycle,55.1,84.6,106.2,106.2,106.2,106.2,84,145,190,190,190,190,1.52,1.71,1.79,1.79,1.79,1.79,,,,,,,,,,,,
74314,New York,00:00.0,00:00.0,14/11/2016,Digital,Bicycle,17.8,23.9,36.5,36.5,39.2,41.6,35,44,67,67,76,78,1.97,1.84,1.84,1.84,1.94,1.87,,,,,,,,,,,,
74326,New York,00:00.0,00:00.0,18/11/2016,Referral,Scooter / Motorcycle,4.7,30.2,59.7,166.7,263.4,322.9,9,40,103,355,636,814,1.92,1.33,1.73,2.13,2.41,2.52,,,,,,,,,,,,
74333,New York,00:00.0,00:00.0,16/11/2016,Referral,Scooter / Motorcycle,18.2,34.4,38.7,68.8,68.8,68.8,37,68,76,121,121,121,2.03,1.98,1.97,1.76,1.76,1.76,,,,,,,,,,,,
74336,New York,00:00.0,00:00.0,19/11/2016,Referral,Bicycle,10.2,12.4,23.6,36,46.2,66.3,29,34,70,108,146,217,2.86,2.74,2.97,3,3.16,3.27,1,1,1,1,1,1,0,1,1,1,1,1
74337,New York,00:00.0,00:00.0,21/11/2016,Organic,Bicycle,8.9,8.9,8.9,8.9,8.9,8.9,17,17,17,17,17,17,1.9,1.9,1.9,1.9,1.9,1.9,,,,,,,,,,,,
74339,New York,00:00.0,00:00.0,13/11/2016,Digital,Bicycle,3,3,3,3,3,3,2,2,2,2,2,2,0.67,0.67,0.67,0.67,0.67,0.67,,,,,,,,,,,,
74341,New York,00:00.0,00:00.0,21/11/2016,Organic,Bicycle,9.1,9.1,9.1,9.1,9.1,9.1,13,13,13,13,13,13,1.43,1.43,1.43,1.43,1.43,1.43,,,,,,,,,,,,
74343,New York,00:00.0,00:00.0,18/11/2016,Referral,Scooter / Motorcycle,32.8,54.1,81.7,145.7,255.5,665.3,55,109,169,307,560,1447,1.68,2.01,2.07,2.11,2.19,2.17,,,,,,,,,,,,
74353,New York,00:00.0,00:00.0,14/11/2016,Organic,Scooter / Motorcycle,29.1,52.5,86.1,126.1,126.1,126.1,56,110,183,293,293,293,1.92,2.1,2.12,2.32,2.32,2.32,,,,,,,,,,,,
74359,New York,00:00.0,00:00.0,13/11/2016,Organic,Scooter / Motorcycle,1,1,1,1,1,1,1,1,1,1,1,1,0.97,0.97,0.97,0.97,0.97,0.97,,,,,,,,,,,,
74423,Cape Town,00:00.0,00:00.0,13/11/2016,Organic,Motor Vehicle,50.1,100.6,174.7,225.5,257.1,257.1,129,255,430,561,630,630,2.58,2.54,2.46,2.49,2.45,2.45,,,,,,,,,,,,
74426,Cape Town,00:00.0,00:00.0,25/12/2016,Offline,Bicycle,6.1,6.1,6.1,20,32.9,37.8,14,14,14,52,92,104,2.28,2.28,2.28,2.61,2.8,2.75,,,,,,,,,,,,
74427,Rio de Janeiro,00:00.0,00:00.0,21/11/2016,Organic,Bicycle,35.5,70.1,159,343.8,519.4,1027.5,92,174,418,899,1445,3049,2.59,2.48,2.63,2.62,2.78,2.97,,,,,1,1,,,,,1,1
74428,Rio de Janeiro,00:00.0,00:00.0,13/11/2016,Organic,Bicycle,13.8,16.9,29.8,73.1,89.1,263.1,17,20,42,115,157,592,1.23,1.18,1.41,1.57,1.76,2.25,,,,,,,,,,,,
74433,Rio de Janeiro,00:00.0,00:00.0,14/11/2016,Organic,Bicycle,31,31,31,31,31,31,63,63,63,63,63,63,2.03,2.03,2.03,2.03,2.03,2.03,,,,,,,,,,,,
74542,New York,00:00.0,00:00.0,21/11/2016,Organic,Bicycle,6.9,9.4,24.3,43.3,55.7,98.5,11,21,69,125,172,339,1.59,2.23,2.84,2.89,3.09,3.44,,,,1,2,6,,,,0,0,0
74551,New York,00:00.0,00:00.0,15/11/2016,Organic,Bicycle,12.3,15.3,21.4,22,22,22,19,23,32,32,32,32,1.55,1.5,1.49,1.45,1.45,1.45,,,,,,,,,,,,
74571,New York,00:00.0,00:00.0,15/11/2016,Organic,Scooter / Motorcycle,66.3,123.5,237.4,423.6,617,1192.6,128,243,459,872,1237,2541,1.93,1.97,1.93,2.06,2,2.13,,,,,,,,,,,,
74590,New York,00:00.0,00:00.0,13/11/2016,Organic,Scooter / Motorcycle,22.6,73.5,175.3,353.5,486.6,899.8,51,191,438,908,1314,2508,2.26,2.6,2.5,2.57,2.7,2.79,,,,,1,2,,,,,0,0
74591,New York,00:00.0,00:00.0,04/12/2016,Digital,Bicycle,0.7,0.7,0.7,0.7,19.5,19.5,0,0,0,0,34,34,0,0,0,0,1.74,1.74,,,,,,,,,,,,
74593,New York,00:00.0,00:00.0,13/11/2016,Organic,Bicycle,19.7,30.2,33,33,34.2,34.2,29,55,55,55,56,56,1.47,1.82,1.67,1.67,1.64,1.64,,,,,,,,,,,,
74594,New York,00:00.0,00:00.0,17/11/2016,Referral,Bicycle,7.6,10.5,10.5,10.5,10.5,10.5,23,32,32,32,32,32,3.02,3.04,3.04,3.04,3.04,3.04,,,,,,,,,,,,
74599,Rio de Janeiro,00:00.0,00:00.0,26/11/2016,Organic,Bicycle,75.4,118.3,210.9,404.1,578.2,1103.7,131,212,413,821,1245,2528,1.74,1.79,1.96,2.03,2.15,2.29,,,,,,,,,,,,
74601,Rio de Janeiro,00:00.0,00:00.0,20/11/2016,Referral,Bicycle,25.4,35.1,48.9,51.4,51.4,51.4,45,63,103,105,105,105,1.77,1.79,2.11,2.04,2.04,2.04,,,,,,,,,,,,
74603,New York,00:00.0,00:00.0,18/11/2016,Organic,Bicycle,19.8,22.6,22.6,22.6,22.6,22.6,42,48,48,48,48,48,2.12,2.13,2.13,2.13,2.13,2.13,,,,,,,,,,,,
74604,Rio de Janeiro,00:00.0,00:00.0,12/12/2016,Organic,Bicycle,18.1,25.2,46.4,121.8,183.5,334.6,34,47,85,283,453,865,1.88,1.86,1.83,2.32,2.47,2.59,,,,,,,,,,,,
74607,Rio de Janeiro,00:00.0,00:00.0,14/11/2016,Organic,Bicycle,15.1,35.5,89.8,104.3,106.9,120.6,32,72,177,220,227,261,2.12,2.03,1.97,2.11,2.12,2.17,,,,,,,,,,,,
74611,Rio de Janeiro,00:00.0,00:00.0,15/11/2016,Organic,Bicycle,5.6,8.9,9.6,9.6,9.6,9.6,9,15,16,16,16,16,1.61,1.69,1.67,1.67,1.67,1.67,,,,,,,,,,,,
74623,New York,00:00.0,00:00.0,13/11/2016,Digital,Scooter / Motorcycle,19.6,19.6,19.6,19.6,19.6,19.6,39,39,39,39,39,39,1.99,1.99,1.99,1.99,1.99,1.99,,,,,,,,,,,,
74663,New York,00:00.0,00:00.0,14/11/2016,Digital,Scooter / Motorcycle,45.3,71.2,151.4,202.3,202.3,202.3,55,98,214,301,301,301,1.21,1.38,1.41,1.49,1.49,1.49,,,,,,,,,,,,
74674,New York,00:00.0,00:00.0,05/12/2016,Organic,Bicycle,9.7,12.7,24.9,61.6,78.1,80.4,19,27,55,124,175,181,1.97,2.13,2.21,2.01,2.24,2.25,,,,,,,,,,,,
74688,Rio de Janeiro,00:00.0,00:00.0,15/11/2016,Organic,Bicycle,6.6,7.6,12.7,37.9,56.8,105,9,11,17,60,99,191,1.36,1.45,1.34,1.58,1.74,1.82,,,,,,,,,,,,
74689,New York,00:00.0,00:00.0,22/11/2016,Digital,Bicycle,5.7,5.7,15.5,18.5,18.5,18.5,7,7,13,15,15,15,1.23,1.23,0.84,0.81,0.81,0.81,,,,,,,,,,,,
74691,New York,00:00.0,00:00.0,18/11/2016,Referral,Scooter / Motorcycle,33.3,55.9,55.9,55.9,59.7,83,64,99,99,99,110,175,1.92,1.77,1.77,1.77,1.84,2.11,,,,,,,,,,,,
74693,Rio de Janeiro,00:00.0,00:00.0,14/11/2016,Organic,Bicycle,11.4,11.4,11.4,11.4,11.4,11.4,22,22,22,22,22,22,1.93,1.93,1.93,1.93,1.93,1.93,,,,,,,,,,,,
74696,New York,00:00.0,00:00.0,15/11/2016,Referral,Scooter / Motorcycle,53.5,117.6,249.8,494.4,568.8,634.2,138,277,535,1006,1114,1243,2.58,2.36,2.14,2.03,1.96,1.96,1,1,1,2,3,4,0,0,0,0,0,1
74698,New York,00:00.0,00:00.0,20/11/2016,Referral,Bicycle,17.2,23.9,32,41.1,41.1,41.1,33,44,64,87,87,87,1.92,1.84,2,2.12,2.12,2.12,1,1,1,1,1,1,0,0,0,0,0,0
74700,New York,00:00.0,00:00.0,23/11/2016,Job Platforms,Bicycle,11.3,17.8,28.2,43,43,43,32,51,80,108,108,108,2.83,2.86,2.84,2.51,2.51,2.51,,,,,,,,,,,,
74701,New York,00:00.0,00:00.0,18/11/2016,Digital,Bicycle,45.5,81.4,143.8,219.5,262.3,262.3,95,162,298,462,556,556,2.09,1.99,2.07,2.11,2.12,2.12,,,,,,,,,,,,
74703,New York,00:00.0,00:00.0,18/11/2016,Referral,Bicycle,29.1,47.8,99.8,201,302.6,466.7,38,56,124,247,420,685,1.31,1.17,1.24,1.23,1.39,1.47,,,,,,,,,,,,
74705,New York,00:00.0,00:00.0,18/11/2016,Job Platforms,Bicycle,14.3,14.4,14.4,14.4,14.4,14.4,16,16,16,16,16,16,1.12,1.11,1.11,1.11,1.11,1.11,,,,,,,,,,,,
74706,New York,00:00.0,00:00.0,18/11/2016,Organic,Bicycle,16.1,26.1,26.1,31.8,34.1,64.6,35,49,49,61,68,145,2.17,1.88,1.88,1.92,1.99,2.25,,,,,,,,,,,,
74714,New York,00:00.0,00:00.0,15/11/2016,Referral,Bicycle,28,53.5,68,68,68,68,44,89,114,114,114,114,1.57,1.66,1.68,1.68,1.68,1.68,,,,,,,,,,,,
74724,Rio de Janeiro,00:00.0,00:00.0,30/11/2016,Organic,Bicycle,31.4,41.5,82.2,100.2,100.2,545.9,71,94,201,248,248,1369,2.26,2.26,2.45,2.47,2.47,2.51,,,,,,,,,,,,
74725,Rio de Janeiro,00:00.0,00:00.0,18/11/2016,Digital,Bicycle,12.3,29.7,61.7,73.2,85.2,97.9,11,38,91,107,122,142,0.9,1.28,1.48,1.46,1.43,1.45,,,,,,,,,,,,
74727,New York,00:00.0,00:00.0,19/11/2016,Organic,Bicycle,20.2,20.2,20.2,20.2,20.2,20.2,27,27,27,27,27,27,1.34,1.34,1.34,1.34,1.34,1.34,,,,,,,,,,,,
74730,Rio de Janeiro,00:00.0,00:00.0,14/11/2016,Organic,Bicycle,33.4,57.6,103.5,192.8,240.8,319.7,68,130,253,540,685,896,2.03,2.26,2.45,2.8,2.85,2.8,,,,,,,,,,,,
74731,New York,00:00.0,00:00.0,14/11/2016,Referral,Bicycle,28.2,66.6,81.5,127.4,162.7,293.2,34,86,97,156,203,387,1.21,1.29,1.19,1.22,1.25,1.32,,,,,,,,,,,,
74739,Rio de Janeiro,00:00.0,00:00.0,26/11/2016,Organic,Bicycle,16.2,27.4,39.3,43,63.1,63.1,11,18,30,33,62,62,0.68,0.66,0.76,0.77,0.98,0.98,,,,,,,,,,,,
74743,Rio de Janeiro,00:00.0,00:00.0,19/11/2016,Organic,Bicycle,24.3,44.8,96.1,238.1,372.5,570,68,113,253,597,952,1554,2.79,2.52,2.63,2.51,2.56,2.73,,,1,1,1,1,,,0,0,0,0
74748,New York,00:00.0,00:00.0,18/11/2016,Organic,Bicycle,41,84.8,120.6,120.6,120.6,120.6,64,128,185,185,185,185,1.56,1.51,1.53,1.53,1.53,1.53,,,,,,,,,,,,
74762,New York,00:00.0,00:00.0,18/11/2016,Offline,Bicycle,4.4,4.4,4.4,4.4,4.4,4.4,3,3,3,3,3,3,0.69,0.69,0.69,0.69,0.69,0.69,,,,,,,,,,,,
74763,New York,00:00.0,00:00.0,13/11/2016,Digital,Bicycle,0.4,0.4,0.5,0.5,0.5,0.5,0,0,0,0,0,0,0,0,0,0,0,0,,,,,,,,,,,,
74764,New York,00:00.0,00:00.0,13/11/2016,Digital,Bicycle,4.3,24.3,43.9,75.1,95.3,95.3,3,21,43,70,110,110,0.7,0.86,0.98,0.93,1.15,1.15,1,1,1,2,2,2,0,0,0,0,0,0
74766,New York,00:00.0,00:00.0,15/11/2016,Digital,Bicycle,20.3,27.7,39.4,157,157,157,18,27,36,79,79,79,0.89,0.98,0.91,0.5,0.5,0.5,,,,,,,,,,,,
74767,New York,00:00.0,00:00.0,23/11/2016,Digital,Bicycle,5.6,11.4,17,20,20,20,16,33,45,51,51,51,2.86,2.89,2.64,2.55,2.55,2.55,,,,,,,,,,,,
74768,New York,00:00.0,00:00.0,13/11/2016,Referral,Bicycle,7.3,7.9,10,10.6,10.6,10.6,0,0,1,1,1,1,0,0,0.1,0.09,0.09,0.09,1,2,3,3,4,4,0,0,1,1,1,1
74769,New York,00:00.0,00:00.0,15/11/2016,Organic,Bicycle,11.6,24.3,36.7,58.2,82.4,184.2,18,39,56,85,127,297,1.55,1.6,1.52,1.46,1.54,1.61,,1,1,1,1,1,,1,1,1,1,1
74772,New York,00:00.0,00:00.0,16/11/2016,Digital,Bicycle,25.1,38,60.6,84.6,104.4,206.6,45,69,104,153,210,467,1.79,1.82,1.72,1.81,2.01,2.26,,,,,,,,,,,,
74774,New York,00:00.0,00:00.0,19/11/2016,Referral,Bicycle,4.6,11,26.6,26.6,26.6,26.6,5,9,17,17,17,17,1.08,0.82,0.64,0.64,0.64,0.64,1,1,1,1,1,1,0,0,0,0,0,0
74817,Rio de Janeiro,00:00.0,00:00.0,15/11/2016,Organic,Bicycle,17.4,26.2,37.5,39.9,46.9,140.3,43,61,80,86,102,345,2.48,2.33,2.13,2.16,2.17,2.46,,,,,,,,,,,,
74818,Rio de Janeiro,00:00.0,00:00.0,15/11/2016,Organic,Bicycle,2.5,2.5,2.5,2.5,2.5,2.5,5,5,5,5,5,5,2.02,2.02,2.02,2.02,2.02,2.02,,,,,,,,,,,,
74819,Rio de Janeiro,00:00.0,00:00.0,02/01/2017,Organic,Scooter / Motorcycle,9.2,13.3,34.7,121.1,178.8,235.4,25,38,96,363,528,683,2.72,2.86,2.77,3,2.95,2.9,,,,,,,,,,,,
74820,Rio de Janeiro,00:00.0,00:00.0,19/11/2016,Organic,Bicycle,4.7,4.7,4.7,4.7,4.7,4.7,4,4,4,4,4,4,0.85,0.85,0.85,0.85,0.85,0.85,,,,,,,,,,,,
74821,Rio de Janeiro,00:00.0,00:00.0,16/11/2016,Organic,Bicycle,13.4,26,30.1,30.1,30.1,30.1,26,47,51,51,51,51,1.94,1.8,1.7,1.7,1.7,1.7,,,,,,,,,,,,
74824,Cape Town,00:00.0,00:00.0,15/11/2016,Organic,Bicycle,13.7,37.6,52,67.3,94.6,134.4,25,68,92,117,170,248,1.82,1.81,1.77,1.74,1.8,1.85,,,,,,,,,,,,
74825,Cape Town,00:00.0,00:00.0,16/11/2016,Referral,Bicycle,14.3,23.4,52.6,108.7,145,251.6,23,40,92,191,266,500,1.61,1.71,1.75,1.76,1.83,1.99,1,1,1,1,2,2,0,1,1,1,1,1
74826,Cape Town,00:00.0,00:00.0,16/11/2016,Referral,Bicycle,9.1,26,65.4,136.1,177.2,293.8,13,41,107,229,318,576,1.43,1.58,1.64,1.68,1.79,1.96,,,,,,1,,,,,,0
74828,Cape Town,00:00.0,00:00.0,17/11/2016,Digital,Bicycle,28.1,50.5,95.7,179.9,257.5,442.9,57,96,179,325,511,954,2.03,1.9,1.87,1.81,1.98,2.15,,,,,,,,,,,,
74829,Cape Town,00:00.0,00:00.0,16/11/2016,Offline,Motor Vehicle,19.2,35,64.6,125.9,141,141,43,81,152,285,324,324,2.24,2.32,2.35,2.26,2.3,2.3,,,,,,,,,,,,
74830,Cape Town,00:00.0,00:00.0,15/11/2016,Offline,Motor Vehicle,23.2,54,95.5,142.3,241.9,431.1,58,127,203,257,368,612,2.5,2.35,2.12,1.81,1.52,1.42,,,,,,,,,,,,
74831,Cape Town,00:00.0,00:00.0,18/11/2016,Organic,Bicycle,21.9,31,63.2,145.8,246.9,493.6,40,52,97,200,379,831,1.83,1.68,1.53,1.37,1.54,1.68,,,,,,,,,,,,
74833,Cape Town,00:00.0,00:00.0,18/11/2016,Offline,Motor Vehicle,45.2,65.9,99.8,136.4,136.4,136.4,100,144,220,291,291,291,2.21,2.19,2.2,2.13,2.13,2.13,,,,,,,,,,,,
74835,Cape Town,00:00.0,00:00.0,14/11/2016,Organic,Bicycle,18.6,23.1,36.8,36.8,36.8,36.8,40,49,80,80,80,80,2.14,2.12,2.17,2.17,2.17,2.17,,,,,,,,,,,,
74837,Cape Town,00:00.0,00:00.0,14/11/2016,Job Platforms,Bicycle,15.7,21.7,67.9,159.9,241,433.1,19,30,93,214,362,681,1.21,1.38,1.37,1.34,1.5,1.57,,,,,,,,,,,,
74839,Cape Town,00:00.0,00:00.0,16/11/2016,Organic,Bicycle,26.9,47.5,82.3,154.9,226.1,292.2,58,98,166,317,481,589,2.16,2.06,2.02,2.05,2.13,2.02,,,,,,,,,,,,
74841,Cape Town,00:00.0,00:00.0,15/11/2016,Offline,Bicycle,20.5,45.2,98,177.8,240.6,332.2,45,81,178,331,475,688,2.19,1.79,1.82,1.86,1.97,2.07,,,,,,,,,,,,
74844,Cape Town,00:00.0,00:00.0,16/11/2016,Organic,Bicycle,12.8,12.8,29.2,119.7,155.9,359.8,29,29,50,213,301,739,2.26,2.26,1.71,1.78,1.93,2.05,,,,,,,,,,,,
74846,Cape Town,00:00.0,00:00.0,16/11/2016,Job Platforms,Motor Vehicle,17.5,32.2,54.9,108.7,141.9,172.5,50,93,146,265,356,435,2.85,2.89,2.66,2.44,2.51,2.52,1,2,2,2,2,2,0,1,2,2,2,2
74847,Cape Town,00:00.0,00:00.0,15/11/2016,Organic,Bicycle,27.2,51.7,100.6,185.9,258.8,366.8,40,86,157,282,425,654,1.47,1.66,1.56,1.52,1.64,1.78,,,,,,,,,,,,
74857,Rio de Janeiro,00:00.0,00:00.0,15/11/2016,Organic,Bicycle,18.4,39.3,78.4,152.3,220,391.1,32,79,176,366,547,963,1.74,2.01,2.25,2.4,2.49,2.46,,,,,,,,,,,,
74868,New York,00:00.0,00:00.0,21/11/2016,Digital,Bicycle,4.2,4.2,4.2,4.2,4.2,4.2,5,5,5,5,5,5,1.19,1.19,1.19,1.19,1.19,1.19,,,,,,,,,,,,
74890,New York,00:00.0,00:00.0,17/11/2016,Referral,Scooter / Motorcycle,14.1,32.8,62.6,73.3,95.6,227.9,12,30,63,74,136,553,0.85,0.91,1.01,1.01,1.42,2.43,,,,,,1,,,,,,1
74908,New York,00:00.0,00:00.0,14/11/2016,Referral,Bicycle,3.1,3.1,3.1,3.1,3.1,3.1,4,4,4,4,4,4,1.3,1.3,1.3,1.3,1.3,1.3,,,,,,,,,,,,
74909,New York,00:00.0,00:00.0,22/11/2016,Organic,Bicycle,9.4,11.3,11.3,14.9,14.9,14.9,16,19,19,24,24,24,1.7,1.69,1.69,1.61,1.61,1.61,,,,,,,,,,,,
74914,New York,00:00.0,00:00.0,14/11/2016,Digital,Bicycle,14.6,14.6,15.7,15.7,17.3,17.3,27,27,27,27,28,28,1.85,1.85,1.72,1.72,1.62,1.62,,,,,,,,,,,,
74916,New York,00:00.0,00:00.0,21/11/2016,Digital,Bicycle,6.1,13.5,24.5,37.4,37.4,37.4,11,26,55,81,81,81,1.79,1.92,2.25,2.17,2.17,2.17,,,,,,,,,,,,
74926,Rio de Janeiro,00:00.0,00:00.0,19/11/2016,Organic,Bicycle,10.6,10.6,19.8,21.6,32,53.7,21,21,40,42,57,96,1.99,1.99,2.02,1.94,1.78,1.79,,,,,,,,,,,,
74927,Rio de Janeiro,00:00.0,00:00.0,15/11/2016,Organic,Bicycle,10.6,29.6,54.8,97.2,131,196.1,21,59,115,219,321,499,1.98,1.99,2.1,2.25,2.45,2.54,,,,,,,,,,,,
74928,Rio de Janeiro,00:00.0,00:00.0,15/11/2016,Organic,Bicycle,8.7,20.9,20.9,24.5,24.5,24.5,13,34,34,40,40,40,1.49,1.63,1.63,1.63,1.63,1.63,,,,,,,,,,,,
74930,Rio de Janeiro,,,14/11/2016,Unknown,Bicycle,2.4,4.6,4.7,4.9,55.5,289.3,0,0,0,0,129,731,0,0,0,0,2.32,2.53,,,,,,,,,,,,
74937,Rio de Janeiro,00:00.0,00:00.0,14/11/2016,Organic,Bicycle,20.2,59.7,122.6,196.8,279.7,375.3,30,87,188,301,452,693,1.48,1.46,1.53,1.53,1.62,1.85,,,,,,,,,,,,
74940,Rio de Janeiro,00:00.0,00:00.0,15/11/2016,Organic,Bicycle,37.1,69.7,86.9,196.6,264.2,480.7,61,113,142,389,562,1138,1.64,1.62,1.63,1.98,2.13,2.37,,,,2,3,16,,,,0,0,2
74942,New York,00:00.0,00:00.0,16/11/2016,Organic,Bicycle,9.1,9.1,9.1,15.5,15.5,15.5,18,18,18,36,36,36,1.98,1.98,1.98,2.33,2.33,2.33,,,,,,,,,,,,
74943,New York,00:00.0,00:00.0,15/11/2016,Referral,Bicycle,50.6,83.2,153.5,268.1,433.1,1036.1,147,246,454,773,1245,2687,2.9,2.96,2.96,2.88,2.87,2.59,,,,,1,1,,,,,1,1
74959,Rio de Janeiro,00:00.0,00:00.0,14/11/2016,Organic,Bicycle,10.6,10.6,36.8,40.9,56.8,99,21,21,105,118,179,311,1.97,1.97,2.85,2.89,3.15,3.14,,,1,1,1,3,,,0,0,0,0
74962,Rio de Janeiro,00:00.0,00:00.0,07/12/2016,Organic,Bicycle,2,2,2,2,2,2,3,3,3,3,3,3,1.51,1.51,1.51,1.51,1.51,1.51,,,,,,,,,,,,
74972,Rio de Janeiro,00:00.0,00:00.0,16/11/2016,Referral,Bicycle,25.6,46.2,106.8,221.1,323.3,656.8,60,111,258,523,789,1640,2.34,2.4,2.42,2.37,2.44,2.5,,,,,,,,,,,,
74981,New York,00:00.0,00:00.0,15/11/2016,Digital,Bicycle,8.1,18.7,33.8,33.8,33.8,33.8,2,15,37,37,37,37,0.25,0.8,1.09,1.09,1.09,1.09,,,,,,,,,,,,
74984,New York,00:00.0,00:00.0,12/12/2016,Referral,Bicycle,8.1,8.1,8.1,8.1,8.1,8.1,5,5,5,5,5,5,0.62,0.62,0.62,0.62,0.62,0.62,,,,,,,,,,,,
74986,Rio de Janeiro,00:00.0,00:00.0,26/11/2016,Referral,Bicycle,2,2,2,13.3,47.8,122.4,6,6,6,31,123,298,3.06,3.06,3.06,2.33,2.57,2.43,,,,,,,,,,,,
74987,Rio de Janeiro,,,16/11/2016,Unknown,Bicycle,3.7,25.3,60,61.4,61.4,62,5,34,72,73,73,77,1.35,1.34,1.2,1.19,1.19,1.24,,,,,,,,,,,,
74988,New York,,,18/11/2016,Organic,Scooter / Motorcycle,31.4,51.5,108.2,174.5,179.2,423.9,51,95,204,327,336,656,1.62,1.84,1.89,1.87,1.88,1.55,,,,,,8,,,,,,0
74994,New York,00:00.0,00:00.0,21/11/2016,Organic,Bicycle,16.4,25.7,43.7,67.5,86.3,130.1,34,51,87,133,180,293,2.08,1.99,1.99,1.97,2.09,2.25,,,,,,,,,,,,
74998,Rio de Janeiro,00:00.0,00:00.0,15/11/2016,Organic,Bicycle,29.9,65.6,105,219.6,242.4,255.5,57,117,188,428,486,525,1.91,1.78,1.79,1.95,2,2.05,,,,,,,,,,,,
75000,Rio de Janeiro,00:00.0,00:00.0,14/11/2016,Organic,Bicycle,27.2,76.4,173.5,433.5,700.6,1367.8,49,153,352,897,1514,3265,1.8,2,2.03,2.07,2.16,2.39,,,,,,,,,,,,
75011,Rio de Janeiro,00:00.0,00:00.0,15/11/2016,Organic,Bicycle,17.2,31.6,67.8,139,204.1,204.1,43,78,170,341,509,509,2.49,2.47,2.51,2.45,2.49,2.49,,,,,,,,,,,,
75041,Rio de Janeiro,00:00.0,00:00.0,17/11/2016,Organic,Bicycle,8.7,8.7,8.7,8.7,8.7,61.7,10,10,10,10,10,129,1.15,1.15,1.15,1.15,1.15,2.09,,,,,,,,,,,,
75043,Rio de Janeiro,,,15/12/2016,Unknown,Bicycle,11.2,52.8,137,318.6,440.5,888.3,21,85,260,655,992,2076,1.88,1.61,1.9,2.06,2.25,2.34,,,,,,,,,,,,
75046,Rio de Janeiro,00:00.0,00:00.0,21/12/2016,Organic,Bicycle,9.4,16.1,18.2,20.8,20.8,20.8,20,38,43,49,49,49,2.12,2.36,2.37,2.36,2.36,2.36,,,,,,,,,,,,
75047,New York,00:00.0,00:00.0,18/11/2016,Referral,Scooter / Motorcycle,42.3,82.2,153.9,297.3,430.8,747.3,73,139,277,567,801,1493,1.72,1.69,1.8,1.91,1.86,2,,,,,,,,,,,,
75052,Rio de Janeiro,00:00.0,00:00.0,08/12/2016,Referral,Bicycle,0.2,0.2,0.2,0.2,0.2,0.2,0,0,0,0,0,0,0,0,0,0,0,0,,,,,,,,,,,,
75055,Rio de Janeiro,00:00.0,00:00.0,16/11/2016,Organic,Bicycle,16.6,21.4,30.2,33.4,33.4,33.4,25,30,45,47,47,47,1.51,1.4,1.49,1.41,1.41,1.41,,,,,,,,,,,,
75057,Rio de Janeiro,00:00.0,00:00.0,17/11/2016,Organic,Bicycle,17.7,41.2,82.8,132.3,171.6,199.8,41,89,165,269,368,443,2.31,2.16,1.99,2.03,2.14,2.22,,,,,,,,,,,,
75063,New York,00:00.0,00:00.0,15/11/2016,Referral,Scooter / Motorcycle,44.2,84.3,162.9,311.2,466.6,914.2,15,73,175,389,564,1120,0.34,0.87,1.07,1.25,1.21,1.23,,,,,,,,,,,,
75072,New York,00:00.0,00:00.0,14/11/2016,Organic,Pedestrian / Walker,1.7,1.7,1.7,1.7,1.7,1.7,3,3,3,3,3,3,1.81,1.81,1.81,1.81,1.81,1.81,,,,,,,,,,,,
75073,New York,00:00.0,00:00.0,28/11/2016,Digital,Bicycle,0.4,0.4,0.4,0.4,0.4,0.4,0,0,0,0,0,0,0,0,0,0,0,0,,,1,1,1,1,,,0,0,0,0
75074,Rio de Janeiro,00:00.0,00:00.0,16/11/2016,Organic,Bicycle,13.4,24.1,27.2,61.4,130.9,152.6,23,43,48,132,302,369,1.71,1.78,1.76,2.15,2.31,2.42,,,,,,,,,,,,
75077,New York,00:00.0,00:00.0,25/11/2016,Referral,Scooter / Motorcycle,52.7,92.3,156.9,252.5,325.9,560.8,115,209,361,606,805,1425,2.18,2.26,2.3,2.4,2.47,2.54,,,,,,2,,,,,,1
75094,New York,00:00.0,00:00.0,21/11/2016,Organic,Bicycle,9.6,15.6,25.8,40.9,40.9,40.9,19,26,41,72,72,72,1.99,1.66,1.59,1.76,1.76,1.76,,,,,,,,,,,,
75104,New York,00:00.0,00:00.0,14/11/2016,Digital,Bicycle,3.2,3.2,3.2,3.2,3.2,3.2,2,2,2,2,2,2,0.63,0.63,0.63,0.63,0.63,0.63,,,,,,,,,,,,
75107,New York,00:00.0,00:00.0,27/02/2017,Referral,Bicycle,12.6,17.5,17.5,17.5,17.5,17.5,30,35,35,35,35,35,2.38,2,2,2,2,2,,,,,,,,,,,,
75110,New York,00:00.0,00:00.0,18/11/2016,Organic,Scooter / Motorcycle,45.7,87,166.5,338.3,424.8,657.1,99,185,372,759,990,1611,2.17,2.13,2.23,2.24,2.33,2.45,,,,,,,,,,,,
75113,New York,00:00.0,00:00.0,21/11/2016,Referral,Bicycle,9.5,16.4,27.2,63.1,74.7,133.9,17,35,54,131,161,330,1.79,2.14,1.99,2.07,2.16,2.46,,,,,,,,,,,,
75114,New York,00:00.0,00:00.0,22/11/2016,Offline,Bicycle,8.7,8.7,8.7,17.3,28.9,28.9,22,22,22,44,77,77,2.53,2.53,2.53,2.55,2.66,2.66,,,,,,,,,,,,
75116,New York,00:00.0,00:00.0,22/11/2016,Digital,Bicycle,6.1,12,19.9,35.3,50.7,50.7,14,26,44,77,116,116,2.31,2.16,2.21,2.18,2.29,2.29,,,,,,,,,,,,
75117,New York,00:00.0,00:00.0,20/11/2016,Offline,Scooter / Motorcycle,76.8,123.8,150.6,251.2,356.3,730,149,238,285,489,757,1792,1.94,1.92,1.89,1.95,2.12,2.45,,,,,,1,,,,,,0
75118,New York,00:00.0,00:00.0,29/11/2016,Offline,Bicycle,7.1,12.2,14.5,16.8,16.8,17,13,23,29,35,35,35,1.83,1.89,1.99,2.09,2.09,2.05,,,,,,,,,,,,
75124,New York,00:00.0,00:00.0,19/11/2016,Organic,Bicycle,15.5,18.5,48.9,159.7,186.9,186.9,21,25,71,272,331,331,1.35,1.35,1.45,1.7,1.77,1.77,,,,,,,,,,,,
75169,Rio de Janeiro,00:00.0,00:00.0,16/11/2016,Organic,Bicycle,1.5,1.5,1.5,1.5,3.4,207,1,1,1,1,4,558,0.65,0.65,0.65,0.65,1.19,2.7,,,,,,1,,,,,,0
75170,Rio de Janeiro,00:00.0,00:00.0,23/11/2016,Digital,Bicycle,3,3,3,3,3,3,8,8,8,8,8,8,2.66,2.66,2.66,2.66,2.66,2.66,,,,,,,,,,,,
75175,Rio de Janeiro,00:00.0,00:00.0,15/11/2016,Organic,Bicycle,32.3,37,37.4,37.4,37.4,37.4,24,28,29,29,29,29,0.74,0.76,0.78,0.78,0.78,0.78,,,,,,,,,,,,
75178,Rio de Janeiro,00:00.0,00:00.0,26/11/2016,Referral,Bicycle,3.1,5,19.4,21.5,21.5,21.5,6,9,39,42,42,42,1.95,1.8,2.01,1.96,1.96,1.96,,1,1,1,1,2,,0,0,0,0,0
75181,Rio de Janeiro,00:00.0,00:00.0,20/11/2016,Organic,Bicycle,6.8,8.2,13.9,40.5,56.2,60.3,13,16,31,90,131,137,1.9,1.95,2.23,2.22,2.33,2.27,,,,,,1,,,,,,0
75183,Rio de Janeiro,00:00.0,00:00.0,16/11/2016,Organic,Bicycle,10.4,23.2,66.3,202.2,347.9,808.6,13,37,136,404,708,1847,1.25,1.59,2.05,2,2.04,2.28,,,,,,,,,,,,
75184,Rio de Janeiro,00:00.0,00:00.0,19/11/2016,Organic,Bicycle,13.1,24.4,58.2,93.1,125.2,171.7,31,57,141,233,318,436,2.36,2.34,2.42,2.5,2.54,2.54,,,,,,,,,,,,
75186,Rio de Janeiro,00:00.0,00:00.0,15/11/2016,Organic,Bicycle,15.4,24.3,28.1,49.4,49.4,53.7,19,31,35,52,52,52,1.24,1.28,1.25,1.05,1.05,0.97,,,,,,,,,,,,
75188,Rio de Janeiro,00:00.0,00:00.0,17/11/2016,Organic,Bicycle,8.5,8.5,8.5,8.5,8.5,8.5,15,15,15,15,15,15,1.76,1.76,1.76,1.76,1.76,1.76,,,,,,,,,,,,
75193,Rio de Janeiro,00:00.0,00:00.0,26/11/2016,Organic,Bicycle,7.4,12.9,18,41.3,143.3,438.2,8,15,24,85,275,812,1.09,1.16,1.33,2.06,1.92,1.85,,,,,1,2,,,,,0,0
75195,Rio de Janeiro,00:00.0,00:00.0,03/12/2016,Organic,Bicycle,21.1,25.5,25.5,30.7,122.1,395.9,34,45,45,56,256,819,1.62,1.76,1.76,1.83,2.1,2.07,,,,,,,,,,,,
75212,Rio de Janeiro,00:00.0,00:00.0,18/11/2016,Organic,Bicycle,13.9,18.5,41.6,79.1,107.8,123.9,26,33,69,161,235,273,1.87,1.78,1.66,2.04,2.18,2.2,,,,,,,,,,,,
75215,Rio de Janeiro,00:00.0,00:00.0,23/11/2016,Organic,Bicycle,4.6,13.7,33.3,74.4,100.6,100.6,7,29,74,200,282,282,1.52,2.11,2.22,2.69,2.8,2.8,,,,,,,,,,,,
75259,New York,00:00.0,00:00.0,20/11/2016,Organic,Bicycle,20.9,35.2,43.6,52,52,52,33,49,56,69,69,69,1.58,1.39,1.28,1.33,1.33,1.33,,,,,,,,,,,,
75263,New York,00:00.0,00:00.0,18/11/2016,Organic,Scooter / Motorcycle,9.5,51.8,99.1,160.3,162.3,162.3,20,111,231,363,364,364,2.11,2.14,2.33,2.26,2.24,2.24,,,,,,,,,,,,
75266,New York,00:00.0,00:00.0,16/11/2016,Organic,Bicycle,53,96.1,173.9,303.4,316.2,448.1,118,231,443,763,805,1136,2.23,2.4,2.55,2.51,2.55,2.54,,1,1,2,2,3,,0,1,1,1,1
75281,New York,00:00.0,00:00.0,18/11/2016,Digital,Scooter / Motorcycle,23.4,23.4,23.4,23.4,23.4,23.4,53,53,53,53,53,53,2.26,2.26,2.26,2.26,2.26,2.26,1,1,1,1,1,1,1,1,1,1,1,1
75317,New York,00:00.0,00:00.0,15/11/2016,Organic,Bicycle,41.2,77.9,154.6,303.5,446.9,1068.1,71,148,296,603,918,2335,1.72,1.9,1.91,1.99,2.05,2.19,,,,2,3,9,,,,0,0,0
75319,New York,00:00.0,00:00.0,22/11/2016,Referral,Bicycle,11.9,17.4,19.5,37,37,37,18,29,32,61,61,61,1.51,1.66,1.64,1.65,1.65,1.65,,,,,,,,,,,,
75320,New York,00:00.0,00:00.0,16/11/2016,Digital,Bicycle,3.1,9.4,15.7,34.1,48.7,48.7,8,26,50,112,146,146,2.57,2.76,3.18,3.28,3,3,,,,,,,,,,,,
75327,New York,00:00.0,00:00.0,15/11/2016,Organic,Bicycle,6.4,9.7,15.9,16.3,33.3,36.2,10,17,32,32,69,77,1.57,1.76,2.02,1.97,2.07,2.13,,,,,,,,,,,,
75329,Rio de Janeiro,00:00.0,00:00.0,22/11/2016,Organic,Scooter / Motorcycle,16.2,28.2,69.1,135.3,209.6,398.3,33,63,165,329,531,1081,2.04,2.23,2.39,2.43,2.53,2.71,,,,,,,,,,,,
75330,Rio de Janeiro,00:00.0,00:00.0,20/11/2016,Organic,Bicycle,23.8,54.7,86.3,156,214.7,297.7,45,89,157,321,470,696,1.89,1.63,1.82,2.06,2.19,2.34,,,,,,,,,,,,
75331,New York,00:00.0,00:00.0,16/11/2016,Organic,Bicycle,12.6,12.6,12.6,21.9,27.9,27.9,31,31,31,58,75,75,2.46,2.46,2.46,2.65,2.68,2.68,,,,,,,,,,,,
75332,Rio de Janeiro,00:00.0,00:00.0,15/11/2016,Organic,Bicycle,27.4,53.6,118.9,123.1,123.1,123.1,60,125,273,284,284,284,2.19,2.33,2.3,2.31,2.31,2.31,,,,,,,,,,,,
75333,Rio de Janeiro,,,16/11/2016,Unknown,Bicycle,4.4,14,33.8,56.6,113,249.4,7,21,62,110,262,576,1.6,1.5,1.84,1.94,2.32,2.31,,,,,,,,,,,,
75337,Rio de Janeiro,00:00.0,00:00.0,15/11/2016,Organic,Bicycle,1.9,1.9,1.9,1.9,1.9,1.9,4,4,4,4,4,4,2.08,2.08,2.08,2.08,2.08,2.08,,,,,,,,,,,,
75338,New York,00:00.0,00:00.0,18/11/2016,Digital,Bicycle,2.6,2.6,2.6,2.6,2.6,2.6,4,4,4,4,4,4,1.55,1.55,1.55,1.55,1.55,1.55,,,,,,,,,,,,
75339,Rio de Janeiro,00:00.0,00:00.0,06/12/2016,Organic,Bicycle,5.2,5.2,5.2,5.2,5.2,5.2,10,10,10,10,10,10,1.94,1.94,1.94,1.94,1.94,1.94,,,,,,,,,,,,
75340,Rio de Janeiro,00:00.0,00:00.0,28/11/2016,Organic,Bicycle,23.5,23.5,36.3,40.5,40.5,40.5,29,29,52,55,55,55,1.23,1.23,1.43,1.36,1.36,1.36,,,,,,,,,,,,
75344,Rio de Janeiro,00:00.0,00:00.0,22/11/2016,Organic,Bicycle,16.1,31.9,65.9,88.8,88.8,88.8,26,54,123,163,163,163,1.62,1.69,1.87,1.84,1.84,1.84,,,,,,,,,,,,
75351,Rio de Janeiro,00:00.0,00:00.0,16/11/2016,Organic,Bicycle,4.2,4.2,4.2,4.2,4.2,4.2,7,7,7,7,7,7,1.67,1.67,1.67,1.67,1.67,1.67,,,,,,,,,,,,
75353,Rio de Janeiro,00:00.0,00:00.0,15/11/2016,Organic,Bicycle,12.9,15.3,32,61,74.2,99.2,39,47,92,136,166,217,3.02,3.08,2.88,2.23,2.24,2.19,,,,,,,,,,,,
75356,Rio de Janeiro,00:00.0,00:00.0,22/11/2016,Organic,Bicycle,5.3,19,37.1,63.2,75.2,153.2,9,43,96,176,214,427,1.69,2.27,2.58,2.79,2.85,2.79,,,,,,,,,,,,
75367,Rio de Janeiro,00:00.0,00:00.0,19/11/2016,Organic,Bicycle,17.6,27.8,50.4,53.2,89.9,186.8,37,62,121,129,237,493,2.1,2.23,2.4,2.43,2.64,2.64,,,,,,,,,,,,
75370,Rio de Janeiro,00:00.0,00:00.0,15/11/2016,Organic,Bicycle,14.3,38.6,42.4,136,163.5,165.8,16,57,62,250,323,326,1.12,1.47,1.46,1.84,1.98,1.97,,,,,,,,,,,,
75372,Rio de Janeiro,,,26/11/2016,Unknown,Bicycle,7.1,7.1,7.1,7.1,7.1,42.1,3,3,3,3,3,94,0.42,0.42,0.42,0.42,0.42,2.24,,,,,,,,,,,,
75373,New York,00:00.0,00:00.0,25/11/2016,Digital,Bicycle,1.5,1.5,1.5,1.5,1.5,1.5,1,1,1,1,1,1,0.67,0.67,0.67,0.67,0.67,0.67,,,,,,,,,,,,
75375,Rio de Janeiro,00:00.0,00:00.0,17/11/2016,Organic,Bicycle,18.8,29.5,57.6,80.7,90.4,122.8,47,71,141,197,222,307,2.49,2.41,2.45,2.44,2.46,2.5,,,,,,,,,,,,
75377,Rio de Janeiro,00:00.0,00:00.0,25/11/2016,Organic,Bicycle,12.1,20.2,27,41.5,59,82.4,30,51,68,99,144,196,2.48,2.52,2.52,2.39,2.44,2.38,,,,,,,,,,,,
75381,Rio de Janeiro,,,16/11/2016,Unknown,Bicycle,15.2,35.2,35.2,35.2,35.2,35.2,29,65,65,65,65,65,1.91,1.85,1.85,1.85,1.85,1.85,,,,,,,,,,,,
75390,Rio de Janeiro,00:00.0,00:00.0,16/11/2016,Organic,Bicycle,13.7,19.4,27.1,30.7,30.7,30.7,27,37,51,54,54,54,1.98,1.91,1.88,1.76,1.76,1.76,,,,,,,,,,,,
75392,New York,00:00.0,00:00.0,18/11/2016,Offline,Bicycle,16.5,24.7,57.3,123.1,182.2,240.8,15,15,28,59,107,187,0.91,0.61,0.49,0.48,0.59,0.78,,,,1,1,1,,,,0,1,1
75395,Rio de Janeiro,00:00.0,00:00.0,16/11/2016,Organic,Bicycle,8.6,10.6,10.6,10.6,10.6,10.6,15,17,17,17,17,17,1.74,1.61,1.61,1.61,1.61,1.61,,,,,,,,,,,,
75396,New York,00:00.0,00:00.0,27/11/2016,Organic,Bicycle,11.3,18,18,46.5,51.4,51.4,24,35,35,73,82,82,2.13,1.94,1.94,1.57,1.6,1.6,,,,,,,,,,,,
75398,Rio de Janeiro,00:00.0,00:00.0,16/11/2016,Digital,Bicycle,14.4,48.3,63.3,98.1,185.9,221.2,10,54,74,141,314,377,0.69,1.12,1.17,1.44,1.69,1.7,,,,,,,,,,,,
75401,Rio de Janeiro,00:00.0,00:00.0,20/11/2016,Organic,Bicycle,32.8,47.7,47.7,47.8,47.8,47.8,79,101,101,101,101,101,2.41,2.12,2.12,2.11,2.11,2.11,,,,,,,,,,,,
75405,New York,00:00.0,00:00.0,19/11/2016,Referral,Scooter / Motorcycle,50,82.5,181.9,422.2,693.4,1419.3,72,125,234,359,535,1395,1.44,1.52,1.29,0.85,0.77,0.98,,,,2,2,2,,,,0,1,1
75409,Rio de Janeiro,00:00.0,00:00.0,22/11/2016,Organic,Bicycle,27.7,39.3,46.1,46.1,46.1,46.1,38,46,51,51,51,51,1.37,1.17,1.11,1.11,1.11,1.11,,,,,,,,,,,,
75413,Rio de Janeiro,00:00.0,00:00.0,26/11/2016,Organic,Bicycle,56.8,97,125.5,125.5,125.5,125.5,89,185,259,259,259,259,1.57,1.91,2.06,2.06,2.06,2.06,,,,,,,,,,,,
75416,Rio de Janeiro,00:00.0,00:00.0,16/11/2016,Organic,Bicycle,8.1,27.5,77.7,184.8,190.4,199.3,17,53,150,337,348,364,2.09,1.93,1.93,1.82,1.83,1.83,,,,,,,,,,,,
75417,New York,00:00.0,00:00.0,18/11/2016,Digital,Bicycle,22.1,31.7,32.4,32.4,32.4,32.4,45,73,74,74,74,74,2.04,2.3,2.28,2.28,2.28,2.28,,,,,,,,,,,,
75420,New York,00:00.0,00:00.0,22/11/2016,Organic,Bicycle,8.6,11.9,15.1,21.1,21.1,21.1,15,19,26,29,29,29,1.75,1.59,1.72,1.38,1.38,1.38,,,,,,,,,,,,
75422,Rio de Janeiro,00:00.0,00:00.0,16/11/2016,Organic,Bicycle,38.6,77.2,106.7,202,290.8,574,93,153,218,456,699,1472,2.41,1.98,2.04,2.26,2.4,2.56,,1,1,1,1,1,,0,0,0,0,0
75423,Rio de Janeiro,00:00.0,00:00.0,19/11/2016,Organic,Bicycle,3.9,3.9,3.9,3.9,3.9,3.9,4,4,4,4,4,4,1.03,1.03,1.03,1.03,1.03,1.03,,,,,,,,,,,,
75424,Rio de Janeiro,00:00.0,00:00.0,22/11/2016,Organic,Bicycle,24.8,28.8,67.3,76.4,76.4,76.4,48,53,140,151,151,151,1.94,1.84,2.08,1.98,1.98,1.98,,,,,,,,,,,,
75430,Rio de Janeiro,00:00.0,00:00.0,26/11/2016,Organic,Bicycle,10.5,17.9,39.2,66.7,118.2,214.2,20,38,100,169,322,604,1.91,2.12,2.55,2.53,2.72,2.82,,,,1,1,1,,,,0,0,0
75431,Rio de Janeiro,00:00.0,00:00.0,16/11/2016,Organic,Bicycle,30,66.1,150.7,301.4,461,1036.4,62,125,285,626,1011,2736,2.07,1.89,1.89,2.08,2.19,2.64,,,,,,,,,,,,
75433,New York,00:00.0,00:00.0,02/12/2016,Referral,Bicycle,50.5,92.9,162.6,301,476.8,657.3,52,102,168,362,702,1136,1.03,1.1,1.03,1.2,1.47,1.73,1,1,1,2,2,2,0,0,0,0,0,0
75434,Rio de Janeiro,00:00.0,00:00.0,17/11/2016,Organic,Bicycle,26.4,44.7,70.5,75.5,75.5,99.3,49,76,114,120,120,169,1.86,1.7,1.62,1.59,1.59,1.7,,,,,,,,,,,,
75439,Rio de Janeiro,00:00.0,00:00.0,16/11/2016,Organic,Bicycle,33.9,40.9,47.6,47.6,47.6,67.5,72,92,105,105,105,157,2.13,2.25,2.21,2.21,2.21,2.32,,,,,,,,,,,,
75440,New York,00:00.0,00:00.0,18/11/2016,Organic,Bicycle,0.2,0.2,0.2,0.2,6.5,108.4,0,0,0,0,13,244,0,0,0,0,2,2.25,,,,,,,,,,,,
75441,Rio de Janeiro,00:00.0,00:00.0,16/11/2016,Organic,Bicycle,16.7,44.2,69,118.1,194.2,582,25,49,97,183,379,1387,1.5,1.11,1.41,1.55,1.95,2.38,,,,,,1,,,,,,0
75444,Rio de Janeiro,00:00.0,00:00.0,16/02/2017,Digital,Bicycle,3.4,3.4,3.4,3.4,3.4,3.4,10,10,10,10,10,10,2.92,2.92,2.92,2.92,2.92,2.92,,,,,,,,,,,,
75448,Rio de Janeiro,00:00.0,00:00.0,19/11/2016,Organic,Bicycle,11,11.6,11.6,11.6,13.2,28.6,21,22,22,22,25,73,1.91,1.89,1.89,1.89,1.9,2.56,,,,,,,,,,,,
75452,New York,00:00.0,00:00.0,18/11/2016,Organic,Scooter / Motorcycle,39.5,76.2,148.6,276,361.4,463.4,48,85,165,309,382,504,1.22,1.12,1.11,1.12,1.06,1.09,,,,,,,,,,,,
75454,Rio de Janeiro,00:00.0,00:00.0,16/11/2016,Organic,Bicycle,11.2,26.6,38.1,71.8,92.8,104,19,43,66,138,189,216,1.7,1.61,1.73,1.92,2.04,2.08,,,,,,,,,,,,
75459,New York,00:00.0,00:00.0,23/11/2016,Organic,Bicycle,4.1,4.1,4.1,8,27.4,118.2,6,6,6,11,57,249,1.47,1.47,1.47,1.37,2.08,2.11,,,,,,,,,,,,
75464,Rio de Janeiro,00:00.0,00:00.0,17/11/2016,Organic,Bicycle,21.4,38.8,45.5,61.5,77.3,187.4,53,88,104,133,173,418,2.48,2.27,2.29,2.16,2.24,2.23,,,,,,,,,,,,
75465,Rio de Janeiro,00:00.0,00:00.0,20/11/2016,Organic,Bicycle,16.2,24.4,40,70.9,75.1,78.1,37,59,99,179,194,202,2.28,2.42,2.48,2.53,2.58,2.59,,,,,,,,,,,,
75466,New York,00:00.0,00:00.0,23/11/2016,Digital,Bicycle,7.2,10.4,17.3,36.8,50,55.1,9,16,26,40,40,49,1.25,1.54,1.51,1.09,0.8,0.89,,,,,,,,,,,,
75467,New York,,,18/11/2016,Unknown,Scooter / Motorcycle,13.8,44.2,110.2,188.6,242.3,399.8,23,72,188,337,485,826,1.67,1.63,1.71,1.79,2,2.07,,,,,1,3,,,,,1,1
75468,Rio de Janeiro,00:00.0,00:00.0,16/11/2016,Organic,Bicycle,7.6,18.2,55.5,95.5,109.5,109.5,23,58,176,320,373,373,3.04,3.19,3.17,3.35,3.41,3.41,,,2,2,2,2,,,0,0,0,0
75476,New York,00:00.0,00:00.0,18/11/2016,Referral,Bicycle,5,5,5,5,5,5,11,11,11,11,11,11,2.19,2.19,2.19,2.19,2.19,2.19,,,,,,,,,,,,
75478,New York,00:00.0,00:00.0,18/11/2016,Organic,Bicycle,25.1,43.5,96.8,173.4,183.4,183.4,55,107,217,386,414,414,2.19,2.46,2.24,2.23,2.26,2.26,,,,,,,,,,,,
75479,New York,00:00.0,00:00.0,21/11/2016,Offline,Bicycle,10.5,18.3,26.4,26.4,26.4,26.4,13,25,43,43,43,43,1.23,1.36,1.63,1.63,1.63,1.63,,,,,,,,,,,,
75480,New York,00:00.0,00:00.0,18/11/2016,Organic,Bicycle,10.7,21.2,36.1,62.5,62.5,62.5,18,27,38,60,60,60,1.69,1.27,1.05,0.96,0.96,0.96,,,,,,,,,,,,
75481,New York,00:00.0,00:00.0,17/11/2016,Organic,Bicycle,15.7,15.7,24.8,94.1,94.1,94.1,23,23,39,39,39,39,1.47,1.47,1.57,0.41,0.41,0.41,,,,,,,,,,,,
75514,New York,00:00.0,00:00.0,17/11/2016,Referral,Bicycle,7.4,18,27.3,40.1,67.4,95.5,15,40,72,106,195,301,2.04,2.23,2.63,2.65,2.9,3.15,,,,,,,,,,,,
75516,New York,00:00.0,00:00.0,20/11/2016,Referral,Bicycle,11.1,17.3,23.6,36.1,48.5,48.5,14,21,27,52,69,69,1.26,1.21,1.15,1.44,1.42,1.42,,,,,,,,,,,,
75517,New York,00:00.0,00:00.0,19/11/2016,Digital,Scooter / Motorcycle,28.8,46.8,52.7,54.6,54.6,54.6,72,116,124,130,130,130,2.5,2.48,2.35,2.38,2.38,2.38,,,,,,,,,,,,
75519,New York,00:00.0,00:00.0,18/11/2016,Organic,Bicycle,9.3,16.6,23,23,23,23,16,25,38,38,38,38,1.71,1.5,1.65,1.65,1.65,1.65,,,,,,,,,,,,
75520,New York,00:00.0,00:00.0,18/11/2016,Referral,Scooter / Motorcycle,48,84,175.5,356.5,460.8,582.9,100,184,420,851,1159,1506,2.08,2.19,2.39,2.39,2.52,2.58,,,,,,,,,,,,
75526,New York,00:00.0,00:00.0,23/11/2016,Offline,Bicycle,10.4,21.8,32.6,54.8,54.8,54.8,14,30,41,55,55,55,1.35,1.38,1.26,1,1,1,,,,,,,,,,,,
75543,New York,00:00.0,00:00.0,16/11/2016,Organic,Bicycle,13.8,13.8,13.8,13.8,13.8,13.8,22,22,22,22,22,22,1.59,1.59,1.59,1.59,1.59,1.59,,,,,,,,,,,,
75544,New York,00:00.0,00:00.0,24/11/2016,Digital,Bicycle,9.5,18.8,27.7,34.7,34.7,34.7,8,16,25,29,29,29,0.84,0.85,0.9,0.84,0.84,0.84,,,,,,,,,,,,
75545,New York,00:00.0,00:00.0,21/11/2016,Digital,Bicycle,15.9,33.2,33.2,33.2,33.2,33.2,34,67,67,67,67,67,2.14,2.02,2.02,2.02,2.02,2.02,,,,,,,,,,,,
75549,New York,00:00.0,00:00.0,24/11/2016,Digital,Bicycle,1.9,1.9,1.9,1.9,1.9,1.9,3,3,3,3,3,3,1.6,1.6,1.6,1.6,1.6,1.6,,,,,,,,,,,,
75559,New York,00:00.0,00:00.0,20/11/2016,Referral,Bicycle,8.8,19.4,42.2,67.1,83.5,84.6,16,26,52,82,113,115,1.82,1.34,1.23,1.22,1.35,1.36,,,,,,,,,,,,
75561,New York,00:00.0,00:00.0,18/11/2016,Referral,Scooter / Motorcycle,65.5,118.7,193.7,295.7,295.7,345.6,124,248,426,659,659,800,1.89,2.09,2.2,2.23,2.23,2.31,,,,,,1,,,,,,0
75562,New York,00:00.0,00:00.0,17/11/2016,Organic,Bicycle,26.6,32.2,32.2,32.2,32.2,265,78,92,92,92,92,662,2.94,2.86,2.86,2.86,2.86,2.5,,,,,,2,,,,,,0
75563,New York,00:00.0,00:00.0,18/11/2016,Referral,Scooter / Motorcycle,56.8,99.5,202.9,398.4,572.1,1034,92,175,397,816,1168,2134,1.62,1.76,1.96,2.05,2.04,2.06,,,,,1,1,,,,,0,0
75565,New York,00:00.0,00:00.0,23/11/2016,Organic,Bicycle,3.5,3.5,3.5,3.5,3.5,3.5,6,6,6,6,6,6,1.72,1.72,1.72,1.72,1.72,1.72,1,1,1,1,1,1,1,1,1,1,1,1
75567,New York,00:00.0,00:00.0,18/11/2016,Digital,Bicycle,10.3,19,29.7,32.5,32.5,32.5,22,39,62,71,71,71,2.15,2.05,2.09,2.18,2.18,2.18,,1,1,1,1,1,,0,0,0,0,0
75568,New York,00:00.0,00:00.0,18/11/2016,Referral,Scooter / Motorcycle,39.7,40.2,137.1,280.3,333.5,333.5,71,71,253,570,686,686,1.79,1.77,1.85,2.03,2.06,2.06,,1,1,1,1,1,,0,1,1,1,1
75569,New York,00:00.0,00:00.0,26/11/2016,Referral,Bicycle,59.6,100.7,191.2,292.3,292.3,292.3,38,71,145,229,229,229,0.64,0.71,0.76,0.78,0.78,0.78,,,,,,,,,,,,
75570,New York,00:00.0,00:00.0,22/11/2016,Organic,Bicycle,8.7,8.7,14.4,22,22,22,17,17,23,30,30,30,1.96,1.96,1.6,1.36,1.36,1.36,,,,,,,,,,,,
75571,New York,00:00.0,00:00.0,17/11/2016,Referral,Bicycle,16.2,21.4,29.6,52.6,65.7,97.2,23,24,29,54,82,141,1.42,1.12,0.98,1.03,1.25,1.45,,,,,,1,,,,,,0
75578,New York,,,18/11/2016,Unknown,Bicycle,25.5,49.6,78.9,162.3,234,372.1,37,73,123,275,437,799,1.45,1.47,1.56,1.69,1.87,2.15,,,,,,,,,,,,
75583,New York,00:00.0,00:00.0,17/11/2016,Job Platforms,Bicycle,10,16.5,42.4,60.6,60.6,60.6,20,34,83,117,117,117,2,2.06,1.96,1.93,1.93,1.93,,,,,,,,,,,,
75587,New York,00:00.0,00:00.0,20/11/2016,Organic,Bicycle,19.3,29.3,59.1,99.9,152.8,202.8,43,60,112,185,280,375,2.22,2.05,1.89,1.85,1.83,1.85,,,,,,,,,,,,
75590,New York,00:00.0,00:00.0,18/11/2016,Organic,Bicycle,8.9,14.7,14.7,17.4,17.4,17.4,21,32,32,40,40,40,2.35,2.17,2.17,2.3,2.3,2.3,,,,,,,,,,,,
75662,New York,00:00.0,00:00.0,18/11/2016,Referral,Scooter / Motorcycle,14.8,14.8,14.8,14.8,14.8,14.8,22,22,22,22,22,22,1.49,1.49,1.49,1.49,1.49,1.49,,,,,,,,,,,,
75673,New York,00:00.0,00:00.0,17/02/2017,Offline,Scooter / Motorcycle,28.6,29.1,29.1,32.9,34.5,39.6,98,99,99,110,114,128,3.43,3.41,3.41,3.34,3.31,3.23,,1,1,1,1,1,,0,0,0,0,0
75692,New York,00:00.0,00:00.0,19/11/2016,Referral,Bicycle,31.9,60.1,117.8,220.6,291.4,462.6,87,149,281,539,743,1198,2.73,2.48,2.39,2.44,2.55,2.59,,,,,,,,,,,,
75706,New York,00:00.0,00:00.0,22/11/2016,Referral,Bicycle,13,13,13,13,13,13,25,25,25,25,25,25,1.92,1.92,1.92,1.92,1.92,1.92,,,,,,,,,,,,
75708,New York,00:00.0,00:00.0,19/11/2016,Digital,Bicycle,11.9,17.9,35.9,53.5,53.5,53.5,15,23,54,90,90,90,1.26,1.28,1.5,1.68,1.68,1.68,,,,,,,,,,,,
75712,New York,00:00.0,00:00.0,19/11/2016,Organic,Bicycle,7.2,7.2,7.2,7.2,7.2,7.2,16,16,16,16,16,16,2.21,2.21,2.21,2.21,2.21,2.21,,,,,,,,,,,,
75717,Rio de Janeiro,,,20/11/2016,Unknown,Bicycle,14.5,29.3,69.8,148.3,171.2,252.6,30,53,141,303,353,569,2.07,1.81,2.02,2.04,2.06,2.25,,,,,,,,,,,,
75718,Rio de Janeiro,00:00.0,00:00.0,21/11/2016,Organic,Bicycle,22.7,55.7,147.6,161.6,163.6,196.1,50,107,314,344,347,436,2.2,1.92,2.13,2.13,2.12,2.22,,,,,,,,,,,,
75719,Rio de Janeiro,00:00.0,00:00.0,21/11/2016,Organic,Bicycle,12.3,18,28.2,34.7,34.7,50.6,25,35,61,77,77,110,2.03,1.94,2.16,2.22,2.22,2.17,,,,,,,,,,,,
75726,Rio de Janeiro,00:00.0,00:00.0,02/12/2016,Organic,Bicycle,14.5,29.8,47.7,82.9,104.5,138.5,39,85,145,257,328,429,2.68,2.85,3.04,3.1,3.14,3.1,,,3,3,4,5,,,0,0,0,0
75731,Rio de Janeiro,00:00.0,00:00.0,18/11/2016,Organic,Bicycle,3.9,4,4,4.2,4.2,4.2,0,0,0,0,0,0,0,0,0,0,0,0,,,,,,,,,,,,
75733,Rio de Janeiro,00:00.0,00:00.0,29/11/2016,Referral,Bicycle,0.3,0.3,0.4,0.4,0.4,0.4,2,2,2,2,2,2,6.15,6.15,5.07,5.07,5.07,5.07,,,,,,,,,,,,
75735,Rio de Janeiro,00:00.0,00:00.0,18/11/2016,Organic,Bicycle,40.3,97.7,196.7,199.2,199.2,199.2,91,200,394,399,399,399,2.26,2.05,2,2,2,2,,,,1,1,1,,,,0,0,0
75736,Rio de Janeiro,00:00.0,00:00.0,21/11/2016,Organic,Bicycle,2.7,6.6,22.8,88.7,88.7,187.7,4,12,56,225,225,507,1.48,1.81,2.45,2.54,2.54,2.7,,,,1,1,4,,,,0,1,1
75737,Rio de Janeiro,00:00.0,00:00.0,20/11/2016,Organic,Bicycle,8.8,16,27.9,49.4,69.4,118.9,17,27,50,85,129,240,1.94,1.69,1.79,1.72,1.86,2.02,,,,,,,,,,,,
75738,Rio de Janeiro,00:00.0,00:00.0,22/11/2016,Organic,Bicycle,13.5,30.6,60.5,110.3,153.9,232.9,18,41,101,186,289,494,1.34,1.34,1.67,1.69,1.88,2.12,,,,,,,,,,,,
75740,New York,00:00.0,00:00.0,19/11/2016,Digital,Bicycle,3.1,3.1,3.1,3.1,3.1,3.1,7,7,7,7,7,7,2.28,2.28,2.28,2.28,2.28,2.28,,,,,,,,,,,,
75741,New York,00:00.0,00:00.0,19/11/2016,Digital,Bicycle,18.5,21.3,33.7,46.1,62.5,131.5,32,38,54,64,85,184,1.73,1.79,1.6,1.39,1.36,1.4,,,,,,,,,,,,
75749,Rio de Janeiro,00:00.0,00:00.0,18/11/2016,Organic,Bicycle,6.5,9.8,24.6,38.6,54.9,66.9,14,22,53,89,136,162,2.16,2.24,2.16,2.3,2.48,2.42,,,,,,,,,,,,
75750,Rio de Janeiro,00:00.0,00:00.0,23/11/2016,Organic,Bicycle,8.5,10.6,10.6,10.6,10.6,30.8,19,21,21,21,21,84,2.25,1.98,1.98,1.98,1.98,2.73,,,,,,,,,,,,
75751,Rio de Janeiro,00:00.0,00:00.0,20/11/2016,Organic,Bicycle,24.2,24.2,24.2,24.2,24.2,68.9,49,49,49,49,49,145,2.03,2.03,2.03,2.03,2.03,2.11,,,,,,,,,,,,
75753,Rio de Janeiro,00:00.0,00:00.0,19/11/2016,Organic,Bicycle,49.6,87.9,157.5,293.9,435.7,576.1,123,223,445,827,1319,1835,2.48,2.54,2.83,2.81,3.03,3.19,,,,,2,2,,,,,0,1
75756,New York,00:00.0,00:00.0,19/11/2016,Referral,Bicycle,5.3,5.3,5.3,5.3,5.3,5.3,10,10,10,10,10,10,1.89,1.89,1.89,1.89,1.89,1.89,,,,,,,,,,,,
75762,New York,00:00.0,00:00.0,18/11/2016,Organic,Scooter / Motorcycle,58.4,113.5,182.9,310.7,381.4,418.2,115,249,418,721,937,1048,1.97,2.19,2.29,2.32,2.46,2.51,,,,,,1,,,,,,1
75770,New York,00:00.0,00:00.0,19/11/2016,Offline,Scooter / Motorcycle,23.4,44.7,135.7,332.1,487.5,744.9,53,100,301,733,1101,1598,2.27,2.24,2.22,2.21,2.26,2.15,,,,,,1,,,,,,0
75773,Rio de Janeiro,00:00.0,00:00.0,26/11/2016,Organic,Bicycle,7.2,15,18.6,18.6,18.6,18.6,8,18,24,24,24,24,1.12,1.2,1.29,1.29,1.29,1.29,,,,,,,,,,,,
75776,Rio de Janeiro,00:00.0,00:00.0,21/11/2016,Organic,Bicycle,17.7,26.5,35.2,45.4,45.4,45.4,39,53,75,98,98,98,2.2,2,2.13,2.16,2.16,2.16,,,,,,,,,,,,
75778,Rio de Janeiro,00:00.0,00:00.0,22/11/2016,Organic,Bicycle,10.8,12.6,15.5,39,39,100.1,22,26,33,106,106,299,2.04,2.06,2.13,2.72,2.72,2.99,,,,,,,,,,,,
75783,Rio de Janeiro,00:00.0,00:00.0,20/11/2016,Digital,Bicycle,45.1,77.8,136.2,243.5,298.5,533.4,71,129,254,495,654,1441,1.57,1.66,1.87,2.03,2.19,2.7,,,,,,,,,,,,
75789,Rio de Janeiro,00:00.0,00:00.0,19/11/2016,Organic,Bicycle,33,59.8,111.8,217.9,285,473.7,67,121,237,509,701,1318,2.03,2.02,2.12,2.34,2.46,2.78,,,,,,,,,,,,
75793,New York,00:00.0,00:00.0,30/11/2016,Job Platforms,Bicycle,23.3,34.4,54.6,55.4,56.6,56.6,16,25,43,44,44,44,0.69,0.73,0.79,0.79,0.78,0.78,,,,,,,,,,,,
75794,New York,00:00.0,00:00.0,22/11/2016,Referral,Bicycle,6.2,12.6,12.6,12.6,12.6,12.6,12,25,25,25,25,25,1.92,1.99,1.99,1.99,1.99,1.99,,,,,,,,,,,,
75796,Rio de Janeiro,00:00.0,00:00.0,20/11/2016,Organic,Bicycle,14.4,31.8,39,39,85.2,172,21,46,56,56,136,296,1.46,1.45,1.44,1.44,1.6,1.72,,,,,,,,,,,,
75799,Rio de Janeiro,00:00.0,00:00.0,26/11/2016,Organic,Bicycle,14.8,31.6,39.5,74.1,84.4,179.4,40,86,110,209,236,549,2.7,2.72,2.78,2.82,2.8,3.06,,,,,,,,,,,,
75800,Rio de Janeiro,00:00.0,00:00.0,18/11/2016,Organic,Bicycle,24.4,53.7,108.7,159.5,159.9,385.4,31,73,162,249,252,543,1.27,1.36,1.49,1.56,1.58,1.41,,,,1,1,2,,,,0,0,0
75802,Rio de Janeiro,,,26/11/2016,Unknown,Bicycle,12.1,22.1,48.2,52.5,110,265.3,27,52,130,144,329,739,2.23,2.35,2.7,2.74,2.99,2.79,,,,,1,1,,,,,0,0
75805,Rio de Janeiro,00:00.0,00:00.0,22/11/2016,Organic,Bicycle,5.1,5.1,5.1,8.9,8.9,8.9,11,11,11,21,21,21,2.15,2.15,2.15,2.36,2.36,2.36,,,,,,,,,,,,
75806,Rio de Janeiro,00:00.0,00:00.0,22/11/2016,Organic,Bicycle,13.6,17.6,22.6,22.6,22.6,22.6,28,36,46,46,46,46,2.06,2.05,2.04,2.04,2.04,2.04,,,,,,,,,,,,
75807,New York,00:00.0,00:00.0,19/11/2016,Digital,Bicycle,21.8,37.8,81.5,130.6,130.6,130.6,37,60,130,225,225,225,1.7,1.59,1.59,1.72,1.72,1.72,,,,,,,,,,,,
75820,Rio de Janeiro,00:00.0,00:00.0,21/11/2016,Organic,Bicycle,11.2,21.3,39.1,60.4,75.3,90.1,21,45,87,139,177,218,1.88,2.12,2.23,2.3,2.35,2.42,,,,,,,,,,,,
75821,Rio de Janeiro,00:00.0,00:00.0,22/11/2016,Organic,Bicycle,0.5,0.5,0.5,0.7,0.7,0.7,0,0,0,0,0,0,0,0,0,0,0,0,,,,,,,,,,,,
75826,New York,00:00.0,00:00.0,19/11/2016,Digital,Scooter / Motorcycle,4.7,4.7,4.7,4.7,4.7,4.7,7,7,7,7,7,7,1.48,1.48,1.48,1.48,1.48,1.48,,,,,,,,,,,,
75832,New York,00:00.0,00:00.0,21/11/2016,Referral,Bicycle,30.7,49.2,54.8,54.8,54.8,54.8,25,33,42,42,42,42,0.81,0.67,0.77,0.77,0.77,0.77,,,,,,,,,,,,
75834,New York,00:00.0,00:00.0,19/11/2016,Referral,Bicycle,35.1,46.2,69.8,129.8,147.2,213.9,29,36,51,123,141,254,0.83,0.78,0.73,0.95,0.96,1.19,,,,,,1,,,,,,0
75837,New York,00:00.0,00:00.0,19/11/2016,Organic,Bicycle,30.2,51.4,86.5,154.8,203.4,465.8,54,94,170,317,453,1153,1.79,1.83,1.97,2.05,2.23,2.48,,,,,,,,,,,,
75840,New York,00:00.0,00:00.0,18/11/2016,Referral,Scooter / Motorcycle,53.8,115.1,240,350.2,360.1,707.7,105,247,553,827,857,1907,1.95,2.15,2.3,2.36,2.38,2.69,,,,1,1,1,,,,0,0,0
75841,New York,00:00.0,00:00.0,22/11/2016,Referral,Bicycle,11.5,19.2,31.9,62.3,91,131.2,26,43,80,154,221,322,2.25,2.24,2.51,2.47,2.43,2.45,,,,,,,,,,,,
75843,New York,00:00.0,00:00.0,18/11/2016,Organic,Bicycle,21.6,40.4,85.1,235.5,297.1,414,11,41,120,405,552,807,0.51,1.01,1.41,1.72,1.86,1.95,,,,,,,,,,,,
75846,New York,00:00.0,00:00.0,21/11/2016,Referral,Bicycle,11.1,20.1,32.4,66,78,93.9,35,63,89,170,217,273,3.15,3.13,2.75,2.58,2.78,2.91,,,,,,,,,,,,
75854,New York,00:00.0,00:00.0,29/11/2016,Digital,Bicycle,11.9,21.8,41.7,84.6,124.1,194.7,16,35,68,159,242,403,1.34,1.6,1.63,1.88,1.95,2.07,,,1,1,1,1,,,0,0,0,0
75860,New York,00:00.0,00:00.0,25/11/2016,Referral,Bicycle,6.1,6.1,70.3,161.9,171.3,171.3,9,9,106,287,304,304,1.48,1.48,1.51,1.77,1.78,1.78,,,,1,1,1,,,,0,0,0
75862,New York,00:00.0,00:00.0,25/11/2016,Organic,Bicycle,28.8,28.8,52.6,176.9,274,608.1,37,37,76,236,416,898,1.29,1.29,1.44,1.33,1.52,1.48,1,1,1,1,2,3,0,0,0,1,1,1
75863,New York,00:00.0,00:00.0,18/11/2016,Organic,Bicycle,0.2,20.7,47.1,47.1,62.1,112.6,0,20,54,54,73,200,0,0.97,1.15,1.15,1.18,1.78,,,,,,,,,,,,
75867,New York,00:00.0,00:00.0,21/11/2016,Organic,Scooter / Motorcycle,28.5,50.7,94.2,180.9,263.7,290.9,73,131,263,542,830,934,2.56,2.58,2.79,3,3.15,3.21,,,,,,,,,,,,
75869,New York,00:00.0,00:00.0,19/11/2016,Organic,Bicycle,14,14,14,14,21.3,21.3,16,16,16,16,24,24,1.15,1.15,1.15,1.15,1.13,1.13,,,,,,,,,,,,
75876,New York,00:00.0,00:00.0,22/11/2016,Organic,Bicycle,13.8,26.1,48.8,99,147,213.3,12,25,56,139,237,380,0.87,0.96,1.15,1.4,1.61,1.78,,,1,3,3,4,,,0,0,0,0
75880,New York,00:00.0,00:00.0,23/11/2016,Referral,Bicycle,32.2,41.1,62.3,77.9,77.9,77.9,29,48,75,95,95,95,0.9,1.17,1.2,1.22,1.22,1.22,,,,,,,,,,,,
75881,New York,00:00.0,00:00.0,22/11/2016,Referral,Bicycle,15.3,27.7,51.9,105.4,155.3,194.4,26,42,68,141,190,230,1.7,1.51,1.31,1.34,1.22,1.18,,,,,,,,,,,,
75885,New York,00:00.0,00:00.0,19/11/2016,Organic,Bicycle,28,46.5,46.5,71.7,71.7,71.7,55,87,87,135,135,135,1.96,1.87,1.87,1.88,1.88,1.88,,,,,,,,,,,,
75887,New York,00:00.0,00:00.0,26/11/2016,Organic,Bicycle,21.2,36.7,68.5,123.7,159.1,276.8,34,63,115,227,298,508,1.6,1.72,1.68,1.84,1.87,1.84,,,,,,,,,,,,
75892,Rio de Janeiro,00:00.0,00:00.0,20/11/2016,Organic,Bicycle,6.2,22,42.2,93.3,137.3,193,10,40,77,198,304,415,1.61,1.82,1.82,2.12,2.21,2.15,1,3,3,3,5,5,0,0,0,0,0,0
75894,Rio de Janeiro,00:00.0,00:00.0,26/11/2016,Referral,Bicycle,5.9,5.9,8.8,8.8,8.8,44.8,11,11,18,18,18,110,1.88,1.88,2.04,2.04,2.04,2.45,,,,,,,,,,,,
75895,Rio de Janeiro,00:00.0,00:00.0,01/12/2016,Organic,Bicycle,23.2,44.4,66.5,66.5,69.2,74.2,46,109,163,163,172,187,1.98,2.46,2.45,2.45,2.48,2.52,,,,,,,,,,,,
75896,Rio de Janeiro,00:00.0,00:00.0,22/11/2016,Organic,Bicycle,12.4,28.1,44.4,60.5,60.5,83.6,20,44,76,104,104,138,1.61,1.57,1.71,1.72,1.72,1.65,,,,,,,,,,,,
75897,Rio de Janeiro,00:00.0,00:00.0,19/11/2016,Organic,Bicycle,13,22.2,22.2,22.2,22.2,22.2,20,37,37,37,37,37,1.54,1.66,1.66,1.66,1.66,1.66,,,,,,,,,,,,
75900,Rio de Janeiro,00:00.0,00:00.0,19/11/2016,Organic,Bicycle,73.2,149.4,305,438.9,470.4,625,175,348,793,1113,1198,1595,2.39,2.33,2.6,2.54,2.55,2.55,,,,,,,,,,,,
75901,Rio de Janeiro,00:00.0,00:00.0,20/11/2016,Organic,Bicycle,22,22,24.7,32.9,38.1,50.3,63,63,70,88,103,136,2.86,2.86,2.83,2.67,2.7,2.7,,,,1,1,3,,,,0,0,0
75903,Rio de Janeiro,00:00.0,00:00.0,09/12/2016,Organic,Bicycle,38.7,82.4,146.1,296.8,462.9,951.2,68,147,279,620,1130,2644,1.76,1.78,1.91,2.09,2.44,2.78,,,,,,,,,,,,
75904,Rio de Janeiro,00:00.0,00:00.0,19/11/2016,Organic,Bicycle,10.4,26,69,139,185.4,331.2,14,37,95,226,324,673,1.34,1.42,1.38,1.63,1.75,2.03,,,,,,,,,,,,
75906,Rio de Janeiro,00:00.0,00:00.0,26/11/2016,Organic,Bicycle,6.1,6.1,6.1,6.1,6.1,6.1,15,15,15,15,15,15,2.48,2.48,2.48,2.48,2.48,2.48,,,,,,,,,,,,
75907,Rio de Janeiro,00:00.0,00:00.0,23/11/2016,Organic,Bicycle,8.7,27.5,67.2,190.1,301.8,393.6,11,42,101,329,540,711,1.27,1.53,1.5,1.73,1.79,1.81,,,,,,,,,,,,
75908,Rio de Janeiro,00:00.0,00:00.0,20/11/2016,Organic,Bicycle,4.3,17.5,47.8,128.6,229,278.4,2,22,74,256,472,572,0.47,1.26,1.55,1.99,2.06,2.05,,,,,,,,,,,,
75949,Cape Town,00:00.0,00:00.0,20/11/2016,Digital,Bicycle,29.9,59.6,121.8,192,202.7,202.7,52,106,195,325,352,352,1.74,1.78,1.6,1.69,1.74,1.74,,,,,,,,,,,,
75950,Cape Town,00:00.0,00:00.0,21/11/2016,Organic,Bicycle,26.9,43.6,85.6,164.8,248.3,470,63,98,189,353,544,1003,2.34,2.25,2.21,2.14,2.19,2.13,,,,,,,,,,,,
75951,Cape Town,00:00.0,00:00.0,22/11/2016,Digital,Bicycle,21.6,45,79.8,114.4,233.3,585.6,35,72,131,179,392,1127,1.62,1.6,1.64,1.56,1.68,1.92,,,,,,,,,,,,
75952,Cape Town,,,22/11/2016,Unknown,Motor Vehicle,20,21.2,21.2,21.2,21.2,21.2,33,35,35,35,35,35,1.65,1.65,1.65,1.65,1.65,1.65,,,,,,,,,,,,
75953,Cape Town,00:00.0,00:00.0,22/11/2016,Organic,Bicycle,34.4,59.2,82.7,142.5,228.4,302.8,50,93,137,264,463,608,1.45,1.57,1.66,1.85,2.03,2.01,,,,,,,,,,,,
75954,Cape Town,00:00.0,00:00.0,19/11/2016,Digital,Bicycle,12.9,12.9,12.9,12.9,12.9,12.9,16,16,16,16,16,16,1.24,1.24,1.24,1.24,1.24,1.24,,,,,,,,,,,,
75955,Cape Town,00:00.0,00:00.0,20/11/2016,Organic,Bicycle,31.6,34.2,63.7,167.9,219.3,386.4,78,81,136,352,505,922,2.46,2.37,2.13,2.1,2.3,2.39,,,,,,,,,,,,
75991,New York,00:00.0,00:00.0,24/11/2016,Offline,Bicycle,6.4,6.4,14.2,30.1,39.8,69.8,17,17,31,81,114,208,2.64,2.64,2.18,2.69,2.87,2.98,,,,,,,,,,,,
75996,New York,00:00.0,00:00.0,27/11/2016,Digital,Scooter / Motorcycle,52.7,89.1,131.1,236.1,323.9,408.5,103,189,285,528,793,1037,1.95,2.12,2.17,2.24,2.45,2.54,,,,,,1,,,,,,0
76004,New York,00:00.0,00:00.0,17/12/2016,Digital,Bicycle,30.1,49.9,49.9,49.9,49.9,49.9,49,94,94,94,94,94,1.63,1.88,1.88,1.88,1.88,1.88,,,,,,,,,,,,
76011,New York,00:00.0,00:00.0,21/11/2016,Organic,Bicycle,20.5,34.5,84.7,200.5,318.1,639.7,36,58,151,419,720,1590,1.76,1.68,1.78,2.09,2.26,2.49,,,,,,,,,,,,
76013,New York,00:00.0,00:00.0,22/11/2016,Organic,Bicycle,12.4,15.6,33.7,53.7,74.5,87.2,9,13,32,50,61,67,0.72,0.83,0.95,0.93,0.82,0.77,,,,,,1,,,,,,0
76014,New York,00:00.0,00:00.0,20/11/2016,Referral,Bicycle,28.4,48.4,93.5,149.2,199.2,257.2,58,91,186,286,364,469,2.04,1.88,1.99,1.92,1.83,1.82,,1,1,2,2,2,,0,0,0,0,0
76018,New York,00:00.0,00:00.0,25/11/2016,Digital,Bicycle,2.4,2.4,2.4,2.4,2.4,2.4,5,5,5,5,5,5,2.06,2.06,2.06,2.06,2.06,2.06,,,,,,,,,,,,
76025,New York,00:00.0,00:00.0,24/11/2016,Job Platforms,Bicycle,9.5,9.5,9.5,9.5,9.5,9.5,14,14,14,14,14,14,1.47,1.47,1.47,1.47,1.47,1.47,,,,,,,,,,,,
76028,New York,00:00.0,00:00.0,26/11/2016,Referral,Bicycle,12.8,22.3,35.7,48.1,61.6,61.6,19,37,57,89,129,129,1.48,1.66,1.6,1.85,2.1,2.1,,,,,,,,,,,,
76045,New York,00:00.0,00:00.0,25/11/2016,Referral,Bicycle,41.4,78.5,139,264,373.7,380,100,217,368,734,1078,1106,2.42,2.76,2.65,2.78,2.89,2.91,,,1,2,2,2,,,0,0,0,0
76050,New York,00:00.0,00:00.0,19/11/2016,Digital,Bicycle,12.4,49.9,106.1,204.3,258,446,24,90,191,386,486,824,1.93,1.81,1.8,1.89,1.88,1.85,,,,,,,,,,,,
76070,Rio de Janeiro,00:00.0,00:00.0,28/11/2016,Organic,Bicycle,56.4,57.8,96.7,221.1,260.8,501.2,104,106,200,481,583,1222,1.84,1.83,2.07,2.18,2.24,2.44,,,,1,2,2,,,,0,0,1
76071,Rio de Janeiro,00:00.0,00:00.0,21/11/2016,Organic,Bicycle,32.8,58.2,83.5,132.9,132.9,132.9,54,82,120,197,197,197,1.65,1.41,1.44,1.48,1.48,1.48,,,,,,,,,,,,
76072,Rio de Janeiro,00:00.0,00:00.0,23/11/2016,Referral,Bicycle,5.9,10.9,35.4,40.5,40.5,40.5,8,18,70,80,80,80,1.35,1.66,1.98,1.98,1.98,1.98,,,,,,,,,,,,
76076,Rio de Janeiro,00:00.0,00:00.0,26/11/2016,Organic,Bicycle,10.5,10.5,33.7,33.7,33.7,33.7,21,21,79,79,79,79,2.01,2.01,2.35,2.35,2.35,2.35,,,,,,,,,,,,
76080,Rio de Janeiro,00:00.0,00:00.0,23/11/2016,Organic,Bicycle,34.4,50.9,74.3,163.6,229.9,341.5,78,115,184,431,632,936,2.27,2.26,2.48,2.64,2.75,2.74,,,,,,,,,,,,
76082,Rio de Janeiro,00:00.0,00:00.0,24/11/2016,Organic,Bicycle,12.7,16.3,23.8,41.6,64.3,90.5,12,16,27,56,102,143,0.95,0.98,1.13,1.35,1.59,1.58,,,,,,,,,,,,
76083,Rio de Janeiro,00:00.0,00:00.0,22/11/2016,Organic,Bicycle,18.4,30.6,55.8,81.9,81.9,81.9,31,49,104,164,164,164,1.68,1.6,1.86,2,2,2,,,,,,,,,,,,
76089,New York,00:00.0,00:00.0,29/11/2016,Digital,Scooter / Motorcycle,18.5,18.5,18.5,18.5,18.5,18.5,45,45,45,45,45,45,2.43,2.43,2.43,2.43,2.43,2.43,,,,,,,,,,,,
76090,New York,00:00.0,00:00.0,25/11/2016,Organic,Bicycle,34.3,59.9,111.9,185.4,246.7,361.9,71,130,251,419,596,851,2.07,2.17,2.24,2.26,2.42,2.35,,,,,,,,,,,,
76099,New York,00:00.0,00:00.0,28/11/2016,Referral,Bicycle,18.4,27.6,36.6,39.8,57,57,21,36,43,54,83,83,1.14,1.3,1.17,1.36,1.46,1.46,,,,,,,,,,,,
76102,New York,00:00.0,00:00.0,25/11/2016,Referral,Scooter / Motorcycle,33.2,58.7,103.3,143.8,154.3,294.5,54,109,198,271,298,685,1.62,1.86,1.92,1.88,1.93,2.33,,,,1,1,2,,,,0,0,0
76113,New York,00:00.0,00:00.0,26/11/2016,Digital,Bicycle,24.9,29.8,29.8,29.8,29.8,29.8,50,55,55,55,55,55,2.01,1.85,1.85,1.85,1.85,1.85,,,,,,,,,,,,
76118,New York,00:00.0,00:00.0,29/11/2016,Referral,Scooter / Motorcycle,25.6,46.3,87.8,165.6,247.6,551.3,55,109,230,477,767,1852,2.15,2.35,2.62,2.88,3.1,3.36,,,,,,,,,,,,
76130,Rio de Janeiro,00:00.0,00:00.0,20/11/2016,Organic,Bicycle,8.2,8.2,8.2,14.2,14.2,18.5,18,18,18,31,31,39,2.2,2.2,2.2,2.18,2.18,2.1,,,,,2,2,,,,,0,1
76135,Rio de Janeiro,00:00.0,00:00.0,19/11/2016,Organic,Bicycle,10.1,28.8,50.7,94.1,113.7,165.4,23,54,106,198,249,362,2.29,1.87,2.09,2.1,2.19,2.19,,,,,,,,,,,,
76136,Rio de Janeiro,,,21/11/2016,Unknown,Bicycle,21.4,21.4,21.4,21.4,21.4,21.4,41,41,41,41,41,41,1.91,1.91,1.91,1.91,1.91,1.91,,,,,,,,,,,,
76137,Rio de Janeiro,00:00.0,00:00.0,28/11/2016,Organic,Bicycle,18.6,24.9,36.6,36.6,40.3,83.9,32,45,71,71,79,187,1.72,1.81,1.94,1.94,1.96,2.23,,,,,,,,,,,,
76138,Rio de Janeiro,00:00.0,00:00.0,21/11/2016,Organic,Bicycle,15.4,15.4,15.4,15.4,15.4,15.4,25,25,25,25,25,25,1.62,1.62,1.62,1.62,1.62,1.62,,,,,,,,,,,,
76142,New York,00:00.0,00:00.0,19/11/2016,Referral,Bicycle,10.7,28.5,76.8,76.8,76.8,76.8,19,37,69,69,69,69,1.78,1.3,0.9,0.9,0.9,0.9,,,,,,,,,,,,
76144,New York,00:00.0,00:00.0,19/11/2016,Offline,Scooter / Motorcycle,10.1,10.1,10.1,10.1,10.1,10.1,18,18,18,18,18,18,1.78,1.78,1.78,1.78,1.78,1.78,,,,,,,,,,,,
76145,New York,00:00.0,00:00.0,25/11/2016,Referral,Bicycle,24.2,30.8,70.4,135.6,187.7,353.4,38,49,111,229,335,664,1.57,1.59,1.58,1.69,1.78,1.88,,,,,,,,,,,,
76151,New York,00:00.0,00:00.0,29/11/2016,Job Platforms,Bicycle,12.9,16.5,25.1,25.1,25.1,25.1,21,27,43,43,43,43,1.63,1.63,1.72,1.72,1.72,1.72,,,,,,,,,,,,
76156,Rio de Janeiro,00:00.0,00:00.0,01/12/2016,Organic,Bicycle,9,21,38.1,97.8,145.7,160.5,19,51,92,237,356,394,2.12,2.43,2.42,2.42,2.44,2.45,,,,,,,,,,,,
76164,New York,00:00.0,00:00.0,23/11/2016,Referral,Bicycle,5.1,11.9,16.6,16.6,16.6,16.6,7,14,21,21,21,21,1.37,1.18,1.26,1.26,1.26,1.26,,,,,,,,,,,,
76175,Rio de Janeiro,00:00.0,00:00.0,21/11/2016,Organic,Bicycle,15.1,19.7,19.7,19.7,19.7,85.8,38,48,48,48,48,225,2.52,2.43,2.43,2.43,2.43,2.62,,,,,,1,,,,,,0
76182,New York,00:00.0,00:00.0,25/11/2016,Referral,Bicycle,24.3,42.9,62.7,69.7,69.7,69.7,18,27,33,40,40,40,0.74,0.63,0.53,0.57,0.57,0.57,,,,,,,,,,,,
76195,New York,,,19/11/2016,Digital,Scooter / Motorcycle,48.6,69.7,127.4,298.4,489.6,640.8,73,106,193,594,1150,1593,1.5,1.52,1.52,1.99,2.35,2.49,,1,2,2,2,2,,0,0,0,0,0
76202,New York,,,19/11/2016,Unknown,Scooter / Motorcycle,55.1,111.8,216.1,392,574.2,1161.6,121,229,420,803,1257,2877,2.2,2.05,1.94,2.05,2.19,2.48,,,,2,2,2,,,,0,0,0
76212,New York,00:00.0,00:00.0,19/11/2016,Referral,Bicycle,12.3,42.8,99.5,196.8,296,541.5,4,14,52,130,269,608,0.33,0.33,0.52,0.66,0.91,1.12,,1,1,1,1,1,,0,1,1,1,1
76219,New York,00:00.0,00:00.0,27/11/2016,Referral,Scooter / Motorcycle,37.6,61.2,101.1,101.1,101.1,101.1,99,180,298,298,298,298,2.64,2.94,2.95,2.95,2.95,2.95,1,1,1,1,1,1,1,1,1,1,1,1
76233,New York,00:00.0,00:00.0,23/11/2016,Offline,Scooter / Motorcycle,10.6,16.8,18.8,18.8,18.8,18.8,18,33,38,38,38,38,1.7,1.97,2.02,2.02,2.02,2.02,,,,,,,,,,,,
76236,New York,00:00.0,00:00.0,25/11/2016,Organic,Bicycle,14,21.7,37.9,68.6,75.5,75.5,33,49,81,147,169,169,2.36,2.26,2.14,2.14,2.24,2.24,,,,,,,,,,,,
76237,New York,00:00.0,00:00.0,04/12/2016,Organic,Bicycle,1.1,6.6,6.9,6.9,6.9,6.9,0,7,7,7,7,7,0,1.06,1.02,1.02,1.02,1.02,,,,,,,,,,,,
76238,New York,00:00.0,00:00.0,06/12/2016,Digital,Bicycle,15.5,18.6,38.6,40.4,40.4,40.4,25,31,70,73,73,73,1.61,1.67,1.81,1.81,1.81,1.81,,,,,,,,,,,,
76239,New York,00:00.0,00:00.0,25/11/2016,Organic,Bicycle,40.5,74.7,141.3,241.9,241.9,241.9,55,109,196,338,338,338,1.36,1.46,1.39,1.4,1.4,1.4,,,,,,,,,,,,
76241,New York,00:00.0,00:00.0,26/11/2016,Organic,Bicycle,32,58.7,104.6,179.2,249,337.8,56,113,198,370,535,743,1.75,1.93,1.89,2.06,2.15,2.2,,,,,,,,,,,,
76242,New York,00:00.0,00:00.0,25/11/2016,Organic,Scooter / Motorcycle,32.3,60.3,107.8,206.5,255,255,83,156,285,572,698,698,2.57,2.59,2.64,2.77,2.74,2.74,,,,,,,,,,,,
76244,New York,00:00.0,00:00.0,25/11/2016,Organic,Bicycle,8,12,29.5,31.9,31.9,31.9,12,21,65,71,71,71,1.51,1.75,2.2,2.23,2.23,2.23,,,,,,,,,,,,
76249,New York,00:00.0,00:00.0,25/11/2016,Organic,Bicycle,16.2,27.2,49.2,90.6,123.7,234.5,26,49,79,166,272,584,1.6,1.8,1.61,1.83,2.2,2.49,,,,,,,,,,,,
76250,New York,00:00.0,00:00.0,26/11/2016,Organic,Bicycle,25.3,40.3,75.4,77.5,77.5,77.5,23,43,87,89,89,89,0.91,1.07,1.15,1.15,1.15,1.15,,,,,,,,,,,,
76252,New York,00:00.0,00:00.0,25/11/2016,Organic,Scooter / Motorcycle,69.5,139.5,239.9,417.9,539.3,979.7,141,322,583,1153,1586,2932,2.03,2.31,2.43,2.76,2.94,2.99,,,,,,,,,,,,
76255,New York,00:00.0,00:00.0,29/11/2016,Digital,Bicycle,7.4,14.9,18.4,21.6,21.6,21.6,15,32,39,45,45,45,2.02,2.15,2.12,2.09,2.09,2.09,,,,,,,,,,,,
76257,New York,00:00.0,00:00.0,25/11/2016,Organic,Bicycle,15.2,26.1,47.6,69.7,69.7,69.7,24,45,81,116,116,116,1.58,1.72,1.7,1.67,1.67,1.67,,,,,,,,,,,,
76259,New York,00:00.0,00:00.0,25/11/2016,Organic,Scooter / Motorcycle,22.7,38.9,79.6,101.6,137.6,292.1,40,74,164,198,281,705,1.76,1.9,2.06,1.95,2.04,2.41,,,1,1,1,1,,,0,0,0,0
76260,New York,00:00.0,00:00.0,19/11/2016,Digital,Scooter / Motorcycle,35.2,67.8,123.2,156.6,156.6,156.6,57,120,236,303,303,303,1.62,1.77,1.92,1.94,1.94,1.94,,,,,,,,,,,,
76261,New York,00:00.0,00:00.0,26/11/2016,Digital,Bicycle,14.9,24.7,43.5,84.7,135.7,292.1,31,55,101,187,323,759,2.08,2.22,2.32,2.21,2.38,2.6,,,,,,,,,,,,
76262,New York,00:00.0,00:00.0,25/11/2016,Digital,Bicycle,12.2,12.2,12.2,12.2,12.2,12.2,28,28,28,28,28,28,2.3,2.3,2.3,2.3,2.3,2.3,,,,,,,,,,,,
76263,New York,00:00.0,00:00.0,25/11/2016,Offline,Bicycle,12.9,22.8,26.6,47.5,47.5,47.5,8,15,20,54,54,54,0.62,0.66,0.75,1.14,1.14,1.14,,,,,,,,,,,,
76264,New York,00:00.0,00:00.0,25/11/2016,Referral,Bicycle,23.3,49.6,82.9,110.6,110.6,110.6,42,70,111,141,141,141,1.8,1.41,1.34,1.28,1.28,1.28,,,,,,,,,,,,
76331,Rio de Janeiro,00:00.0,00:00.0,27/11/2016,Organic,Bicycle,14.9,37.5,82,153.9,182.9,204.8,19,54,145,290,354,406,1.27,1.44,1.77,1.88,1.94,1.98,,,,,,,,,,,,
76335,Rio de Janeiro,00:00.0,00:00.0,21/11/2016,Organic,Bicycle,17.7,25.5,30.4,34.2,34.2,34.2,39,58,70,80,80,80,2.2,2.27,2.3,2.34,2.34,2.34,,,,,,,,,,,,
76340,Rio de Janeiro,00:00.0,00:00.0,22/11/2016,Organic,Bicycle,12.5,24.5,58.2,100.8,139.2,340.3,25,50,134,229,336,834,2.01,2.04,2.3,2.27,2.41,2.45,,,,,,,,,,,,
76341,Rio de Janeiro,00:00.0,00:00.0,29/11/2016,Organic,Bicycle,14.1,21.2,47.7,50.3,69.6,113.1,24,39,89,94,142,239,1.7,1.84,1.87,1.87,2.04,2.11,,,,,,,,,,,,
76344,Cape Town,00:00.0,00:00.0,21/11/2016,Organic,Bicycle,23.4,33.5,45.2,89.6,135.6,177.3,49,79,105,209,325,436,2.1,2.36,2.32,2.33,2.4,2.46,,,,,,,,,,,,
76346,Cape Town,00:00.0,00:00.0,05/01/2017,Organic,Bicycle,4.7,4.7,4.7,33.3,33.3,33.3,11,11,11,96,96,96,2.32,2.32,2.32,2.89,2.89,2.89,,,,,,,,,,,,
76348,Cape Town,,,20/11/2016,Organic,Bicycle,33,60.1,75.8,75.8,75.8,75.8,69,131,162,162,162,162,2.09,2.18,2.14,2.14,2.14,2.14,,,,,,,,,,,,
76349,Cape Town,,,20/11/2016,Unknown,Bicycle,24.3,37.2,37.2,37.2,37.2,37.2,46,72,72,72,72,72,1.89,1.93,1.93,1.93,1.93,1.93,,,,,,,,,,,,
76350,Cape Town,00:00.0,00:00.0,21/11/2016,Organic,Bicycle,30.7,55.3,105.8,193.8,276.1,527.8,62,116,220,417,640,1314,2.02,2.1,2.08,2.15,2.32,2.49,,,,,,,,,,,,
76352,Cape Town,00:00.0,00:00.0,29/11/2016,Organic,Bicycle,7.7,16.3,23.2,26.3,29.3,111.5,9,22,34,41,45,247,1.17,1.35,1.46,1.56,1.53,2.21,,,,,,,,,,,,
76354,Cape Town,00:00.0,00:00.0,20/11/2016,Organic,Bicycle,33,36,89.4,109.8,109.8,109.8,84,92,216,262,262,262,2.55,2.56,2.42,2.39,2.39,2.39,,,,,,,,,,,,
76356,Cape Town,00:00.0,00:00.0,22/11/2016,Organic,Bicycle,4.5,4.5,4.5,4.5,4.5,4.5,6,6,6,6,6,6,1.34,1.34,1.34,1.34,1.34,1.34,,,,,,,,,,,,
76358,Cape Town,00:00.0,00:00.0,20/11/2016,Organic,Motor Vehicle,16.6,54.7,89.6,95.3,95.3,137,32,118,197,208,208,319,1.93,2.16,2.2,2.18,2.18,2.33,,,,,,,,,,,,
76359,Cape Town,00:00.0,00:00.0,20/11/2016,Organic,Bicycle,28.8,36.4,100.7,232.4,288.8,361.4,59,79,196,446,591,768,2.05,2.17,1.95,1.92,2.05,2.12,,,,,,,,,,,,
76360,Cape Town,00:00.0,00:00.0,25/11/2016,Referral,Bicycle,15.1,20.1,20.1,20.1,20.1,32,37,48,48,48,48,75,2.45,2.39,2.39,2.39,2.39,2.34,,,,,,,,,,,,
76361,Rio de Janeiro,00:00.0,00:00.0,22/11/2016,Organic,Bicycle,24.6,47,64.8,64.8,64.8,64.8,63,117,158,158,158,158,2.56,2.49,2.44,2.44,2.44,2.44,,,,,,,,,,,,
76362,Cape Town,00:00.0,00:00.0,21/11/2016,Job Platforms,Motor Vehicle,50.6,95.4,193.5,384.7,595.5,1035.6,89,169,338,678,1152,2133,1.76,1.77,1.75,1.76,1.93,2.06,,,,,,,,,,,,
76363,Cape Town,00:00.0,00:00.0,25/11/2016,Organic,Bicycle,28.3,33.8,48.2,99.8,130,134.5,49,58,82,199,269,282,1.73,1.72,1.7,1.99,2.07,2.1,,,,,,,,,,,,
76364,Cape Town,00:00.0,00:00.0,09/01/2017,Organic,Bicycle,4.4,4.4,12.6,26.4,33.7,95.3,6,6,28,62,77,244,1.35,1.35,2.23,2.35,2.29,2.56,,,,,,1,,,,,,0
76373,Rio de Janeiro,00:00.0,00:00.0,22/11/2016,Organic,Bicycle,16.6,43.4,64.5,110.5,131.7,131.7,32,96,149,265,316,316,1.93,2.21,2.31,2.4,2.4,2.4,,,,,,,,,,,,
76412,New York,00:00.0,00:00.0,24/11/2016,Referral,Bicycle,13.2,15.7,20.6,37.2,49.1,108.4,21,26,35,73,103,248,1.59,1.66,1.7,1.96,2.1,2.29,,,,,,,,,,,,
76429,New York,00:00.0,00:00.0,25/11/2016,Digital,Bicycle,28.7,50.2,73,171,254.5,378.3,51,89,136,324,474,696,1.78,1.77,1.86,1.9,1.86,1.84,,,,,,,,,,,,
76473,New York,00:00.0,00:00.0,20/11/2016,Referral,Bicycle,8.3,13.8,24.7,24.7,24.7,24.7,3,12,28,28,28,28,0.36,0.87,1.13,1.13,1.13,1.13,,,,,,,,,,,,
76488,New York,00:00.0,00:00.0,25/11/2016,Referral,Bicycle,9.4,19,22.5,22.5,22.5,22.5,24,46,56,56,56,56,2.56,2.42,2.49,2.49,2.49,2.49,,2,2,3,3,3,,0,0,0,0,0
76489,Rio de Janeiro,00:00.0,00:00.0,01/12/2016,Organic,Bicycle,19.8,30.9,51.9,54.9,54.9,54.9,47,80,139,151,151,151,2.37,2.59,2.68,2.75,2.75,2.75,,,,,,,,,,,,
76491,New York,00:00.0,00:00.0,25/11/2016,Organic,Bicycle,28.3,46,46,46,46,46,66,110,110,110,110,110,2.34,2.39,2.39,2.39,2.39,2.39,,,,,,,,,,,,
76493,Cape Town,00:00.0,00:00.0,23/11/2016,Referral,Bicycle,18,33.7,52.8,85.6,123.3,166.3,34,59,93,155,232,300,1.89,1.75,1.76,1.81,1.88,1.8,,1,1,1,1,1,,0,0,0,0,0
76494,Rio de Janeiro,00:00.0,00:00.0,26/11/2016,Organic,Bicycle,38.6,92.7,197.4,443.6,675.1,1270.6,53,149,346,863,1458,2915,1.37,1.61,1.75,1.95,2.16,2.29,,,,,,,,,,,,
76496,Cape Town,00:00.0,00:00.0,22/11/2016,Digital,Bicycle,19.8,39.3,69,98.3,185.7,444.8,28,68,120,160,319,831,1.41,1.73,1.74,1.63,1.72,1.87,,,,,,,,,,,,
76498,New York,00:00.0,00:00.0,25/11/2016,Organic,Bicycle,3.5,3.5,3.5,42.8,64.7,85.2,5,5,5,95,138,163,1.42,1.42,1.42,2.22,2.13,1.91,,,,,1,1,,,,,0,0
76500,Rio de Janeiro,00:00.0,00:00.0,21/11/2016,Organic,Bicycle,36.6,44.9,58.3,73.9,77.5,77.5,65,80,113,146,154,154,1.78,1.78,1.94,1.98,1.99,1.99,,,,,,,,,,,,
76502,Rio de Janeiro,00:00.0,00:00.0,14/02/2017,Organic,Bicycle,32.8,54.8,98.5,167.2,201,254.4,64,106,190,341,398,527,1.95,1.94,1.93,2.04,1.98,2.07,,,,,,,,,,,,
76504,Rio de Janeiro,00:00.0,00:00.0,22/11/2016,Organic,Bicycle,4.5,9.5,9.5,25.7,25.7,25.7,5,11,11,43,43,43,1.12,1.16,1.16,1.67,1.67,1.67,,,,,,,,,,,,
76506,Rio de Janeiro,00:00.0,00:00.0,04/12/2016,Organic,Bicycle,31.3,53.8,83,83,83,83,51,98,153,153,153,153,1.63,1.82,1.84,1.84,1.84,1.84,,,,,,,,,,,,
76510,New York,00:00.0,00:00.0,29/11/2016,Offline,Bicycle,15.8,20.5,20.5,20.5,20.5,20.5,36,50,50,50,50,50,2.28,2.44,2.44,2.44,2.44,2.44,,,,,,,,,,,,
76513,Rio de Janeiro,00:00.0,00:00.0,25/11/2016,Organic,Bicycle,11.9,23,46.7,94.3,126.8,186.3,27,52,111,212,292,443,2.28,2.26,2.38,2.25,2.3,2.38,,,,,,,,,,,,
76517,New York,00:00.0,00:00.0,13/12/2016,Referral,Bicycle,13.2,29.2,75,89,96.2,96.2,26,36,90,103,112,112,1.97,1.23,1.2,1.16,1.16,1.16,,,,,,,,,,,,
76519,New York,00:00.0,00:00.0,21/11/2016,Digital,Scooter / Motorcycle,39.1,39.1,39.1,39.1,39.1,39.1,90,90,90,90,90,90,2.3,2.3,2.3,2.3,2.3,2.3,1,1,1,1,1,1,0,0,0,0,0,0
76524,New York,00:00.0,00:00.0,21/11/2016,Organic,Scooter / Motorcycle,51.7,86,166,334.6,480.8,811.1,149,239,452,997,1518,2651,2.88,2.78,2.72,2.98,3.16,3.27,,,,,,,,,,,,
76531,New York,00:00.0,00:00.0,20/11/2016,Digital,Bicycle,14.3,14.3,14.3,14.4,14.9,14.9,17,17,17,17,17,17,1.19,1.19,1.19,1.18,1.14,1.14,1,1,1,1,1,1,0,0,0,0,0,0
76554,Rio de Janeiro,00:00.0,00:00.0,22/11/2016,Organic,Bicycle,15.7,22.6,35,74.8,87.8,109,34,45,71,166,201,252,2.17,1.99,2.03,2.22,2.29,2.31,,,,,,,,,,,,
76561,Rio de Janeiro,00:00.0,00:00.0,21/11/2016,Organic,Bicycle,21.1,29.6,57.9,64.2,81.9,143.4,32,39,96,106,142,246,1.51,1.32,1.66,1.65,1.73,1.72,,,,,,,,,,,,
76568,Rio de Janeiro,00:00.0,00:00.0,21/11/2016,Organic,Bicycle,47,101.3,186.6,280.4,336.8,379.8,70,159,318,491,590,656,1.49,1.57,1.7,1.75,1.75,1.73,,,,,,,,,,,,
76574,Rio de Janeiro,00:00.0,00:00.0,21/11/2016,Organic,Bicycle,10.8,14.8,18,28.7,31,45.8,18,25,30,53,57,86,1.66,1.68,1.67,1.85,1.84,1.88,,,,,,2,,,,,,0
76598,New York,00:00.0,00:00.0,29/11/2016,Organic,Bicycle,49,85.5,144.7,145.8,180.6,182.6,68,136,227,231,283,290,1.39,1.59,1.57,1.58,1.57,1.59,,,,,,,,,,,,
76600,New York,00:00.0,00:00.0,25/11/2016,Organic,Bicycle,9.5,12.3,12.3,12.3,12.3,12.3,17,22,22,22,22,22,1.79,1.79,1.79,1.79,1.79,1.79,,,,,,,,,,,,
76605,Rio de Janeiro,00:00.0,00:00.0,23/11/2016,Organic,Bicycle,6.6,23.8,43.8,50.9,75.5,75.5,9,29,65,75,125,125,1.36,1.22,1.48,1.47,1.66,1.66,,,,,,,,,,,,
76609,New York,00:00.0,00:00.0,29/11/2016,Organic,Bicycle,19.2,33.3,62.3,110.1,161.4,378,30,57,110,214,364,943,1.56,1.71,1.77,1.94,2.26,2.49,,,,,1,1,,,,,0,0
76628,New York,00:00.0,00:00.0,28/11/2016,Digital,Bicycle,18.9,26.2,26.2,26.2,26.2,26.2,12,16,16,16,16,16,0.64,0.61,0.61,0.61,0.61,0.61,,,,,,,,,,,,
76632,New York,00:00.0,00:00.0,21/11/2016,Digital,Bicycle,23.1,35.8,81.8,103.8,103.8,103.8,44,61,81,95,95,95,1.91,1.7,0.99,0.92,0.92,0.92,,,,,,,,,,,,
76633,New York,00:00.0,00:00.0,25/11/2016,Organic,Bicycle,18.8,31.2,55.9,87.8,102.5,136.9,29,55,94,142,167,240,1.54,1.76,1.68,1.62,1.63,1.75,,,,,,,,,,,,
76635,New York,00:00.0,00:00.0,22/11/2016,Digital,Scooter / Motorcycle,2,2,2,13.7,18.6,18.6,3,3,3,22,31,31,1.48,1.48,1.48,1.6,1.66,1.66,,,,,,,,,,,,
76643,New York,00:00.0,00:00.0,21/11/2016,Offline,Scooter / Motorcycle,27.9,37.8,37.8,102.6,141.8,152.8,24,41,41,148,239,258,0.86,1.08,1.08,1.44,1.69,1.69,,,,,,,,,,,,
76648,New York,00:00.0,00:00.0,21/11/2016,Digital,Bicycle,1.9,11.2,16.2,49.9,50,50,0,16,20,60,60,60,0,1.43,1.23,1.2,1.2,1.2,,,,,,,,,,,,
76651,New York,00:00.0,00:00.0,21/11/2016,Referral,Bicycle,9,21.6,34,34,34,34,15,31,45,45,45,45,1.66,1.43,1.32,1.32,1.32,1.32,,,,,,,,,,,,
76707,Rio de Janeiro,00:00.0,00:00.0,22/11/2016,Organic,Bicycle,16.9,34.7,83.6,173.3,252,519.2,38,65,171,338,543,1221,2.24,1.87,2.04,1.95,2.15,2.35,,,,,,,,,,,,
76708,Rio de Janeiro,00:00.0,00:00.0,23/11/2016,Organic,Bicycle,4.8,4.8,22.8,67.1,98.9,251.5,7,7,33,110,184,514,1.46,1.45,1.45,1.64,1.86,2.04,,,,,,,,,,,,
76709,Rio de Janeiro,00:00.0,00:00.0,28/11/2016,Organic,Bicycle,37.9,73.4,150.6,245.3,325.8,654.8,74,161,356,607,791,1367,1.95,2.19,2.36,2.47,2.43,2.09,,,2,2,2,2,,,0,0,0,0
76710,Rio de Janeiro,00:00.0,00:00.0,24/11/2016,Organic,Bicycle,4.4,7.4,10.4,13.4,15.8,107.9,9,14,20,26,31,214,2.03,1.9,1.93,1.94,1.96,1.98,,,,,,4,,,,,,0
76711,Rio de Janeiro,00:00.0,00:00.0,28/11/2016,Organic,Bicycle,21.1,21.1,21.1,21.1,21.1,94.9,22,22,22,22,22,246,1.04,1.04,1.04,1.04,1.04,2.59,,,,,,,,,,,,
76712,Rio de Janeiro,00:00.0,00:00.0,27/11/2016,Organic,Bicycle,34.5,62.2,93.8,108.7,139.1,174.7,65,124,191,222,317,418,1.88,1.99,2.04,2.04,2.28,2.39,,,,,,,,,,,,
76713,Rio de Janeiro,00:00.0,00:00.0,24/11/2016,Organic,Bicycle,4.1,4.1,4.1,4.1,4.1,4.1,9,9,9,9,9,9,2.19,2.19,2.19,2.19,2.19,2.19,,,,,,,,,,,,
76714,Rio de Janeiro,00:00.0,00:00.0,30/01/2017,Organic,Bicycle,1.9,6.3,52,76.6,76.6,76.6,5,18,153,212,212,212,2.6,2.88,2.94,2.77,2.77,2.77,,,,,,,,,,,,
76715,Cape Town,,,04/12/2016,Unknown,Motor Vehicle,6.1,6.1,6.1,6.1,6.1,6.1,8,8,8,8,8,8,1.31,1.31,1.31,1.31,1.31,1.31,,,,,,,,,,,,
76716,Cape Town,00:00.0,00:00.0,22/11/2016,Organic,Bicycle,21.3,35.8,71.1,106.2,106.2,106.2,38,69,147,230,230,230,1.79,1.93,2.07,2.17,2.17,2.17,,,,,,,,,,,,
76717,Cape Town,00:00.0,00:00.0,22/11/2016,Organic,Bicycle,14.7,29.2,60.3,120.1,185.8,293.8,27,58,108,231,377,578,1.83,1.99,1.79,1.92,2.03,1.97,,,,,,,,,,,,
76718,Cape Town,00:00.0,00:00.0,23/11/2016,Organic,Bicycle,20.4,37.1,64.8,92.1,97.3,127.7,14,37,73,90,90,104,0.69,1,1.13,0.98,0.92,0.81,,,,,,,,,,,,
76719,Cape Town,00:00.0,00:00.0,23/11/2016,Digital,Bicycle,20.1,27.9,34.6,114.3,172.1,297.9,34,46,56,188,296,524,1.69,1.65,1.62,1.65,1.72,1.76,,,,,,,,,,,,
76720,Cape Town,00:00.0,00:00.0,22/11/2016,Organic,Bicycle,23.7,28.7,46.8,106.9,160,222.6,38,55,86,169,236,316,1.6,1.91,1.84,1.58,1.47,1.42,,,,,,,,,,,,
76723,Cape Town,00:00.0,00:00.0,22/11/2016,Digital,Motor Vehicle,29.7,68.4,127.3,258.1,378.8,726.3,63,138,259,506,770,1513,2.12,2.02,2.03,1.96,2.03,2.08,,,,,,,,,,,,
76725,Cape Town,00:00.0,00:00.0,11/12/2016,Organic,Motor Vehicle,20.5,35.3,62.3,116.9,192.1,351.6,31,57,111,235,418,754,1.51,1.62,1.78,2.01,2.18,2.14,,,,,,,,,,,,
76728,Cape Town,00:00.0,00:00.0,22/11/2016,Digital,Bicycle,26.1,52.9,73.7,109.9,234.2,670.5,50,95,124,195,431,1072,1.91,1.8,1.68,1.77,1.84,1.6,,,,,,1,,,,,,1
76734,Cape Town,00:00.0,00:00.0,22/11/2016,Digital,Bicycle,27,54.2,72.4,111,181.6,416.5,49,90,112,179,310,699,1.81,1.66,1.55,1.61,1.71,1.68,,,,,,3,,,,,,2
76735,Cape Town,00:00.0,00:00.0,22/11/2016,Organic,Motor Vehicle,17.7,39.5,74.4,138.2,187.3,329.7,38,92,153,272,376,659,2.15,2.33,2.06,1.97,2.01,2,,,,,,,,,,,,
76737,Cape Town,00:00.0,00:00.0,22/11/2016,Organic,Bicycle,19.6,24.6,37.6,69.7,101.8,255.8,34,46,69,142,230,582,1.73,1.87,1.83,2.04,2.26,2.28,,,,,,,,,,,,
76741,Cape Town,00:00.0,00:00.0,22/11/2016,Organic,Motor Vehicle,24.6,53.5,70.1,96.3,96.3,96.3,42,80,101,141,141,141,1.71,1.5,1.44,1.46,1.46,1.46,,,,,,,,,,,,
76742,Cape Town,00:00.0,00:00.0,22/11/2016,Organic,Bicycle,22.8,38.2,67.2,101.6,101.6,101.6,34,57,104,160,160,160,1.49,1.49,1.55,1.57,1.57,1.57,,,,,,,,,,,,
76745,Cape Town,00:00.0,00:00.0,27/11/2016,Organic,Bicycle,22.3,31.5,59.6,93.9,127.4,142.2,47,68,129,198,259,285,2.11,2.16,2.17,2.11,2.03,2,,,,,,,,,,,,
76746,Cape Town,00:00.0,00:00.0,27/11/2016,Digital,Bicycle,22.4,34.4,69.4,138.2,171.2,229.3,36,49,114,261,330,442,1.6,1.42,1.64,1.89,1.93,1.93,,,,,,,,,,,,
76749,Cape Town,00:00.0,00:00.0,22/11/2016,Organic,Motor Vehicle,49.4,94.4,184.3,325.6,440.4,613.9,71,142,266,445,603,871,1.44,1.5,1.44,1.37,1.37,1.42,,,,,,,,,,,,
76751,Cape Town,00:00.0,00:00.0,29/11/2016,Organic,Bicycle,28.2,53.1,100.3,173.7,233.8,419.6,76,139,245,430,610,1049,2.7,2.62,2.44,2.48,2.61,2.5,,,,,,,,,,,,
76769,New York,00:00.0,00:00.0,27/12/2016,Digital,Bicycle,2.5,2.5,2.5,2.5,2.5,2.5,0,0,0,0,0,0,0,0,0,0,0,0,,,,,,,,,,,,
76771,New York,00:00.0,00:00.0,22/11/2016,Organic,Bicycle,25,50.2,100.6,201.6,292.4,555.5,30,54,105,224,409,1002,1.2,1.08,1.04,1.11,1.4,1.8,,,,,2,2,,,,,0,1
76808,Rio de Janeiro,00:00.0,00:00.0,22/11/2016,Organic,Bicycle,4.1,8.3,17.1,19.1,19.1,19.1,9,16,41,46,46,46,2.19,1.93,2.4,2.41,2.41,2.41,,,,,,,,,,,,
76810,Rio de Janeiro,,,23/11/2016,Unknown,Bicycle,15.7,22.4,32.2,32.2,32.2,32.2,23,38,56,56,56,56,1.46,1.7,1.74,1.74,1.74,1.74,,,,,,,,,,,,
76813,Rio de Janeiro,00:00.0,00:00.0,23/11/2016,Organic,Scooter / Motorcycle,7.6,11.6,21.8,21.8,21.8,21.8,5,12,34,34,34,34,0.66,1.04,1.56,1.56,1.56,1.56,,,,,,,,,,,,
76823,New York,00:00.0,00:00.0,24/11/2016,Offline,Bicycle,9.1,17.2,30.7,49.7,56.7,78.9,7,12,15,22,23,52,0.77,0.7,0.49,0.44,0.41,0.66,,,,,,,,,,,,
76824,Rio de Janeiro,00:00.0,00:00.0,27/11/2016,Organic,Bicycle,2.5,2.5,2.5,2.5,2.5,2.5,3,3,3,3,3,3,1.22,1.22,1.22,1.22,1.22,1.22,,,,,,,,,,,,
76828,Rio de Janeiro,00:00.0,00:00.0,22/11/2016,Organic,Bicycle,13,13,36.3,53.6,53.6,121.2,30,30,85,118,118,252,2.3,2.3,2.34,2.2,2.2,2.08,,,,,,,,,,,,
76829,Rio de Janeiro,00:00.0,00:00.0,27/11/2016,Organic,Bicycle,11.5,13.3,15,17.6,18.5,20.5,24,31,39,47,49,53,2.08,2.33,2.6,2.68,2.64,2.58,,,,,,,,,,,,
76830,Rio de Janeiro,00:00.0,00:00.0,21/11/2016,Organic,Bicycle,16.8,16.8,31.3,31.3,32,61,23,23,37,37,39,91,1.37,1.37,1.18,1.18,1.22,1.49,,,,,,,,,,,,
76840,New York,00:00.0,00:00.0,28/11/2016,Digital,Bicycle,16.3,24.9,44.5,64.7,71,71,30,45,72,112,124,124,1.84,1.81,1.62,1.73,1.75,1.75,,,,,1,1,,,,,0,0
76851,New York,00:00.0,00:00.0,22/11/2016,Digital,Bicycle,15.2,21.3,50.6,98.5,108.7,108.7,31,41,100,196,216,216,2.04,1.93,1.98,1.99,1.99,1.99,,,,,,,,,,,,
76854,New York,00:00.0,00:00.0,22/11/2016,Referral,Bicycle,7.9,15.9,31.3,39.9,39.9,39.9,8,14,30,35,35,35,1.01,0.88,0.96,0.88,0.88,0.88,,,,,,,,,,,,
76857,New York,00:00.0,00:00.0,21/11/2016,Organic,Bicycle,13,18.5,28.1,39.1,40.9,52.7,34,49,66,94,97,111,2.62,2.65,2.35,2.4,2.37,2.11,,,,,,,,,,,,
76860,New York,00:00.0,00:00.0,29/11/2016,Referral,Bicycle,15,18.3,18.3,18.3,18.3,18.3,22,28,28,28,28,28,1.47,1.53,1.53,1.53,1.53,1.53,,,,,,,,,,,,
76882,New York,00:00.0,00:00.0,29/11/2016,Digital,Bicycle,16.5,23.2,41.4,64.4,70.7,70.7,22,31,68,115,124,124,1.33,1.33,1.64,1.79,1.75,1.75,,,,,,,,,,,,
76891,New York,00:00.0,00:00.0,22/11/2016,Organic,Bicycle,23.9,30.5,43,56.1,56.1,56.1,51,64,89,115,115,115,2.14,2.1,2.07,2.05,2.05,2.05,,,,,,,,,,,,
76892,New York,00:00.0,00:00.0,21/11/2016,Organic,Scooter / Motorcycle,20.4,32.3,50.3,66.5,67.7,106.4,25,36,64,79,80,118,1.22,1.11,1.27,1.19,1.18,1.11,,,,,,,,,,,,
76906,New York,00:00.0,00:00.0,06/12/2016,Digital,Bicycle,30,57.4,83.9,206.6,271.7,486.5,15,23,35,94,128,232,0.5,0.4,0.42,0.45,0.47,0.48,,,,,,,,,,,,
76921,New York,00:00.0,00:00.0,30/11/2016,Digital,Bicycle,2.9,2.9,2.9,2.9,2.9,2.9,4,4,4,4,4,4,1.4,1.4,1.4,1.4,1.4,1.4,,,,,,,,,,,,
76931,Rio de Janeiro,00:00.0,00:00.0,23/11/2016,Organic,Bicycle,11.2,12.7,12.7,12.7,12.7,12.7,19,22,22,22,22,22,1.69,1.73,1.73,1.73,1.73,1.73,,,,,,,,,,,,
76932,Rio de Janeiro,00:00.0,00:00.0,29/11/2016,Organic,Bicycle,24.3,41,54.1,89.8,111.2,231.3,40,82,110,186,240,508,1.64,2,2.03,2.07,2.16,2.2,,,,,,,,,,,,
76934,Rio de Janeiro,00:00.0,00:00.0,21/11/2016,Organic,Bicycle,7.9,7.9,18.6,37.5,45.3,49.3,12,12,38,73,91,99,1.52,1.52,2.05,1.95,2.01,2.01,,,,,,,,,,,,
76938,Rio de Janeiro,,,06/12/2016,Unknown,Bicycle,4.5,4.5,6.5,6.5,6.5,6.5,7,7,12,12,12,12,1.55,1.55,1.85,1.85,1.85,1.85,,,,,,,,,,,,
76939,New York,00:00.0,00:00.0,25/11/2016,Organic,Bicycle,9.7,12.3,20.2,28.5,31.2,31.2,21,25,41,60,62,62,2.16,2.03,2.03,2.1,1.99,1.99,,,,,,,,,,,,
76940,Rio de Janeiro,00:00.0,00:00.0,24/11/2016,Organic,Bicycle,4.2,11.2,37.4,37.4,37.4,37.4,7,21,103,103,103,103,1.65,1.87,2.76,2.76,2.76,2.76,,,,,,,,,,,,
76941,Rio de Janeiro,00:00.0,00:00.0,22/11/2016,Organic,Bicycle,3.7,3.7,7.2,7.2,7.2,7.2,8,8,16,16,16,16,2.18,2.18,2.22,2.22,2.22,2.22,,,,,,,,,,,,
76942,Rio de Janeiro,00:00.0,00:00.0,23/11/2016,Organic,Bicycle,13.9,17.2,17.2,17.2,17.2,17.2,20,26,26,26,26,26,1.43,1.51,1.51,1.51,1.51,1.51,,,,,,,,,,,,
76943,New York,00:00.0,00:00.0,21/11/2016,Digital,Bicycle,28.9,55.7,113.4,202.6,311.2,368,78,139,285,531,864,1051,2.7,2.5,2.51,2.62,2.78,2.86,,1,1,1,1,2,,1,1,1,1,2
76944,Rio de Janeiro,00:00.0,00:00.0,07/12/2016,Organic,Bicycle,4,16.2,37.6,37.6,37.6,141.6,3,18,59,59,59,305,0.75,1.11,1.57,1.57,1.57,2.15,,,,,,,,,,,,
76947,New York,00:00.0,00:00.0,22/11/2016,Digital,Bicycle,8.7,16.8,25.7,47.8,52.1,70,15,30,36,72,78,103,1.73,1.79,1.4,1.51,1.5,1.47,,,,,,,,,,,,
76969,New York,00:00.0,00:00.0,25/11/2016,Referral,Bicycle,27.6,38.3,65.4,112.9,157.6,185.1,90,128,213,388,541,629,3.26,3.34,3.26,3.44,3.43,3.4,,1,1,1,1,1,,0,0,0,0,0
76970,New York,00:00.0,00:00.0,25/02/2017,Digital,Scooter / Motorcycle,37.6,70.8,128,249.6,319.4,729.5,84,155,286,577,751,2003,2.24,2.19,2.24,2.31,2.35,2.75,,,,,,,,,,,,
76979,New York,00:00.0,00:00.0,25/11/2016,Offline,Bicycle,3,3,3,3,3,3,6,6,6,6,6,6,1.97,1.97,1.97,1.97,1.97,1.97,,,,,,,,,,,,
76981,New York,00:00.0,00:00.0,22/11/2016,Job Platforms,Bicycle,24.1,44.6,83.7,134.2,134.2,134.2,50,85,159,266,266,266,2.07,1.9,1.9,1.98,1.98,1.98,,,,,,,,,,,,
76982,New York,00:00.0,00:00.0,25/11/2016,Organic,Bicycle,31.3,46,73.4,84.6,84.6,84.6,37,64,87,102,102,102,1.18,1.39,1.19,1.21,1.21,1.21,,,,,,,,,,,,
76985,New York,00:00.0,00:00.0,23/11/2016,Referral,Scooter / Motorcycle,13,18.3,18.3,18.3,18.3,18.3,12,22,22,22,22,22,0.93,1.2,1.2,1.2,1.2,1.2,,,,,,,,,,,,
76988,New York,00:00.0,00:00.0,30/11/2016,Organic,Bicycle,9.5,18.8,33.6,40.9,51,59,20,41,83,100,137,161,2.11,2.18,2.47,2.44,2.68,2.73,,,,,,,,,,,,
76992,New York,00:00.0,00:00.0,22/11/2016,Organic,Bicycle,17.7,17.7,17.7,17.7,17.7,17.7,39,39,39,39,39,39,2.21,2.21,2.21,2.21,2.21,2.21,,,,,,,,,,,,
76995,New York,00:00.0,00:00.0,25/11/2016,Organic,Scooter / Motorcycle,62.6,117.1,189.5,327.9,437.2,780.8,121,246,387,706,995,1861,1.93,2.1,2.04,2.15,2.28,2.38,,,,,,,,,,,,
76996,New York,00:00.0,00:00.0,25/11/2016,Digital,Bicycle,9.3,9.3,9.3,9.3,9.3,9.3,21,21,21,21,21,21,2.27,2.27,2.27,2.27,2.27,2.27,,,,,,,,,,,,
76997,New York,00:00.0,00:00.0,28/11/2016,Digital,Bicycle,13.1,18.5,34.9,48.6,60.8,85.1,17,24,50,70,84,118,1.3,1.3,1.43,1.44,1.38,1.39,,,,,,,,,,,,
76998,New York,00:00.0,00:00.0,21/11/2016,Offline,Bicycle,13.6,24.4,33.1,33.1,33.1,33.1,26,42,57,57,57,57,1.92,1.72,1.72,1.72,1.72,1.72,,,,,,,,,,,,
77121,New York,00:00.0,00:00.0,25/11/2016,Digital,Bicycle,5.6,5.6,5.6,5.6,5.6,5.6,13,13,13,13,13,13,2.31,2.31,2.31,2.3,2.3,2.3,,,,,,,,,,,,
77128,New York,00:00.0,00:00.0,24/11/2016,Referral,Bicycle,5.2,5.2,7.4,7.4,7.4,7.4,15,15,21,21,21,21,2.88,2.88,2.82,2.82,2.82,2.82,,,,,,,,,,,,
77160,New York,00:00.0,00:00.0,05/12/2016,Referral,Bicycle,42.6,81.9,103.5,206.3,213.3,220.4,81,163,202,429,453,479,1.9,1.99,1.95,2.08,2.12,2.17,,,,,,,,,,,,
77198,New York,00:00.0,00:00.0,22/11/2016,Referral,Scooter / Motorcycle,60.7,119.9,224.9,413.5,599.2,1067.3,86,181,348,774,1381,2745,1.42,1.51,1.55,1.87,2.3,2.57,,,,,,4,,,,,,2
77205,New York,00:00.0,00:00.0,26/11/2016,Organic,Bicycle,10.7,14.8,26.7,43.8,49.3,62.8,10,19,31,37,45,62,0.94,1.29,1.16,0.84,0.91,0.99,,,,,,,,,,,,
77211,Rio de Janeiro,00:00.0,00:00.0,23/11/2016,Organic,Bicycle,13,13,30.1,49.6,49.6,49.6,9,9,27,49,49,49,0.69,0.69,0.9,0.99,0.99,0.99,,,,,,,,,,,,
77213,Rio de Janeiro,00:00.0,00:00.0,23/11/2016,Organic,Bicycle,35.7,35.7,35.7,35.7,35.7,35.7,59,59,59,59,59,59,1.65,1.65,1.65,1.65,1.65,1.65,,,,,,,,,,,,
77214,New York,00:00.0,00:00.0,25/11/2016,Organic,Scooter / Motorcycle,22.6,22.6,22.6,22.6,22.6,22.6,51,51,51,51,51,51,2.25,2.25,2.25,2.25,2.25,2.25,,,,,,,,,,,,
77217,New York,00:00.0,00:00.0,22/11/2016,Offline,Bicycle,12.1,23.8,23.8,23.8,23.8,23.8,27,49,49,49,49,49,2.24,2.06,2.06,2.06,2.06,2.06,,,,,,,,,,,,
77220,Cape Town,00:00.0,00:00.0,23/11/2016,Digital,Bicycle,25,43,73.1,134,194.8,365.1,47,76,126,237,384,765,1.88,1.77,1.72,1.77,1.97,2.1,,,,,,,,,,,,
77221,Cape Town,00:00.0,00:00.0,23/11/2016,Offline,Bicycle,18.3,33.9,41.3,41.3,41.3,41.3,38,75,93,93,93,93,2.08,2.21,2.25,2.25,2.25,2.25,,,,,,,,,,,,
77222,Cape Town,00:00.0,00:00.0,25/11/2016,Organic,Bicycle,23.2,40.5,66.4,140.5,185,258.3,39,67,102,225,310,424,1.68,1.66,1.54,1.6,1.68,1.64,,,,,,,,,,,,
77223,Cape Town,00:00.0,00:00.0,26/11/2016,Organic,Bicycle,23,38.1,69.7,133.7,171.5,301,36,66,120,255,343,614,1.57,1.73,1.72,1.91,2,2.04,,,,,,,,,,,,
77224,Cape Town,00:00.0,00:00.0,23/11/2016,Digital,Bicycle,20.1,40.2,78.4,160.7,233.2,438.7,33,73,140,295,449,923,1.64,1.82,1.79,1.84,1.93,2.1,,,,,,,,,,,,
77228,New York,00:00.0,00:00.0,23/11/2016,Digital,Scooter / Motorcycle,7.6,11.8,11.8,11.9,11.9,16.8,12,20,20,20,20,34,1.58,1.69,1.69,1.69,1.69,2.03,,,,,,,,,,,,
77231,New York,00:00.0,00:00.0,02/12/2016,Referral,Bicycle,2.7,2.7,2.7,2.7,2.7,2.7,0,0,0,0,0,0,0,0,0,0,0,0,,,,,,,,,,,,
77239,New York,00:00.0,00:00.0,23/11/2016,Referral,Bicycle,11.7,24.8,46.1,78.3,101.8,139,15,28,53,105,135,183,1.29,1.13,1.15,1.34,1.33,1.32,,,,,,,,,,,,
77243,New York,00:00.0,00:00.0,25/11/2016,Organic,Bicycle,25.2,48,89.1,148.4,201,418,55,100,174,298,434,1029,2.18,2.08,1.95,2.01,2.16,2.46,,,,,,,,,,,,
77249,New York,00:00.0,00:00.0,22/11/2016,Referral,Scooter / Motorcycle,42.6,85.1,165.3,277,277,350.4,88,170,337,589,589,600,2.07,2,2.04,2.13,2.13,1.71,1,1,2,2,2,2,0,0,0,1,1,1
77250,New York,00:00.0,00:00.0,22/11/2016,Organic,Scooter / Motorcycle,44.8,82.9,156.8,261.9,388.4,518.9,84,166,321,552,674,709,1.88,2,2.05,2.11,1.74,1.37,,,,,,1,,,,,,0
77266,New York,00:00.0,00:00.0,25/11/2016,Organic,Scooter / Motorcycle,14.1,44.4,105,176.1,245.1,601,27,96,219,372,546,1512,1.91,2.16,2.09,2.11,2.23,2.52,,,,,,,,,,,,
77267,New York,00:00.0,00:00.0,23/11/2016,Organic,Bicycle,10.3,10.3,10.3,10.3,10.3,10.3,19,19,19,19,19,19,1.85,1.85,1.85,1.85,1.85,1.85,,,,,,,,,,,,
77269,New York,00:00.0,00:00.0,25/11/2016,Organic,Bicycle,5,5,5,5,5,5,9,9,9,9,9,9,1.81,1.81,1.81,1.81,1.81,1.81,,,,,,,,,,,,
77271,New York,00:00.0,00:00.0,23/11/2016,Organic,Scooter / Motorcycle,8.9,8.9,8.9,8.9,8.9,8.9,16,16,16,16,16,16,1.8,1.8,1.8,1.8,1.8,1.8,,,,,,,,,,,,
77273,New York,00:00.0,00:00.0,22/11/2016,Digital,Bicycle,4.1,4.1,4.1,4.1,4.1,4.1,9,9,9,9,9,9,2.17,2.17,2.17,2.17,2.17,2.17,,,,,,,,,,,,
77285,New York,00:00.0,00:00.0,25/11/2016,Organic,Scooter / Motorcycle,16,16.3,44.6,143.8,145.1,184.6,35,35,91,398,402,535,2.18,2.15,2.04,2.77,2.77,2.9,,,,,,,,,,,,
77289,New York,00:00.0,00:00.0,30/11/2016,Organic,Bicycle,11.1,20.4,24.4,24.4,24.4,24.4,25,47,58,58,58,58,2.25,2.3,2.38,2.38,2.38,2.38,,,,,,,,,,,,
77291,New York,00:00.0,00:00.0,24/11/2016,Referral,Scooter / Motorcycle,18.3,18.3,18.3,18.3,19.1,19.1,33,33,33,33,35,35,1.8,1.8,1.8,1.8,1.84,1.84,,,,,,,,,,,,
77294,New York,00:00.0,00:00.0,23/11/2016,Organic,Bicycle,15.9,25.6,41.4,45.9,45.9,45.9,37,63,94,104,104,104,2.33,2.46,2.27,2.26,2.26,2.26,,,,,,,,,,,,
77295,New York,00:00.0,00:00.0,23/11/2016,Referral,Bicycle,10,18.5,35.7,74.2,117.5,144,12,24,56,127,197,249,1.2,1.3,1.57,1.71,1.68,1.73,,,,,,1,,,,,,0
77296,New York,00:00.0,00:00.0,28/11/2016,Organic,Scooter / Motorcycle,51.8,99.1,205.4,298,395.6,629.3,73,152,337,529,712,1220,1.41,1.53,1.64,1.78,1.8,1.94,,,1,2,2,2,,,1,1,1,2
77297,New York,00:00.0,00:00.0,29/11/2016,Digital,Bicycle,14.1,21.4,33.7,39.6,39.6,39.6,28,39,57,68,68,68,1.98,1.82,1.69,1.72,1.72,1.72,,,,,,,,,,,,
77300,New York,00:00.0,00:00.0,08/02/2017,Offline,Scooter / Motorcycle,48.3,78.2,108,108,173.8,388.5,148,239,320,320,498,1109,3.06,3.06,2.96,2.96,2.87,2.85,1,2,2,2,2,2,0,0,0,0,0,0
77301,New York,00:00.0,00:00.0,21/12/2016,Referral,Bicycle,5.7,11.1,11.1,11.1,11.1,11.1,6,17,17,17,17,17,1.05,1.53,1.53,1.53,1.53,1.53,,,,,,,,,,,,
77303,New York,00:00.0,00:00.0,23/11/2016,Offline,Bicycle,3,3,3,7.1,7.1,7.1,6,6,6,16,16,16,2,2,2,2.25,2.25,2.25,,,,,,,,,,,,
77304,New York,00:00.0,00:00.0,25/11/2016,Organic,Bicycle,17.4,29.4,53.8,109.5,155.6,203.2,38,70,126,283,441,589,2.19,2.38,2.34,2.58,2.83,2.9,,,,,,,,,,,,
77307,New York,00:00.0,00:00.0,30/11/2016,Organic,Bicycle,10.1,13.4,22.6,22.6,22.6,22.6,25,34,53,53,53,53,2.46,2.54,2.34,2.34,2.34,2.34,,,,,,,,,,,,
77308,New York,00:00.0,00:00.0,30/11/2016,Referral,Bicycle,9.3,12.7,21.1,29.9,67.9,247.7,14,21,45,75,199,603,1.5,1.65,2.14,2.51,2.93,2.43,1,1,1,1,2,10,0,0,0,0,0,2
77350,New York,00:00.0,00:00.0,25/11/2016,Organic,Bicycle,13.5,17.3,17.3,17.3,17.3,17.3,20,28,28,28,28,28,1.48,1.62,1.62,1.62,1.62,1.62,,,,,,,,,,,,
77351,New York,00:00.0,00:00.0,23/11/2016,Organic,Bicycle,43.8,43.8,68.7,97.5,148.1,249.7,46,46,74,134,234,458,1.05,1.05,1.08,1.37,1.58,1.83,,,,,,,,,,,,
77358,New York,00:00.0,00:00.0,23/11/2016,Referral,Bicycle,17.3,24.4,24.4,24.4,24.4,24.4,34,46,46,46,46,46,1.96,1.89,1.89,1.89,1.89,1.89,,,,,,,,,,,,
77360,New York,00:00.0,00:00.0,23/11/2016,Referral,Bicycle,12.3,16.1,34.1,72.6,107.9,189.3,30,34,79,188,314,592,2.44,2.11,2.32,2.59,2.91,3.13,,,,,,2,,,,,,0
77361,New York,00:00.0,00:00.0,23/11/2016,Organic,Bicycle,12.4,22.1,31.1,88.5,150.8,241.9,15,22,33,125,235,387,1.21,1,1.06,1.41,1.56,1.6,,,,,1,2,,,,,0,0
77364,New York,00:00.0,00:00.0,24/11/2016,Organic,Bicycle,3.1,3.1,9.9,25.5,25.5,40.1,6,6,16,32,32,46,1.96,1.96,1.62,1.25,1.25,1.15,,,,,,,,,,,,
77365,New York,00:00.0,00:00.0,23/11/2016,Referral,Bicycle,56.7,71.2,71.2,71.2,71.2,71.2,68,79,79,79,79,79,1.2,1.11,1.11,1.11,1.11,1.11,,,,,,,,,,,,
77368,New York,00:00.0,00:00.0,23/11/2016,Digital,Bicycle,3.5,14.9,42.2,105.2,155.8,232.6,4,25,62,169,266,426,1.15,1.67,1.47,1.61,1.71,1.83,,,,,,,,,,,,
77369,New York,00:00.0,00:00.0,29/11/2016,Digital,Bicycle,9.3,15.3,24.6,54.4,87.9,105.9,17,30,56,131,232,279,1.83,1.96,2.27,2.41,2.64,2.64,,,,,,,,,,,,
77370,New York,00:00.0,00:00.0,29/11/2016,Digital,Bicycle,10.2,10.2,10.2,10.2,10.2,10.2,11,11,11,11,11,11,1.08,1.08,1.08,1.08,1.08,1.08,,,,,,,,,,,,
77372,New York,00:00.0,00:00.0,29/11/2016,Organic,Bicycle,9.5,18.9,33.9,50.4,67.9,67.9,16,35,70,108,167,167,1.68,1.85,2.06,2.14,2.46,2.46,,,,,,,,,,,,
77379,New York,00:00.0,00:00.0,28/11/2016,Digital,Bicycle,18.4,24.4,49.2,82.2,101,101,20,29,63,89,124,124,1.09,1.19,1.28,1.08,1.23,1.23,,1,1,1,1,1,,0,0,0,0,0
77403,New York,00:00.0,00:00.0,13/03/2017,Digital,Bicycle,6.3,18.4,27,50.1,58.7,63.8,15,49,70,123,146,163,2.38,2.66,2.59,2.46,2.49,2.55,,,2,2,2,2,,,0,0,0,0
77482,New York,00:00.0,00:00.0,29/11/2016,Organic,Bicycle,15.8,19,29,42.4,71.1,124,21,25,35,57,123,261,1.33,1.32,1.21,1.34,1.73,2.1,,,,,,,,,,,,
77508,New York,00:00.0,00:00.0,27/11/2016,Digital,Bicycle,19.7,25.5,53.8,93.5,110.6,110.6,38,50,105,204,249,249,1.93,1.96,1.95,2.18,2.25,2.25,,,,,,,,,,,,
77535,New York,00:00.0,00:00.0,25/11/2016,Digital,Bicycle,44.5,77,130.9,210.7,264.4,462.9,65,115,206,373,515,1080,1.46,1.49,1.57,1.77,1.95,2.33,,,,,,,,,,,,
77548,New York,00:00.0,00:00.0,27/11/2016,Organic,Bicycle,33.9,57.8,101,193.9,193.9,193.9,11,19,43,101,101,101,0.32,0.33,0.43,0.52,0.52,0.52,,,,,,,,,,,,
77559,New York,00:00.0,00:00.0,30/11/2016,Referral,Bicycle,12.2,20.5,30.1,43.5,71.6,83.7,11,18,30,43,68,80,0.9,0.88,1,0.99,0.95,0.96,,,,,,,,,,,,
77563,Rio de Janeiro,00:00.0,00:00.0,01/12/2016,Organic,Bicycle,5.7,6.3,9.8,9.8,9.8,9.8,7,7,11,11,11,11,1.23,1.1,1.12,1.12,1.12,1.12,,,,,,,,,,,,
77567,Rio de Janeiro,00:00.0,00:00.0,28/11/2016,Organic,Bicycle,16.6,29.9,29.9,33.6,33.6,51.7,22,50,50,56,56,88,1.32,1.67,1.67,1.67,1.67,1.7,,,,1,2,7,,,,0,0,0
77568,Rio de Janeiro,00:00.0,00:00.0,26/11/2016,Organic,Bicycle,6.9,8.9,14.9,20.6,25,36.8,13,18,32,45,59,89,1.89,2.03,2.15,2.18,2.36,2.42,,,,,,,,,,,,
77573,Rio de Janeiro,00:00.0,00:00.0,26/11/2016,Organic,Bicycle,19.7,29.5,78.5,81.5,81.5,81.5,37,55,149,153,153,153,1.87,1.86,1.9,1.88,1.88,1.88,,,,,,,,,,,,
77576,New York,00:00.0,00:00.0,25/11/2016,Organic,Bicycle,1,1,1,1,1,1,0,0,0,0,0,0,0,0,0,0,0,0,,,,,,,,,,,,
77577,Rio de Janeiro,00:00.0,00:00.0,26/11/2016,Organic,Bicycle,48.9,78.6,86.7,120.8,202.4,385.4,85,143,158,219,478,1036,1.74,1.82,1.82,1.81,2.36,2.69,,,,,,,,,,,,
77578,New York,00:00.0,00:00.0,27/11/2016,Organic,Bicycle,17.3,31.4,44.6,64.7,65.7,68.1,13,33,45,76,77,85,0.75,1.05,1.01,1.18,1.17,1.25,,,1,1,1,1,,,1,1,1,1
77579,Rio de Janeiro,00:00.0,00:00.0,26/11/2016,Organic,Bicycle,6.5,17.5,32.7,47.2,61.5,74.3,16,42,85,130,180,229,2.48,2.4,2.6,2.75,2.93,3.08,,,,,,,,,,,,
77580,Rio de Janeiro,00:00.0,00:00.0,29/11/2016,Organic,Bicycle,44,66.4,93.9,113.8,120,177.2,67,109,143,185,198,325,1.52,1.64,1.52,1.63,1.65,1.83,,,1,1,1,1,,,0,0,0,0
77581,Rio de Janeiro,00:00.0,00:00.0,25/11/2016,Referral,Bicycle,4,11.1,24.9,47.2,71.3,119.7,9,28,67,126,208,365,2.25,2.51,2.69,2.67,2.92,3.05,,,,,,,,,,,,
77583,New York,00:00.0,00:00.0,02/12/2016,Organic,Bicycle,24.3,40.2,79.1,111.1,148.7,212.2,52,89,154,228,335,510,2.14,2.21,1.95,2.05,2.25,2.4,,,2,3,3,3,,,0,0,0,0
77584,New York,00:00.0,00:00.0,29/11/2016,Referral,Bicycle,8.6,8.6,8.6,16,16,16,10,10,10,19,19,19,1.16,1.16,1.16,1.18,1.18,1.18,,,,,,,,,,,,
77585,New York,00:00.0,00:00.0,01/12/2016,Referral,Scooter / Motorcycle,31.4,60.7,102.4,144.9,144.9,189,57,126,222,310,310,366,1.81,2.08,2.17,2.14,2.14,1.94,,,1,1,1,1,,,0,0,0,0
77587,New York,00:00.0,00:00.0,27/11/2016,Organic,Bicycle,18.2,23.3,53.8,85.2,85.2,85.2,37,52,91,122,122,122,2.03,2.23,1.69,1.43,1.43,1.43,,,,,,,,,,,,
77588,New York,00:00.0,00:00.0,29/11/2016,Organic,Bicycle,13.8,20.3,35.5,67.4,88.4,124.4,22,36,67,127,166,248,1.59,1.77,1.89,1.88,1.88,1.99,,,,,,,,,,,,
77591,Rio de Janeiro,00:00.0,00:00.0,29/11/2016,Organic,Bicycle,4,6.9,11.9,26,31.3,67.8,5,9,19,44,59,131,1.24,1.3,1.59,1.69,1.89,1.93,,,,,,,,,,,,
77593,New York,00:00.0,00:00.0,25/11/2016,Referral,Scooter / Motorcycle,42.4,56.3,92.6,108.7,108.7,108.7,81,105,173,211,211,211,1.91,1.87,1.87,1.94,1.94,1.94,,,1,2,2,2,,,0,0,0,0
77594,New York,00:00.0,00:00.0,06/12/2016,Organic,Bicycle,0.7,0.7,0.7,0.7,0.7,0.7,0,0,0,0,0,0,0,0,0,0,0,0,,,,,,,,,,,,
77597,New York,00:00.0,00:00.0,04/12/2016,Organic,Scooter / Motorcycle,38.8,70.5,137.9,286.8,424.1,816.8,73,140,298,654,1044,2057,1.88,1.99,2.16,2.28,2.46,2.52,,,,,,,,,,,,
77598,New York,00:00.0,00:00.0,25/11/2016,Organic,Bicycle,3,3,3,3,3,3,8,8,8,8,8,8,2.7,2.7,2.7,2.7,2.7,2.7,,,,,,,,,,,,
77600,New York,00:00.0,00:00.0,29/11/2016,Digital,Bicycle,6.4,6.4,6.4,6.4,6.4,6.4,10,10,10,10,10,10,1.55,1.55,1.55,1.55,1.55,1.55,,,,,,,,,,,,
77604,New York,00:00.0,00:00.0,27/11/2016,Organic,Bicycle,13.1,23.3,28.6,32.7,32.7,32.7,16,26,34,39,39,39,1.22,1.12,1.19,1.19,1.19,1.19,,,,,,,,,,,,
77605,New York,00:00.0,00:00.0,28/11/2016,Referral,Bicycle,26.1,45.2,85.8,143.6,182.8,189.2,26,57,107,186,260,271,1,1.26,1.25,1.3,1.42,1.43,,,,,,,,,,,,
77606,Rio de Janeiro,00:00.0,00:00.0,26/11/2016,Organic,Bicycle,20.4,28.5,60.6,114.6,166,252.2,45,67,158,325,473,750,2.21,2.35,2.61,2.84,2.85,2.97,,,,,,,,,,,,
77608,New York,00:00.0,00:00.0,25/11/2016,Organic,Scooter / Motorcycle,17.7,34.5,68.5,96.4,96.4,455.1,22,46,106,166,166,1053,1.24,1.33,1.55,1.72,1.72,2.31,,,,,,,,,,,,
77609,Rio de Janeiro,00:00.0,00:00.0,27/11/2016,Organic,Scooter / Motorcycle,30.4,65.7,149.7,300.4,443.8,636.1,84,167,398,796,1195,1753,2.77,2.54,2.66,2.65,2.69,2.76,,,,,,,,,,,,
77611,Rio de Janeiro,00:00.0,00:00.0,26/11/2016,Organic,Bicycle,9.4,12.6,16.4,17.6,17.6,17.6,18,21,25,27,27,27,1.92,1.66,1.53,1.53,1.53,1.53,,,,,,,,,,,,
77612,Rio de Janeiro,00:00.0,00:00.0,14/12/2016,Organic,Bicycle,41.4,82.2,170.5,286,372.4,372.4,95,192,407,734,1007,1007,2.3,2.33,2.39,2.57,2.7,2.7,,,,,,,,,,,,
77616,Rio de Janeiro,00:00.0,00:00.0,30/11/2016,Organic,Bicycle,7.9,10,23.5,112.5,240.5,579.6,14,16,39,233,590,1446,1.76,1.6,1.66,2.07,2.45,2.49,,,,,,,,,,,,
77617,Rio de Janeiro,00:00.0,00:00.0,26/11/2016,Organic,Bicycle,13.9,16.8,32.2,60.7,96.1,98.5,24,29,51,93,148,154,1.73,1.73,1.58,1.53,1.54,1.56,,,,,,,,,,,,
77618,Rio de Janeiro,00:00.0,00:00.0,13/12/2016,Organic,Bicycle,10.7,18.1,47,62.7,130.7,209,28,38,117,165,369,595,2.63,2.1,2.49,2.63,2.82,2.85,,,,,,,,,,,,
77619,Rio de Janeiro,00:00.0,00:00.0,27/11/2016,Organic,Bicycle,10.5,18.9,24.8,46.9,75.6,130.4,18,40,56,117,214,378,1.72,2.11,2.26,2.5,2.83,2.9,,,,,,,,,,,,
77620,Rio de Janeiro,00:00.0,00:00.0,26/11/2016,Referral,Bicycle,17,25,45.5,134.3,251.3,444.8,29,44,79,253,519,933,1.7,1.76,1.73,1.88,2.07,2.1,,,,3,8,11,,,,0,0,1
77621,Rio de Janeiro,00:00.0,00:00.0,13/12/2016,Organic,Bicycle,9.7,20.3,23.5,23.5,37.8,94.3,28,61,68,68,105,248,2.9,3,2.89,2.89,2.78,2.63,,,,,,,,,,,,
77623,Rio de Janeiro,00:00.0,00:00.0,30/11/2016,Organic,Bicycle,6.5,6.5,6.5,24.2,36.5,72.5,11,11,11,47,77,162,1.69,1.69,1.69,1.94,2.11,2.23,,,,,,,,,,,,
77624,Rio de Janeiro,00:00.0,00:00.0,28/11/2016,Organic,Bicycle,4.5,24.2,53.6,60.7,60.7,60.7,7,32,70,80,80,80,1.56,1.32,1.31,1.32,1.32,1.32,,,,,,1,,,,,,1
77647,New York,00:00.0,00:00.0,03/12/2016,Referral,Bicycle,20.4,38.6,75.8,158,240.7,490.6,50,86,156,357,600,1265,2.45,2.23,2.06,2.26,2.49,2.58,,,,,,1,,,,,,0
77661,New York,00:00.0,00:00.0,01/12/2016,Organic,Bicycle,9.4,9.4,16.3,36.2,42.7,42.7,21,21,32,83,101,101,2.24,2.24,1.97,2.29,2.37,2.37,,,,,,,,,,,,
77667,New York,00:00.0,00:00.0,25/11/2016,Organic,Bicycle,1.3,1.3,1.3,1.3,1.3,1.3,0,0,0,0,0,0,0,0,0,0,0,0,,,,,,,,,,,,
77672,New York,00:00.0,00:00.0,18/12/2016,Offline,Bicycle,3,3,3,3,11.5,11.5,2,2,2,2,28,28,0.67,0.67,0.67,0.67,2.43,2.43,,,,,,,,,,,,
77673,New York,00:00.0,00:00.0,02/12/2016,Referral,Scooter / Motorcycle,50.5,94.8,169,306.7,418,530,113,206,371,730,1053,1336,2.24,2.17,2.2,2.38,2.52,2.52,,,,,,,,,,,,
77677,New York,00:00.0,00:00.0,06/12/2016,Organic,Bicycle,5.1,7.8,10.5,15.3,15.3,15.3,13,21,28,38,38,38,2.54,2.68,2.68,2.48,2.48,2.48,,,,,,,,,,,,
77680,New York,00:00.0,00:00.0,27/11/2016,Offline,Bicycle,20.6,39.7,76.5,128.4,134,134,30,62,119,215,225,225,1.46,1.56,1.56,1.67,1.68,1.68,,,,,,,,,,,,
77689,New York,00:00.0,00:00.0,03/12/2016,Referral,Scooter / Motorcycle,71.6,128.9,231,375.6,531.4,923.7,126,235,442,729,1160,2154,1.76,1.82,1.91,1.94,2.18,2.33,,,,1,1,1,,,,0,1,1
77700,New York,00:00.0,00:00.0,30/11/2016,Digital,Bicycle,7.1,10.1,16.2,22.6,29.5,29.5,10,19,35,49,66,66,1.41,1.88,2.16,2.17,2.24,2.24,,,,,,,,,,,,
77705,New York,00:00.0,00:00.0,06/12/2016,Offline,Bicycle,17.2,28,47,87.2,124.3,306.3,19,37,70,153,239,632,1.11,1.32,1.49,1.75,1.92,2.06,,,,,,3,,,,,,2
77707,New York,00:00.0,00:00.0,30/11/2016,Referral,Bicycle,16.9,24.5,34.1,37,37,38.8,22,30,44,47,47,50,1.3,1.22,1.29,1.27,1.27,1.29,1,1,1,2,2,3,0,0,0,0,0,0
77712,New York,00:00.0,00:00.0,05/12/2016,Digital,Scooter / Motorcycle,21.5,36.7,55.1,64,70.4,135.4,25,54,92,111,126,304,1.16,1.47,1.67,1.73,1.79,2.25,,,,,,,,,,,,
77723,New York,00:00.0,00:00.0,07/12/2016,Referral,Bicycle,9.4,15.3,33,58.9,90.5,127.1,14,18,45,104,190,291,1.49,1.18,1.37,1.77,2.1,2.29,,,,1,2,2,,,,0,0,0
77729,New York,00:00.0,00:00.0,27/11/2016,Referral,Scooter / Motorcycle,15.1,19.5,29.1,33.4,34.4,34.4,37,50,74,90,92,92,2.46,2.57,2.55,2.69,2.67,2.67,,,,1,1,1,,,,0,0,0
77731,New York,00:00.0,00:00.0,04/12/2016,Digital,Bicycle,13.8,22.4,44.2,71.4,105.4,149.9,33,56,107,163,258,370,2.39,2.5,2.42,2.28,2.45,2.47,,,,,,,,,,,,
77732,New York,00:00.0,00:00.0,26/11/2016,Referral,Bicycle,31.3,60.9,126.8,262.7,397.9,1029.4,61,135,291,639,1017,2646,1.95,2.22,2.3,2.43,2.56,2.57,,,,,,,,,,,,
77733,New York,00:00.0,00:00.0,27/11/2016,Organic,Bicycle,30.5,50.7,84,109.2,121.6,121.6,25,39,57,87,95,95,0.82,0.77,0.68,0.8,0.78,0.78,,,,,,,,,,,,
77734,New York,00:00.0,00:00.0,07/12/2016,Digital,Bicycle,13.1,17.2,31.7,34.6,63,68.9,18,30,54,62,149,170,1.37,1.74,1.7,1.79,2.37,2.47,,,,,,,,,,,,
77740,New York,00:00.0,00:00.0,27/12/2016,Referral,Scooter / Motorcycle,17.3,33.1,62.4,68.4,91.2,407.1,45,86,159,177,244,1158,2.61,2.6,2.55,2.59,2.67,2.84,,,,,,,,,,,,
77741,New York,00:00.0,00:00.0,29/11/2016,Organic,Bicycle,15.7,32.1,68.5,147.2,223.6,433.8,25,57,130,314,489,1001,1.6,1.78,1.9,2.13,2.19,2.31,,,,,,,,,,,,
77742,New York,00:00.0,00:00.0,30/11/2016,Digital,Bicycle,9.6,9.6,12.8,12.8,12.8,12.8,17,17,21,21,21,21,1.77,1.77,1.65,1.65,1.65,1.65,,,,,,,,,,,,
77856,Rio de Janeiro,00:00.0,00:00.0,28/11/2016,Organic,Bicycle,12.7,19,32.7,58.3,69,110,16,27,54,106,133,225,1.26,1.42,1.65,1.82,1.93,2.04,,,,,,,,,,,,
77859,Rio de Janeiro,00:00.0,00:00.0,13/12/2016,Organic,Bicycle,3.5,3.5,27.4,44.1,109.5,326.5,7,7,44,77,213,753,1.99,1.99,1.61,1.75,1.95,2.31,,,1,1,1,3,,,0,0,0,0
77862,Rio de Janeiro,00:00.0,00:00.0,30/11/2016,Organic,Bicycle,46.2,80.3,137.2,229.8,318.7,444.1,96,184,333,557,845,1159,2.08,2.29,2.43,2.42,2.65,2.61,,,,,,,,,,,,
77864,Rio de Janeiro,00:00.0,00:00.0,29/11/2016,Organic,Bicycle,19.6,25.8,27.9,27.9,58.8,79.6,33,43,48,48,125,180,1.69,1.67,1.72,1.72,2.13,2.26,,,,,,,,,,,,
77872,Cape Town,00:00.0,00:00.0,28/11/2016,Organic,Bicycle,27.1,38.4,67.7,87.7,147.1,235.5,39,52,92,125,228,367,1.44,1.36,1.36,1.43,1.55,1.56,,,,,,,,,,,,
77873,Rio de Janeiro,00:00.0,00:00.0,26/11/2016,Organic,Bicycle,20.6,22.3,23.5,23.5,23.5,23.5,32,35,36,36,36,36,1.55,1.57,1.53,1.53,1.53,1.53,,,,,,,,,,,,
77876,Cape Town,00:00.0,00:00.0,29/11/2016,Organic,Bicycle,15.4,32.9,49.8,119,201.9,232.2,15,26,38,132,230,266,0.97,0.79,0.76,1.11,1.14,1.15,,,,,,1,,,,,,0
77877,Rio de Janeiro,,00:00.0,11/12/2016,Organic,Bicycle,57.7,109.6,154.4,154.4,154.4,154.4,106,195,286,286,286,286,1.84,1.78,1.85,1.85,1.85,1.85,,,,,,,,,,,,
77879,Cape Town,00:00.0,00:00.0,30/11/2016,Organic,Bicycle,23.9,43.2,82.5,155.2,162.9,162.9,38,67,135,265,280,280,1.59,1.55,1.64,1.71,1.72,1.72,,,,,,,,,,,,
77881,Cape Town,00:00.0,00:00.0,26/11/2016,Organic,Motor Vehicle,11.6,24.5,37,62.4,87,94,21,45,69,106,142,147,1.81,1.84,1.86,1.7,1.63,1.56,,,,,,,,,,,,
77882,Cape Town,00:00.0,00:00.0,30/11/2016,Digital,Bicycle,18.5,35.3,61.7,93.3,100.7,100.7,38,65,111,173,191,191,2.06,1.84,1.8,1.85,1.9,1.9,,,,,,,,,,,,
77886,Cape Town,00:00.0,00:00.0,29/11/2016,Digital,Bicycle,35.3,73,145.7,295.4,383.5,806.2,58,122,235,524,710,1598,1.64,1.67,1.61,1.77,1.85,1.98,,,,,,,,,,,,
77890,Cape Town,,,27/11/2016,Unknown,Bicycle,19.9,23.5,23.5,23.5,23.5,23.5,37,44,44,44,44,44,1.86,1.87,1.87,1.87,1.87,1.87,,,,,,,,,,,,
77891,Cape Town,00:00.0,00:00.0,30/11/2016,Organic,Bicycle,27.7,35.1,71.1,157.5,239.5,416.7,34,40,85,192,298,555,1.23,1.14,1.2,1.22,1.24,1.33,,,,,,2,,,,,,0
77893,Cape Town,00:00.0,00:00.0,30/11/2016,Organic,Bicycle,17.1,32.5,62.8,146.1,210.4,353.2,30,56,100,256,387,650,1.75,1.72,1.59,1.75,1.84,1.84,,,,,2,14,,,,,0,3
77895,Cape Town,00:00.0,00:00.0,27/11/2016,Job Platforms,Bicycle,21.4,42.1,79.8,112.3,152.3,369.9,26,46,86,131,194,601,1.21,1.09,1.08,1.17,1.27,1.62,,,,,,,,,,,,
77897,Cape Town,00:00.0,00:00.0,29/11/2016,Job Platforms,Bicycle,19.7,38.5,76.1,137.9,194.7,291.2,38,76,141,278,389,541,1.93,1.97,1.85,2.02,2,1.86,,,,,,,,,,,,
77898,Cape Town,00:00.0,00:00.0,28/11/2016,Referral,Motor Vehicle,14,69,159.1,278.7,368.2,635.1,27,126,306,572,752,1324,1.93,1.83,1.92,2.05,2.04,2.08,,,,,,,,,,,,
77900,Rio de Janeiro,00:00.0,00:00.0,27/11/2016,Organic,Bicycle,9.5,14.2,16.6,19.1,19.1,19.1,13,20,24,32,32,32,1.37,1.4,1.44,1.68,1.68,1.68,,,,,,,,,,,,
77901,Cape Town,00:00.0,00:00.0,02/12/2016,Job Platforms,Bicycle,12,22.1,26.8,26.8,26.8,26.8,19,34,39,39,39,39,1.58,1.54,1.45,1.45,1.45,1.45,,,,,,,,,,,,
77903,Rio de Janeiro,,,03/12/2016,Unknown,Bicycle,21.1,33.1,92.7,207.4,288.5,568.2,26,50,162,414,630,1538,1.23,1.51,1.75,2,2.18,2.71,,,,,,,,,,,,
77904,Cape Town,00:00.0,00:00.0,30/11/2016,Digital,Bicycle,24,44.3,92.4,157.5,229.7,416.7,47,82,166,291,453,755,1.96,1.85,1.8,1.85,1.97,1.81,,,,,,,,,,,,
77913,Rio de Janeiro,00:00.0,00:00.0,26/11/2016,Organic,Bicycle,6.8,8.6,10.2,11.4,11.4,11.4,8,11,13,15,15,15,1.17,1.27,1.28,1.32,1.32,1.32,,,,,,,,,,,,
77916,Cape Town,00:00.0,00:00.0,29/11/2016,Job Platforms,Bicycle,13.6,20.9,35.5,54.2,71,78.9,23,34,55,83,113,126,1.69,1.63,1.55,1.53,1.59,1.6,,,,,,,,,,,,
77924,New York,00:00.0,00:00.0,06/12/2016,Organic,Bicycle,19.8,29.7,30.7,30.7,30.7,30.7,24,34,34,34,34,34,1.21,1.15,1.11,1.11,1.11,1.11,,,,,,,,,,,,
77937,New York,00:00.0,00:00.0,03/12/2016,Organic,Bicycle,59.1,88.5,150.1,385.4,645.4,1429.3,17,32,57,214,436,1252,0.29,0.36,0.38,0.56,0.68,0.88,,,1,2,2,6,,,0,0,0,0
77941,New York,00:00.0,00:00.0,01/12/2016,Organic,Bicycle,7.2,13,25.1,40.4,63.6,87.7,6,13,25,35,69,107,0.83,1,1,0.87,1.08,1.22,,,,,,,,,,,,
77971,New York,00:00.0,00:00.0,04/12/2016,Referral,Bicycle,12.8,20.2,24.5,24.5,24.5,24.5,29,45,49,49,49,49,2.26,2.22,2,2,2,2,,,,,,,,,,,,
77972,New York,00:00.0,00:00.0,26/11/2016,Digital,Bicycle,1.9,1.9,1.9,2,2,2,0,0,0,0,0,0,0,0,0,0,0,0,,,,,,,,,,,,
77977,New York,00:00.0,00:00.0,30/11/2016,Referral,Bicycle,15.7,15.7,20.1,24.8,24.8,24.8,25,25,38,47,47,47,1.59,1.59,1.89,1.9,1.9,1.9,,,,,,,,,,,,
78011,New York,00:00.0,00:00.0,17/02/2017,Organic,Scooter / Motorcycle,26.1,37.3,52.3,54.7,62.5,62.5,63,100,140,147,169,169,2.41,2.68,2.68,2.69,2.71,2.71,,,,,,,,,,,,
78015,Rio de Janeiro,00:00.0,00:00.0,29/11/2016,Organic,Bicycle,13.7,13.9,13.9,16.2,43.6,140.2,25,25,25,30,122,419,1.82,1.79,1.79,1.86,2.8,2.99,,,,,,,,,,,,
78016,Rio de Janeiro,00:00.0,00:00.0,30/11/2016,Organic,Bicycle,16.3,28.8,49.3,51.3,51.3,51.3,20,41,71,74,74,74,1.23,1.42,1.44,1.44,1.44,1.44,,,,,,,,,,,,
78017,Rio de Janeiro,,00:00.0,04/12/2016,Organic,Bicycle,14.1,14.1,16.8,16.8,16.8,20.1,16,16,20,20,20,24,1.13,1.13,1.19,1.19,1.19,1.19,,,,,,,,,,,,
78020,Rio de Janeiro,00:00.0,00:00.0,26/11/2016,Organic,Bicycle,2.4,2.4,2.4,2.4,2.4,2.4,4,4,4,4,4,4,1.67,1.67,1.67,1.67,1.67,1.67,,,,,,,,,,,,
78021,Rio de Janeiro,00:00.0,00:00.0,26/11/2016,Organic,Bicycle,3.7,11.1,32.3,45.2,81.4,133,8,23,74,107,193,335,2.19,2.07,2.29,2.37,2.37,2.52,,,,,,,,,,,,
78022,Rio de Janeiro,00:00.0,00:00.0,28/11/2016,Organic,Bicycle,2.9,14.5,30.5,60.7,101,164,3,20,50,111,233,393,1.02,1.38,1.64,1.83,2.31,2.4,,,,,,,,,,,,
78023,Rio de Janeiro,00:00.0,00:00.0,01/12/2016,Organic,Bicycle,24.7,60.4,123.9,180.2,294.8,629.8,51,130,284,443,819,1899,2.06,2.15,2.29,2.46,2.78,3.02,,,,,,,,,,,,
78026,Rio de Janeiro,00:00.0,00:00.0,04/12/2016,Organic,Bicycle,34,58.6,81.7,81.7,81.7,81.7,77,129,170,170,170,170,2.26,2.2,2.08,2.08,2.08,2.08,,,,,,,,,,,,
78028,Rio de Janeiro,00:00.0,00:00.0,28/11/2016,Referral,Bicycle,38.9,66.2,127.2,185.8,246.7,450.4,77,150,310,468,646,1279,1.98,2.27,2.44,2.52,2.62,2.84,,,,,,1,,,,,,0
78029,Rio de Janeiro,00:00.0,00:00.0,29/11/2016,Organic,Bicycle,25.1,45.8,84.2,167.9,181.4,546,53,98,179,382,412,1392,2.11,2.14,2.13,2.28,2.27,2.55,,,,,,1,,,,,,0
78033,Rio de Janeiro,00:00.0,00:00.0,28/11/2016,Organic,Bicycle,58.6,94.6,153.5,284.7,417,787.4,112,188,330,647,981,1958,1.91,1.99,2.15,2.27,2.35,2.49,,,,,,,,,,,,
78035,Rio de Janeiro,00:00.0,00:00.0,29/11/2016,Referral,Bicycle,12.5,27.3,52.2,106,149.5,159.1,23,64,137,282,413,447,1.84,2.34,2.63,2.66,2.76,2.81,,1,1,1,1,2,,0,0,0,0,0
78046,New York,00:00.0,00:00.0,27/11/2016,Organic,Bicycle,22.5,34.6,67.4,97,118.2,201.5,34,59,123,201,257,516,1.51,1.7,1.82,2.07,2.17,2.56,,,,,,,,,,,,
78048,New York,00:00.0,00:00.0,29/11/2016,Offline,Bicycle,35.3,43.1,43.1,43.1,43.1,43.1,41,52,52,52,52,52,1.16,1.21,1.21,1.21,1.21,1.21,,,,,,,,,,,,
78051,New York,00:00.0,00:00.0,29/11/2016,Organic,Bicycle,16.1,19.8,19.8,19.8,19.8,19.8,23,29,29,29,29,29,1.43,1.46,1.46,1.46,1.46,1.46,1,1,1,1,1,1,0,0,0,0,0,0
78052,New York,00:00.0,00:00.0,04/12/2016,Job Platforms,Bicycle,2,2,2,2,2,2,0,0,0,0,0,0,0,0,0,0,0,0,,,,,,,,,,,,
78053,New York,00:00.0,00:00.0,29/11/2016,Offline,Bicycle,2.9,2.9,2.9,2.9,2.9,2.9,1,1,1,1,1,1,0.34,0.34,0.34,0.34,0.34,0.34,,,,,,,,,,,,
78054,New York,00:00.0,00:00.0,26/11/2016,Digital,Bicycle,10.1,12.8,16.5,19.9,19.9,19.9,22,27,35,39,39,39,2.19,2.1,2.12,1.96,1.96,1.96,,,,,,,,,,,,
78055,New York,00:00.0,00:00.0,27/11/2016,Organic,Bicycle,27.6,33.6,33.6,60,63.7,63.7,53,67,67,125,135,135,1.92,1.99,1.99,2.08,2.12,2.12,,,,1,1,1,,,,0,0,0
78058,New York,00:00.0,00:00.0,24/03/2017,Organic,Scooter / Motorcycle,0.4,0.4,0.4,0.4,0.4,0.4,0,0,0,0,0,0,0,0,0,0,0,0,,,,,,,,,,,,
78059,New York,00:00.0,00:00.0,26/11/2016,Offline,Bicycle,4.1,4.1,4.1,4.1,4.1,4.1,0,0,0,0,0,0,0,0,0,0,0,0,,,,,,,,,,,,
78060,New York,00:00.0,00:00.0,29/11/2016,Digital,Bicycle,9.7,11.8,11.8,29.4,44.2,58.4,19,20,20,59,99,131,1.96,1.7,1.7,2.01,2.24,2.24,,,,,,,,,,,,
78062,Rio de Janeiro,00:00.0,00:00.0,03/12/2016,Organic,Bicycle,0.7,1.5,1.5,1.5,1.5,1.5,0,1,1,1,1,1,0,0.67,0.67,0.67,0.67,0.67,,,,,,,,,,,,
78075,New York,00:00.0,00:00.0,28/11/2016,Organic,Bicycle,16.1,34.9,62.8,93.4,150.1,168.9,17,36,75,122,213,249,1.06,1.03,1.2,1.31,1.42,1.47,,,,,,,,,,,,
78076,Rio de Janeiro,00:00.0,00:00.0,29/11/2016,Organic,Bicycle,27.8,27.8,57.5,76.9,83.1,120.5,48,48,113,165,183,276,1.73,1.73,1.96,2.14,2.2,2.29,,,,,,,,,,,,
78077,Rio de Janeiro,00:00.0,00:00.0,29/11/2016,Organic,Bicycle,33.4,40.5,47.7,51.5,51.5,51.5,43,54,68,75,75,75,1.29,1.33,1.43,1.46,1.46,1.46,,,,,,,,,,,,
78079,New York,00:00.0,00:00.0,28/11/2016,Referral,Bicycle,41.4,78.8,147.1,277.4,394.4,518.1,72,135,263,565,831,1046,1.74,1.71,1.79,2.04,2.11,2.02,1,1,2,4,6,17,0,0,0,0,1,6
78080,Rio de Janeiro,00:00.0,00:00.0,26/11/2016,Organic,Bicycle,6.9,10.1,15.9,15.9,15.9,76,9,9,9,9,9,153,1.3,0.89,0.57,0.57,0.57,2.01,,,,,,,,,,,,
78081,Rio de Janeiro,00:00.0,00:00.0,27/11/2016,Organic,Bicycle,20.7,32.8,62.6,79.2,108.4,280.2,39,67,141,187,267,669,1.88,2.05,2.25,2.36,2.46,2.39,,,,,,,,,,,,
78082,Rio de Janeiro,00:00.0,00:00.0,29/11/2016,Organic,Bicycle,14,30.1,67.6,113.1,157.3,272.2,25,59,133,238,351,616,1.79,1.96,1.97,2.1,2.23,2.26,,,1,2,2,2,,,0,0,1,1
78088,New York,,,30/11/2016,Unknown,Scooter / Motorcycle,54.5,94,197.3,328.4,515.1,1108.8,66,137,340,683,1214,2874,1.21,1.46,1.72,2.08,2.36,2.59,,,,,,,,,,,,
78089,Rio de Janeiro,00:00.0,00:00.0,30/11/2016,Organic,Bicycle,12.8,18.9,43.6,92.2,123,257.5,20,30,78,173,244,479,1.56,1.58,1.79,1.88,1.98,1.86,,,,,1,3,,,,,0,1
78092,Rio de Janeiro,00:00.0,00:00.0,07/12/2016,Organic,Bicycle,18.1,31.7,87,191.1,311,627.9,39,72,208,556,792,1745,2.16,2.27,2.39,2.91,2.55,2.78,,,,,,,,,,,,
78093,Rio de Janeiro,00:00.0,00:00.0,01/12/2016,Organic,Bicycle,12.8,52.5,94,197,264.5,454.3,32,131,209,447,653,1127,2.49,2.5,2.22,2.27,2.47,2.48,,,,,,,,,,,,
78094,Rio de Janeiro,00:00.0,00:00.0,29/11/2016,Organic,Bicycle,15,29,63,152.3,250.4,498.6,28,59,139,371,675,1296,1.86,2.03,2.21,2.44,2.7,2.6,,,,,,,,,,,,
78095,Rio de Janeiro,00:00.0,00:00.0,30/11/2016,Organic,Bicycle,26.8,32.6,60,68.5,80.4,186.1,33,38,73,84,113,353,1.23,1.17,1.22,1.23,1.41,1.9,,,,,,,,,,,,
78096,Rio de Janeiro,00:00.0,00:00.0,28/11/2016,Organic,Scooter / Motorcycle,23.9,31.5,52.6,79.6,99.2,123.9,66,85,142,225,284,346,2.76,2.7,2.7,2.83,2.86,2.79,,,,,,1,,,,,,0
78097,New York,00:00.0,00:00.0,27/11/2016,Organic,Bicycle,12.4,12.4,12.4,12.4,12.4,12.4,26,26,26,26,26,26,2.1,2.1,2.1,2.1,2.1,2.1,,,,,,,,,,,,
78098,New York,00:00.0,00:00.0,26/11/2016,Organic,Bicycle,0.3,5.1,11.7,25.4,32.2,32.4,0,9,16,40,56,57,0,1.77,1.37,1.57,1.74,1.76,,,,,,,,,,,,
78103,Rio de Janeiro,00:00.0,00:00.0,02/12/2016,Organic,Bicycle,12.4,27.3,48.8,64,64,64,26,60,110,151,151,151,2.1,2.2,2.26,2.36,2.36,2.36,,,,,,,,,,,,
78107,New York,00:00.0,00:00.0,29/11/2016,Organic,Bicycle,23.9,36.1,54.5,78.4,110.4,257.5,31,51,77,120,201,497,1.3,1.41,1.41,1.53,1.82,1.93,,,,,2,2,,,,,0,0
78114,New York,00:00.0,00:00.0,26/11/2016,Job Platforms,Bicycle,6.6,14.9,34.8,34.8,34.8,34.8,6,23,57,57,57,57,0.91,1.55,1.64,1.64,1.64,1.64,,,,,,,,,,,,
78129,New York,00:00.0,00:00.0,28/11/2016,Organic,Bicycle,19.8,25.6,35,55.9,55.9,55.9,17,23,31,41,41,41,0.86,0.9,0.89,0.73,0.73,0.73,,,,,,,,,,,,
78132,New York,00:00.0,00:00.0,27/11/2016,Job Platforms,Bicycle,14.7,45.6,112.1,287.4,406.7,962,23,92,213,691,1110,2691,1.56,2.02,1.9,2.4,2.73,2.8,,,,,,,,,,,,
78140,New York,00:00.0,00:00.0,30/11/2016,Referral,Bicycle,7.9,14.4,24.9,28.5,28.5,28.5,8,16,26,32,32,32,1.01,1.11,1.05,1.12,1.12,1.12,,,,,,,,,,,,
78145,New York,00:00.0,00:00.0,02/12/2016,Organic,Scooter / Motorcycle,43.4,69.8,110,120,120,120,113,201,325,361,361,361,2.61,2.88,2.95,3.01,3.01,3.01,,,,,,,,,,,,
78146,New York,00:00.0,00:00.0,27/11/2016,Organic,Bicycle,28.8,48.3,76.2,155.2,165.3,165.3,49,88,130,302,314,314,1.7,1.82,1.71,1.95,1.9,1.9,,,,,,,,,,,,
78154,New York,00:00.0,00:00.0,29/11/2016,Organic,Bicycle,19.2,50,60.6,111.8,121.6,158.7,24,50,60,111,131,213,1.25,1,0.99,0.99,1.08,1.34,,,,1,1,1,,,,0,0,0
78157,New York,00:00.0,00:00.0,02/01/2017,Organic,Bicycle,11.4,18.8,18.8,18.8,18.8,526.2,19,27,27,27,27,1096,1.66,1.43,1.43,1.43,1.43,2.08,,,,,,,,,,,,
78163,New York,00:00.0,00:00.0,27/11/2016,Organic,Scooter / Motorcycle,31.5,50.8,78.6,137.8,192.4,318.4,50,93,160,320,486,848,1.59,1.83,2.04,2.32,2.53,2.66,,,,,,,,,,,,
78168,New York,00:00.0,00:00.0,29/11/2016,Referral,Bicycle,8.4,19.5,49.1,111,144.7,208.9,10,22,58,147,207,307,1.2,1.13,1.18,1.32,1.43,1.47,,,,,,,,,,,,
78181,New York,00:00.0,00:00.0,30/11/2016,Digital,Bicycle,28.4,47.9,85.6,153.9,215.9,308.8,46,77,128,282,456,687,1.62,1.61,1.5,1.83,2.11,2.22,,,,,,,,,,,,
78184,New York,00:00.0,00:00.0,29/11/2016,Digital,Bicycle,22.6,30.6,50,59.8,63.8,63.8,42,52,98,119,123,123,1.86,1.7,1.96,1.99,1.93,1.93,,,,,,,,,,,,
78198,New York,00:00.0,00:00.0,02/12/2016,Organic,Bicycle,22.2,43.1,87.8,155.7,213,230.9,39,68,136,217,312,332,1.75,1.58,1.55,1.39,1.46,1.44,,,,,,,,,,,,
78206,New York,00:00.0,00:00.0,09/12/2016,Organic,Scooter / Motorcycle,41,77.3,135.3,233.6,337.6,409.3,57,130,255,470,666,803,1.39,1.68,1.88,2.01,1.97,1.96,,,,,,1,,,,,,1
78207,New York,00:00.0,00:00.0,29/11/2016,Organic,Bicycle,3.9,7.2,15.9,22.1,36.3,45.2,3,7,17,31,78,108,0.77,0.97,1.07,1.4,2.15,2.39,,,,,,3,,,,,,0
78209,New York,00:00.0,00:00.0,27/11/2016,Offline,Scooter / Motorcycle,25.3,43.2,83,109.8,166.9,252.1,45,66,118,152,225,347,1.78,1.53,1.42,1.38,1.35,1.38,10,12,20,32,36,41,0,0,0,0,1,1
78210,New York,00:00.0,00:00.0,27/11/2016,Referral,Scooter / Motorcycle,37.1,70.2,129,246.8,321.7,610.1,104,205,371,788,1067,2169,2.8,2.92,2.88,3.19,3.32,3.56,,,,,,1,,,,,,0
78240,Rio de Janeiro,00:00.0,00:00.0,29/11/2016,Organic,Bicycle,3,3,33,45.5,99.3,205.3,6,6,71,92,194,421,1.97,1.97,2.15,2.02,1.95,2.05,,,,,1,5,,,,,0,1
78243,Cape Town,00:00.0,00:00.0,13/12/2016,Organic,Bicycle,3.3,3.3,6.3,14.1,25.2,37.4,7,7,14,34,61,84,2.14,2.14,2.23,2.41,2.42,2.25,,,,,,,,,,,,
78244,Rio de Janeiro,00:00.0,00:00.0,30/11/2016,Digital,Bicycle,28.4,79.3,178.6,314.9,453,954.8,41,138,316,608,951,2218,1.45,1.74,1.77,1.93,2.1,2.32,,,,,,,,,,,,
78246,Rio de Janeiro,00:00.0,00:00.0,29/11/2016,Organic,Bicycle,6.7,6.7,6.7,6.7,6.7,6.7,12,12,12,12,12,12,1.79,1.79,1.79,1.79,1.79,1.79,,,,,,,,,,,,
78247,Rio de Janeiro,00:00.0,00:00.0,14/12/2016,Organic,Bicycle,16.5,16.5,16.5,16.5,16.5,16.5,32,32,32,32,32,32,1.93,1.93,1.93,1.93,1.93,1.93,,,,,,,,,,,,
78248,Rio de Janeiro,00:00.0,00:00.0,27/11/2016,Organic,Bicycle,19.2,41.4,72.4,115.3,168.5,168.5,33,86,156,255,383,383,1.72,2.08,2.15,2.21,2.27,2.27,2,4,4,4,4,4,0,1,1,1,1,1
78250,Rio de Janeiro,00:00.0,00:00.0,08/12/2016,Organic,Bicycle,6.4,11.9,19,32.3,34,34,16,24,42,78,83,83,2.52,2.01,2.21,2.41,2.44,2.44,,,,1,1,1,,,,0,0,1
78251,Rio de Janeiro,00:00.0,00:00.0,31/12/2016,Organic,Bicycle,8.7,8.7,10.1,36.3,36.3,36.3,14,14,17,76,76,76,1.61,1.61,1.69,2.09,2.09,2.09,,,,,,,,,,,,
78253,Rio de Janeiro,00:00.0,00:00.0,04/12/2016,Organic,Bicycle,35.9,68.7,105.2,208,383.2,794.5,84,170,255,531,1077,2120,2.34,2.47,2.42,2.55,2.81,2.67,,,,,,1,,,,,,0
78256,Rio de Janeiro,00:00.0,00:00.0,28/11/2016,Organic,Bicycle,9.4,15.8,15.8,15.8,52.2,84.8,17,24,24,24,98,167,1.81,1.51,1.51,1.51,1.88,1.97,,,,,,,,,,,,
78257,Rio de Janeiro,00:00.0,00:00.0,30/11/2016,Organic,Bicycle,15.2,22.5,22.5,22.5,22.5,22.5,13,21,21,21,21,21,0.86,0.94,0.94,0.94,0.94,0.94,,,,,,,,,,,,
78258,Cape Town,00:00.0,00:00.0,30/11/2016,Offline,Bicycle,21.6,37.8,55.8,84.6,96.5,104.2,52,85,125,205,240,264,2.41,2.25,2.24,2.42,2.49,2.53,,,,,,,,,,,,
78259,Cape Town,00:00.0,00:00.0,04/12/2016,Organic,Bicycle,7.8,12.7,21.6,25.2,25.2,25.2,18,27,46,54,54,54,2.31,2.13,2.12,2.14,2.14,2.14,,,,,,,,,,,,
78260,Cape Town,00:00.0,00:00.0,28/11/2016,Organic,Bicycle,13,22.5,47.8,74.5,96.7,98.9,20,27,52,105,159,165,1.54,1.2,1.09,1.41,1.64,1.67,,,,,,,,,,,,
78287,Rio de Janeiro,00:00.0,00:00.0,28/11/2016,Organic,Bicycle,15.1,27.2,44.4,66.1,80.9,115.3,18,37,62,88,123,198,1.19,1.36,1.4,1.33,1.52,1.72,,,,,,,,,,,,
78295,Rio de Janeiro,00:00.0,00:00.0,29/11/2016,Organic,Bicycle,45.3,83.4,169.2,336.2,395.2,395.2,70,127,297,687,831,831,1.54,1.52,1.76,2.04,2.1,2.1,,,,,,,,,,,,
78379,New York,00:00.0,00:00.0,27/11/2016,Organic,Bicycle,15.5,31.5,61.3,169.3,220,221.7,6,11,21,65,96,96,0.39,0.35,0.34,0.38,0.44,0.43,,,,,,,,,,,,
78397,New York,00:00.0,00:00.0,01/12/2016,Digital,Bicycle,0.7,0.7,0.7,0.7,0.7,0.7,2,2,2,2,2,2,2.74,2.74,2.74,2.74,2.74,2.74,,,,,,,,,,,,
78408,New York,00:00.0,00:00.0,28/11/2016,Digital,Bicycle,9,26.4,37,47.7,47.7,47.7,14,49,67,96,96,96,1.56,1.86,1.81,2.01,2.01,2.01,,,,,,,,,,,,
78410,New York,00:00.0,00:00.0,01/12/2016,Organic,Bicycle,40.2,71,129.5,143.5,143.5,163,103,173,307,348,348,407,2.56,2.44,2.37,2.43,2.43,2.5,,,,,,,,,,,,
78425,New York,00:00.0,00:00.0,02/12/2016,Organic,Bicycle,12.1,25.5,41.6,41.6,41.6,41.6,28,57,89,89,89,89,2.32,2.23,2.14,2.14,2.14,2.14,,,,,,,,,,,,
78431,New York,00:00.0,00:00.0,29/11/2016,Digital,Bicycle,4.4,4.4,4.4,4.4,4.4,4.4,8,8,8,8,8,8,1.8,1.8,1.8,1.8,1.8,1.8,,,,,,,,,,,,
78508,New York,00:00.0,00:00.0,27/11/2016,Digital,Bicycle,6.3,13.8,13.8,18.9,18.9,18.9,9,21,21,21,21,21,1.44,1.53,1.53,1.11,1.11,1.11,,,,,,1,,,,,,0
78552,New York,00:00.0,00:00.0,04/12/2016,Organic,Bicycle,10,16.1,22,22,22,22,9,19,23,23,23,23,0.9,1.18,1.04,1.04,1.04,1.04,,,,,,,,,,,,
78553,Rio de Janeiro,00:00.0,00:00.0,20/12/2016,Organic,Bicycle,8.9,11.8,16.2,16.2,16.2,16.2,17,21,28,28,28,28,1.91,1.78,1.73,1.73,1.73,1.73,,,,,,,,,,,,
78554,Rio de Janeiro,00:00.0,00:00.0,07/12/2016,Organic,Bicycle,12.1,20.1,26.6,26.6,28.5,35.6,29,40,55,55,59,78,2.4,1.99,2.07,2.07,2.07,2.19,,,,,,,,,,,,
78557,Rio de Janeiro,00:00.0,00:00.0,01/12/2016,Organic,Bicycle,8.6,18.9,29.9,40.3,43.6,62.1,15,39,63,90,100,140,1.75,2.06,2.1,2.24,2.29,2.26,,,,,,,,,,,,
78560,New York,00:00.0,00:00.0,01/12/2016,Digital,Bicycle,1.8,1.8,1.8,1.8,1.8,1.8,2,2,2,2,2,2,1.13,1.13,1.13,1.13,1.13,1.13,,,,,,,,,,,,
78561,Rio de Janeiro,00:00.0,00:00.0,28/11/2016,Referral,Bicycle,9.1,25.4,55.2,110.4,153.5,278.5,18,56,146,284,415,736,1.98,2.2,2.65,2.57,2.7,2.64,,,,,,,,,,,,
78563,Rio de Janeiro,00:00.0,00:00.0,28/11/2016,Organic,Bicycle,13.2,17.9,40.5,67,86.8,108.5,33,47,98,162,221,262,2.51,2.62,2.42,2.42,2.55,2.41,,,,,,,,,,,,
78564,Rio de Janeiro,00:00.0,00:00.0,29/11/2016,Organic,Bicycle,42.3,61.5,121.2,186.3,225.4,225.4,49,73,150,271,347,347,1.16,1.19,1.24,1.45,1.54,1.54,,,,,,,,,,,,
78567,Rio de Janeiro,00:00.0,00:00.0,08/12/2016,Organic,Bicycle,6.4,8.4,19.5,37.5,63.3,114.7,14,20,49,99,174,327,2.2,2.37,2.51,2.64,2.75,2.85,,,,1,3,3,,,,0,0,1
78571,Rio de Janeiro,00:00.0,00:00.0,17/12/2016,Organic,Bicycle,4,4,4,4,4,4,7,7,7,7,7,7,1.75,1.75,1.75,1.75,1.75,1.75,,,,,,,,,,,,
78572,Rio de Janeiro,00:00.0,00:00.0,17/12/2016,Organic,Bicycle,15.6,18.6,18.6,32.6,61.3,162.6,12,15,15,53,123,365,0.77,0.81,0.81,1.63,2.01,2.25,,,,,,,,,,,,
78573,New York,00:00.0,00:00.0,29/11/2016,Referral,Bicycle,10.7,22.9,30.1,40.5,40.5,40.5,21,46,61,83,83,83,1.97,2.01,2.03,2.05,2.05,2.05,,,,,,,,,,,,
78579,Rio de Janeiro,00:00.0,00:00.0,27/11/2016,Organic,Bicycle,17,30.5,30.5,30.5,30.5,30.5,9,21,21,21,21,21,0.53,0.69,0.69,0.69,0.69,0.69,,,,,,,,,,,,
78584,Rio de Janeiro,,,22/01/2017,Unknown,Bicycle,11.7,16.7,23.3,23.3,33.3,57.2,28,44,63,63,95,155,2.38,2.64,2.7,2.7,2.85,2.71,,,,1,1,2,,,,0,0,1
78585,New York,00:00.0,00:00.0,30/11/2016,Digital,Bicycle,3.2,3.2,3.2,3.2,3.2,3.2,4,4,4,4,4,4,1.27,1.27,1.27,1.27,1.27,1.27,,,,,,,,,,,,
78592,Rio de Janeiro,00:00.0,00:00.0,10/12/2016,Organic,Bicycle,13.7,13.7,16.6,18.8,45,158.1,31,31,39,45,113,391,2.27,2.27,2.35,2.39,2.51,2.47,,,,,,,,,,,,
78606,New York,00:00.0,00:00.0,27/11/2016,Organic,Bicycle,24.5,42.8,78.6,168.1,218.9,486.9,44,92,166,378,506,1126,1.79,2.15,2.11,2.25,2.31,2.31,,,,,,,,,,,,
78626,New York,00:00.0,00:00.0,04/12/2016,Digital,Bicycle,9,12.4,24.9,24.9,24.9,24.9,11,16,22,22,22,22,1.23,1.29,0.88,0.88,0.88,0.88,,,,,,,,,,,,
78627,Rio de Janeiro,00:00.0,00:00.0,30/11/2016,Organic,Bicycle,11.1,17.1,27,29.1,60.9,149.3,22,36,67,74,179,417,1.99,2.1,2.48,2.55,2.94,2.79,,,,,,,,,,,,
78635,New York,00:00.0,00:00.0,29/11/2016,Referral,Bicycle,6.2,13.7,18.3,21.8,21.8,21.8,11,20,26,29,29,29,1.79,1.46,1.42,1.33,1.33,1.33,2,2,2,2,2,2,1,1,1,1,1,1
78645,Rio de Janeiro,00:00.0,00:00.0,28/11/2016,Organic,Bicycle,28.4,48.2,121.5,197,230.5,269.9,37,49,160,282,376,474,1.3,1.02,1.32,1.43,1.63,1.76,,,,,,,,,,,,
78648,New York,00:00.0,00:00.0,23/01/2017,Organic,Bicycle,20.5,36,65.9,114.9,135.5,212,16,38,79,142,169,298,0.78,1.06,1.2,1.24,1.25,1.41,,,,,,,,,,,,
78667,New York,00:00.0,00:00.0,28/11/2016,Referral,Bicycle,3,3,3,3,3,3,5,5,5,5,5,5,1.65,1.65,1.65,1.65,1.65,1.65,,,,,,,,,,,,
78714,New York,00:00.0,00:00.0,03/12/2016,Organic,Bicycle,25,27.5,27.5,27.5,27.5,27.5,37,40,40,40,40,40,1.48,1.45,1.45,1.45,1.45,1.45,,,,,,,,,,,,
78723,New York,00:00.0,00:00.0,29/11/2016,Digital,Bicycle,10.6,18.2,28.9,44.6,44.6,48.6,13,28,51,91,91,101,1.22,1.54,1.77,2.04,2.04,2.08,,,,,,1,,,,,,1
78727,New York,00:00.0,00:00.0,27/11/2016,Digital,Bicycle,10.9,29.5,57,117.2,148.3,198.6,12,38,75,180,244,330,1.1,1.29,1.32,1.54,1.65,1.66,,,,,,,,,,,,
78728,New York,00:00.0,00:00.0,30/11/2016,Digital,Bicycle,14.8,14.8,20.1,33.6,33.6,33.6,16,16,20,24,24,24,1.08,1.08,1,0.71,0.71,0.71,,,,,,,,,,,,
78739,New York,00:00.0,00:00.0,27/11/2016,Organic,Bicycle,3.2,13.6,30.3,50.2,60.9,88.2,5,21,43,79,105,165,1.57,1.55,1.42,1.57,1.72,1.87,,,,,,,,,,,,
78744,New York,00:00.0,00:00.0,02/12/2016,Organic,Bicycle,7.1,10,21.4,21.4,21.4,21.4,10,17,39,39,39,39,1.41,1.71,1.82,1.82,1.82,1.82,,,,,,,,,,,,
78748,New York,00:00.0,00:00.0,30/11/2016,Organic,Bicycle,9.7,9.7,12.8,24.2,24.6,24.6,14,14,22,38,38,38,1.45,1.45,1.72,1.57,1.55,1.55,,,,,,,,,,,,
78751,New York,00:00.0,00:00.0,02/12/2016,Referral,Scooter / Motorcycle,32.6,65.3,107.5,107.5,107.5,107.5,102,190,293,293,293,293,3.13,2.91,2.72,2.72,2.72,2.72,,,,,,,,,,,,
78755,New York,,,29/11/2016,Unknown,Bicycle,39.2,53.2,64.3,176.4,194.6,290.3,44,63,81,279,303,439,1.12,1.18,1.26,1.58,1.56,1.51,,,,,,1,,,,,,0
78759,New York,00:00.0,00:00.0,27/11/2016,Organic,Bicycle,6.3,8.3,18.7,20.9,20.9,20.9,8,13,31,35,35,35,1.26,1.57,1.66,1.67,1.67,1.67,,,,,,,,,,,,
78760,New York,00:00.0,00:00.0,30/11/2016,Organic,Bicycle,4.8,4.8,4.8,4.8,4.8,4.8,8,8,8,8,8,8,1.67,1.67,1.67,1.67,1.67,1.67,,,,,,,,,,,,
78761,New York,00:00.0,00:00.0,28/11/2016,Digital,Bicycle,14.1,19.4,19.4,19.4,19.4,19.4,27,37,37,37,37,37,1.91,1.91,1.91,1.91,1.91,1.91,,,,,,,,,,,,
78762,New York,00:00.0,00:00.0,28/11/2016,Digital,Bicycle,16.9,32.4,48.7,59.3,112.7,155.9,25,62,96,121,257,357,1.48,1.91,1.97,2.04,2.28,2.29,,,,,,,,,,,,
78828,Rio de Janeiro,,,04/12/2016,Organic,Bicycle,4.7,4.7,4.7,4.7,4.7,4.7,9,9,9,9,9,9,1.91,1.91,1.91,1.91,1.91,1.91,,,,,,,,,,,,
78829,Rio de Janeiro,00:00.0,00:00.0,06/12/2016,Organic,Bicycle,10.4,16.6,20.3,23,27.2,27.2,16,29,36,42,53,53,1.53,1.75,1.77,1.83,1.95,1.95,,,,,,,,,,,,
78830,Rio de Janeiro,00:00.0,00:00.0,29/11/2016,Organic,Bicycle,11.3,25,61.7,154.7,219.5,589,14,32,83,280,421,1369,1.24,1.28,1.34,1.81,1.92,2.32,,,,,1,1,,,,,0,0
78831,Cape Town,00:00.0,00:00.0,30/11/2016,Job Platforms,Bicycle,26.8,44.7,81.9,164.6,227.9,384.2,49,79,129,288,430,739,1.83,1.77,1.57,1.75,1.89,1.92,,,,,,,,,,,,
78833,Rio de Janeiro,00:00.0,00:00.0,28/11/2016,Organic,Bicycle,20.5,36.8,36.8,36.8,36.8,36.8,16,36,36,36,36,36,0.78,0.98,0.98,0.98,0.98,0.98,,,,,,,,,,,,
78835,Rio de Janeiro,00:00.0,00:00.0,02/12/2016,Organic,Bicycle,9.2,16.7,35.2,80,115.3,130.3,7,20,52,135,223,256,0.76,1.2,1.48,1.69,1.93,1.96,,,,,,,,,,,,
78836,Rio de Janeiro,00:00.0,00:00.0,29/11/2016,Organic,Bicycle,1.8,1.8,1.8,1.8,1.8,354.4,3,3,3,3,3,890,1.71,1.71,1.71,1.71,1.71,2.51,,,,,,,,,,,,
78838,Rio de Janeiro,00:00.0,00:00.0,30/11/2016,Organic,Bicycle,10,17.1,24,73.2,102.8,179.3,13,26,37,138,197,360,1.3,1.52,1.54,1.89,1.92,2.01,,,,1,1,1,,,,0,0,0
78839,Rio de Janeiro,00:00.0,00:00.0,29/11/2016,Organic,Bicycle,1.9,1.9,1.9,1.9,1.9,1.9,3,3,3,3,3,3,1.56,1.56,1.56,1.56,1.56,1.56,,,,,,,,,,,,
78842,Rio de Janeiro,00:00.0,00:00.0,28/11/2016,Organic,Bicycle,22.7,36.1,79.2,137.7,166.2,360.2,46,76,170,310,388,910,2.03,2.11,2.15,2.25,2.33,2.53,,,2,3,3,4,,,0,0,0,0
78845,Rio de Janeiro,00:00.0,00:00.0,04/12/2016,Organic,Bicycle,43.2,63.3,74,74,74,74,99,158,181,181,181,181,2.29,2.5,2.45,2.45,2.45,2.45,,,,,,,,,,,,
78847,Rio de Janeiro,00:00.0,00:00.0,29/11/2016,Organic,Bicycle,37.1,78.2,146.4,290.2,418.2,719.7,76,184,351,697,1059,1840,2.05,2.35,2.4,2.4,2.53,2.56,,,,,,,,,,,,
78851,Rio de Janeiro,,,29/11/2016,Organic,Bicycle,38.4,71.1,94,148.3,187.7,227.5,76,146,184,286,387,444,1.98,2.05,1.96,1.93,2.06,1.95,,,,,,,,,,,,
78870,Cape Town,00:00.0,00:00.0,01/12/2016,Referral,Motor Vehicle,15.5,30.3,59.6,86.7,93.1,117.5,28,54,109,164,176,215,1.8,1.78,1.83,1.89,1.89,1.83,,,,,,,,,,,,
78873,Cape Town,00:00.0,00:00.0,09/12/2016,Organic,Bicycle,28.1,51.5,94,171.5,250.5,378.9,52,96,196,414,617,918,1.85,1.86,2.09,2.41,2.46,2.42,,,,,,,,,,,,
78877,Cape Town,00:00.0,00:00.0,29/11/2016,Organic,Bicycle,8.5,31.1,60.2,119.8,199.5,266.3,13,57,126,268,477,645,1.53,1.83,2.09,2.24,2.39,2.42,,,,,,,,,,,,
78878,Cape Town,00:00.0,00:00.0,01/12/2016,Organic,Motor Vehicle,19.9,30.7,49.3,80.1,106.6,146.9,45,61,92,141,195,268,2.27,1.99,1.87,1.76,1.83,1.82,,,,,,,,,,,,
78892,Cape Town,00:00.0,00:00.0,30/11/2016,Organic,Bicycle,17.3,31.1,76,148.5,221.7,401.9,32,60,146,322,514,925,1.85,1.93,1.92,2.17,2.32,2.3,,,,,,,,,,,,
78928,New York,00:00.0,00:00.0,02/12/2016,Referral,Bicycle,24.5,38.9,83.1,174.4,253.5,475.6,38,61,152,357,603,1240,1.55,1.57,1.83,2.05,2.38,2.61,,,,,,,,,,,,
78940,New York,00:00.0,00:00.0,06/12/2016,Offline,Bicycle,7.6,10.1,14.7,17.8,24.1,24.1,10,13,20,23,35,35,1.32,1.29,1.36,1.29,1.45,1.45,,,,,,,,,,,,
78963,New York,00:00.0,00:00.0,29/11/2016,Offline,Bicycle,35.6,41.7,41.7,41.7,41.7,41.7,62,67,67,67,67,67,1.74,1.6,1.6,1.6,1.6,1.6,,,,,,,,,,,,
78964,New York,00:00.0,00:00.0,29/11/2016,Organic,Bicycle,21.7,34.5,84.8,119.1,119.1,119.1,15,28,64,83,83,83,0.69,0.81,0.76,0.7,0.7,0.7,,,,,,,,,,,,
78966,New York,00:00.0,00:00.0,30/11/2016,Organic,Bicycle,20.4,31.3,60.6,131.7,146.8,288.9,33,52,93,183,209,374,1.62,1.66,1.54,1.39,1.42,1.29,1,1,1,1,1,1,0,0,0,0,0,0
78988,New York,00:00.0,00:00.0,28/11/2016,Referral,Bicycle,15.5,21.6,38.9,68.6,75.7,76.1,20,33,58,109,124,124,1.29,1.52,1.49,1.59,1.64,1.63,,,,,,,,,,,,
79003,New York,00:00.0,00:00.0,05/12/2016,Organic,Bicycle,20.9,47,92.2,117.2,190.1,389.1,44,78,121,139,284,619,2.1,1.66,1.31,1.19,1.49,1.59,,,,,,,,,,,,
79017,New York,00:00.0,00:00.0,11/12/2016,Digital,Bicycle,18.4,20.6,20.6,20.6,20.6,20.6,31,36,36,36,36,36,1.69,1.75,1.75,1.75,1.75,1.75,,,,,,,,,,,,
79029,New York,00:00.0,00:00.0,02/12/2016,Organic,Bicycle,23.4,36.2,49,54.2,54.2,54.2,56,82,103,111,111,111,2.39,2.26,2.1,2.05,2.05,2.05,,,,,,,,,,,,
79036,New York,00:00.0,00:00.0,05/12/2016,Offline,Bicycle,13.3,24.1,45.8,78.5,120.3,206.4,18,39,78,135,230,399,1.35,1.62,1.7,1.72,1.91,1.93,,,,,,,,,,,,
79055,New York,00:00.0,00:00.0,13/12/2016,Organic,Bicycle,13.7,22.1,28.8,49.7,55.9,75.4,37,56,74,127,140,182,2.69,2.53,2.57,2.56,2.5,2.41,,,,,,,,,,,,
79064,New York,00:00.0,00:00.0,06/12/2016,Referral,Bicycle,12.6,22.6,47.7,112.9,155.9,169.4,17,23,68,189,298,324,1.35,1.02,1.43,1.67,1.91,1.91,,,,,,,,,,,,
79066,New York,00:00.0,00:00.0,29/11/2016,Organic,Scooter / Motorcycle,17.9,28.4,50.1,103.3,166.1,381.3,34,64,117,262,470,917,1.9,2.25,2.33,2.54,2.83,2.4,,,,,,,,,,,,
79067,New York,00:00.0,00:00.0,03/12/2016,Organic,Bicycle,18.4,32.3,61.5,90.4,90.4,90.4,44,76,142,211,211,211,2.39,2.35,2.31,2.33,2.33,2.33,,,,1,1,1,,,,0,0,0
79074,New York,00:00.0,00:00.0,29/11/2016,Offline,Scooter / Motorcycle,11.8,27.9,59.6,100,100,100,21,58,131,219,219,219,1.78,2.08,2.2,2.19,2.19,2.19,,,,,,,,,,,,
79118,New York,00:00.0,00:00.0,26/03/2017,Referral,Scooter / Motorcycle,15,30.5,43.9,72.2,106,289.4,21,52,78,156,221,664,1.4,1.71,1.78,2.16,2.08,2.29,,1,1,5,5,9,,0,0,0,1,3
79122,New York,00:00.0,00:00.0,02/12/2016,Organic,Bicycle,17.3,39.1,83.3,179.7,248.5,248.5,36,80,193,423,644,644,2.08,2.05,2.32,2.35,2.59,2.59,,,,,,,,,,,,
79140,New York,00:00.0,00:00.0,29/11/2016,Digital,Bicycle,3.7,3.7,3.7,3.7,3.7,3.7,3,3,3,3,3,3,0.81,0.81,0.81,0.81,0.81,0.81,,,,,,,,,,,,
79146,New York,00:00.0,00:00.0,30/11/2016,Referral,Bicycle,11.6,15.1,15.1,15.1,15.1,15.1,11,17,17,17,17,17,0.95,1.13,1.13,1.13,1.13,1.13,,,,1,1,1,,,,0,0,0
79177,New York,00:00.0,00:00.0,19/03/2017,Referral,Scooter / Motorcycle,1.2,1.2,15.6,54.2,135.1,371.2,2,2,34,141,316,749,1.69,1.68,2.18,2.6,2.34,2.02,,,,,,1,,,,,,0
79178,New York,00:00.0,00:00.0,29/11/2016,Offline,Scooter / Motorcycle,16,31.5,64.2,64.2,64.2,64.2,31,47,70,70,70,70,1.93,1.49,1.09,1.09,1.09,1.09,,,,,,,,,,,,
79179,New York,00:00.0,00:00.0,03/12/2016,Organic,Bicycle,14.3,23,32,36.6,36.6,50.7,38,59,77,88,88,121,2.66,2.57,2.41,2.4,2.4,2.39,,,,,,,,,,,,
79180,New York,00:00.0,00:00.0,29/11/2016,Digital,Scooter / Motorcycle,23,39.6,65.2,70.9,70.9,70.9,35,69,120,135,135,135,1.52,1.74,1.84,1.9,1.9,1.9,,,,,,,,,,,,
79184,New York,00:00.0,00:00.0,29/11/2016,Referral,Scooter / Motorcycle,34,86.4,184.1,370.9,446.1,446.1,48,141,324,734,904,904,1.41,1.63,1.76,1.98,2.03,2.03,,,,,,,,,,,,
79187,New York,00:00.0,00:00.0,28/11/2016,Referral,Scooter / Motorcycle,6.7,6.7,45,145.9,263.8,560.8,5,5,68,244,496,1142,0.75,0.75,1.51,1.67,1.88,2.04,,,,,,,,,,,,
79205,New York,00:00.0,00:00.0,28/11/2016,Job Platforms,Bicycle,8.6,25.1,72,175.9,282,482.9,16,46,127,333,603,1056,1.85,1.83,1.76,1.89,2.14,2.19,,,,1,2,2,,,,0,0,0
79214,New York,00:00.0,00:00.0,02/12/2016,Offline,Bicycle,14,19.9,33.2,44,50.6,52.5,28,39,69,93,118,124,2,1.96,2.08,2.11,2.33,2.36,,,,,,,,,,,,
79215,New York,00:00.0,00:00.0,03/12/2016,Organic,Bicycle,28.8,51.8,82.6,132.8,163.8,206,56,107,173,288,383,511,1.95,2.06,2.1,2.17,2.34,2.48,,,,,,1,,,,,,1
79217,New York,00:00.0,00:00.0,02/12/2016,Referral,Bicycle,21.5,36.8,73.7,134.3,134.3,134.3,33,50,98,195,195,195,1.53,1.36,1.33,1.45,1.45,1.45,,,,,,,,,,,,
79222,New York,00:00.0,00:00.0,29/11/2016,Referral,Bicycle,6.1,9,15.1,26.1,35,43.3,12,18,33,58,81,96,1.97,2.01,2.19,2.22,2.31,2.22,,,,,,,,,,,,
79223,New York,00:00.0,00:00.0,05/12/2016,Referral,Bicycle,8.9,8.9,8.9,8.9,8.9,8.9,21,21,21,21,21,21,2.37,2.37,2.37,2.37,2.37,2.37,,,,,,,,,,,,
79224,New York,00:00.0,00:00.0,30/11/2016,Referral,Bicycle,12.1,20.1,24.1,24.1,24.1,24.1,39,66,82,82,82,82,3.22,3.28,3.4,3.4,3.4,3.4,,,,,,,,,,,,
79225,New York,,,29/11/2016,Unknown,Scooter / Motorcycle,70.9,131.7,233.8,401.9,587.1,1005,65,118,211,363,560,798,0.92,0.9,0.9,0.9,0.95,0.79,,,,,,,,,,,,
79281,New York,,,29/11/2016,Digital,Bicycle,0.8,0.8,0.8,0.8,0.8,2.3,2,2,2,2,2,6,2.42,2.42,2.42,2.4,2.4,2.59,,,,,,1,,,,,,1
79288,New York,00:00.0,00:00.0,29/11/2016,Referral,Bicycle,1.1,1.1,1.1,7.2,7.2,40.6,2,2,2,7,7,105,1.85,1.85,1.85,0.98,0.98,2.59,,1,2,2,2,3,,0,0,0,0,0
79301,Rio de Janeiro,00:00.0,00:00.0,02/12/2016,Organic,Bicycle,9.2,9.2,9.2,9.2,9.2,9.2,14,14,14,14,14,14,1.52,1.52,1.52,1.51,1.51,1.51,,,,,,,,,,,,
79302,Rio de Janeiro,00:00.0,00:00.0,29/11/2016,Organic,Bicycle,22.4,49.6,80.9,138.6,195,244.7,53,111,189,342,522,670,2.37,2.24,2.34,2.47,2.68,2.74,,,,,,2,,,,,,1
79303,Rio de Janeiro,00:00.0,00:00.0,02/12/2016,Organic,Bicycle,5.9,19.2,66.5,214.7,380.2,589.5,8,47,148,473,973,1636,1.35,2.45,2.23,2.2,2.56,2.78,,,,1,1,1,,,,0,0,0
79306,Rio de Janeiro,00:00.0,00:00.0,30/11/2016,Organic,Bicycle,6.3,9.4,27.9,41,41,41,7,14,42,67,67,67,1.12,1.49,1.5,1.64,1.64,1.64,,,,,,,,,,,,
79308,Rio de Janeiro,00:00.0,00:00.0,03/12/2016,Organic,Bicycle,28.7,55.1,73.3,76,143.8,252,40,82,117,126,345,648,1.39,1.49,1.6,1.66,2.4,2.57,,1,1,1,1,1,,0,0,0,0,0
79309,Rio de Janeiro,00:00.0,00:00.0,29/11/2016,Organic,Bicycle,15.5,27.2,27.2,27.2,27.2,27.2,22,46,46,46,46,46,1.42,1.69,1.69,1.69,1.69,1.69,,,,,,,,,,,,
79312,New York,00:00.0,00:00.0,06/12/2016,Organic,Bicycle,9.5,12.7,26,53.8,63.7,137.9,16,22,49,95,117,252,1.68,1.73,1.88,1.77,1.84,1.83,,,,,,,,,,,,
79313,New York,00:00.0,00:00.0,02/12/2016,Referral,Bicycle,15.2,24.4,56.7,88.1,88.1,88.1,16,20,41,70,70,70,1.05,0.82,0.72,0.79,0.79,0.79,,,,,,,,,,,,
79320,New York,00:00.0,00:00.0,03/12/2016,Referral,Bicycle,8.6,8.6,8.6,8.6,8.6,8.6,11,11,11,11,11,11,1.27,1.27,1.27,1.27,1.27,1.27,,,,,,,,,,,,
79326,New York,00:00.0,00:00.0,06/12/2016,Organic,Bicycle,8.3,14.3,25.3,45.1,58.2,58.2,13,20,36,65,84,84,1.58,1.4,1.42,1.44,1.44,1.44,,,,,,,,,,,,
79328,New York,00:00.0,00:00.0,04/12/2016,Organic,Bicycle,18.8,27.9,51.1,115.4,168.6,175.8,35,56,107,241,366,386,1.86,2,2.09,2.09,2.17,2.2,,,,,,,,,,,,
79329,New York,00:00.0,00:00.0,29/11/2016,Referral,Bicycle,8.7,15.7,15.7,15.7,15.7,15.7,19,31,31,31,31,31,2.18,1.98,1.98,1.98,1.98,1.98,,,,,,,,,,,,
79336,New York,00:00.0,00:00.0,06/12/2016,Organic,Bicycle,8.1,18.7,23.4,37.8,37.8,60.2,16,27,33,54,54,72,1.97,1.44,1.41,1.43,1.43,1.2,,,,,,,,,,,,
79349,New York,00:00.0,00:00.0,02/12/2016,Job Platforms,Scooter / Motorcycle,38.2,57.9,72.2,84,84,84,82,118,149,172,172,172,2.15,2.04,2.06,2.05,2.05,2.05,,,,,,,,,,,,
79384,New York,00:00.0,00:00.0,04/12/2016,Referral,Scooter / Motorcycle,53.9,89.5,165.5,309.3,440.3,860.2,114,185,341,689,1054,1916,2.11,2.07,2.06,2.23,2.39,2.23,,,,,,,,,,,,
79395,New York,00:00.0,00:00.0,02/12/2016,Organic,Bicycle,25.8,45.1,74.1,149.6,181.9,315,50,95,149,359,486,908,1.94,2.1,2.01,2.4,2.67,2.88,,,,1,1,3,,,,0,0,1
79403,New York,00:00.0,00:00.0,03/12/2016,Organic,Bicycle,20.9,35.9,67.7,118.7,174.8,236.3,29,51,99,179,288,384,1.39,1.42,1.46,1.51,1.65,1.63,,,,,,,,,,,,
79415,New York,00:00.0,00:00.0,28/02/2017,Organic,Bicycle,11.1,18.6,42.2,178,325.4,604.6,26,40,83,286,600,1048,2.34,2.15,1.97,1.61,1.84,1.73,,,,,,,,,,,,
79416,New York,00:00.0,00:00.0,29/11/2016,Referral,Scooter / Motorcycle,1.2,1.2,1.2,1.2,1.2,1.2,0,0,0,0,0,0,0,0,0,0,0,0,,,,,,,,,,,,
79420,New York,00:00.0,00:00.0,02/12/2016,Referral,Bicycle,4.7,4.7,6.8,7.8,7.8,7.8,2,2,3,4,4,4,0.43,0.43,0.44,0.51,0.51,0.51,,,,,,,,,,,,
79435,New York,00:00.0,00:00.0,19/12/2016,Referral,Scooter / Motorcycle,18,39.8,51.4,79.2,94.7,212.4,26,72,92,150,191,430,1.44,1.81,1.79,1.89,2.02,2.02,,,,,,1,,,,,,0
79445,New York,00:00.0,00:00.0,29/11/2016,Referral,Bicycle,13.9,28.9,35.6,35.6,35.6,35.6,10,21,29,29,29,29,0.72,0.73,0.81,0.81,0.81,0.81,,,,,,,,,,,,
79455,New York,00:00.0,00:00.0,05/12/2016,Digital,Bicycle,15.4,26,54.4,68,68,68,27,44,84,104,104,104,1.75,1.69,1.55,1.53,1.53,1.53,,,,,,,,,,,,
79456,New York,00:00.0,00:00.0,02/12/2016,Offline,Bicycle,13,17,17,17,17,17,16,22,22,22,22,22,1.23,1.29,1.29,1.29,1.29,1.29,,,,,,,,,,,,
79462,New York,00:00.0,00:00.0,02/12/2016,Referral,Bicycle,23.8,43.5,71.7,114.4,151.1,239,68,127,206,362,500,821,2.86,2.92,2.87,3.16,3.31,3.43,,,,,,,,,,,,
79467,Rio de Janeiro,00:00.0,00:00.0,29/11/2016,Organic,Bicycle,39.9,45.9,114.3,263.2,411.2,735.5,81,95,246,554,930,1701,2.03,2.07,2.15,2.1,2.26,2.31,,,,,,,,,,,,
79468,New York,00:00.0,00:00.0,13/12/2016,Referral,Bicycle,31.8,42.5,42.5,42.5,42.5,42.5,28,33,33,33,33,33,0.88,0.78,0.78,0.78,0.78,0.78,,,,,,,,,,,,
79469,New York,00:00.0,00:00.0,06/12/2016,Organic,Bicycle,6.1,12.4,24.2,35,35,35,17,32,66,96,96,96,2.78,2.57,2.73,2.74,2.74,2.74,,,,,,,,,,,,
79474,New York,00:00.0,00:00.0,02/12/2016,Digital,Bicycle,28.8,53.1,102.1,167.7,222.1,273.2,50,93,182,336,486,617,1.73,1.75,1.78,2,2.19,2.26,,,,1,1,1,,,,0,0,0
79475,New York,00:00.0,00:00.0,02/12/2016,Referral,Scooter / Motorcycle,35.4,50.9,88.6,114.4,114.4,114.9,89,134,253,332,332,332,2.52,2.63,2.86,2.9,2.9,2.89,,,,,,,,,,,,
79480,New York,00:00.0,00:00.0,02/12/2016,Organic,Scooter / Motorcycle,33.1,67.3,83.3,168.8,261.3,448,100,184,227,499,839,1390,3.02,2.73,2.72,2.96,3.21,3.1,,,,,,,,,,,,
79481,New York,00:00.0,00:00.0,02/12/2016,Offline,Bicycle,11.4,20.8,32.8,42.1,42.1,42.1,17,28,44,61,61,61,1.49,1.35,1.34,1.45,1.45,1.45,,,1,2,2,2,,,0,0,0,0
79482,New York,00:00.0,00:00.0,02/12/2016,Referral,Scooter / Motorcycle,20.9,27.8,27.8,27.8,36.8,36.8,32,43,43,43,62,62,1.53,1.55,1.55,1.55,1.69,1.69,,,,,,,,,,,,
79488,New York,00:00.0,00:00.0,02/12/2016,Digital,Bicycle,17,26.5,50,89.8,115,147.7,35,55,112,198,279,356,2.06,2.07,2.24,2.2,2.43,2.41,,,,,,,,,,,,
79489,New York,00:00.0,00:00.0,01/12/2016,Referral,Bicycle,6.1,12.1,12.1,20.7,31.4,33.4,14,32,32,56,88,95,2.3,2.64,2.64,2.71,2.81,2.84,,,,,,,,,,,,
79493,New York,00:00.0,00:00.0,06/12/2016,Organic,Bicycle,8.2,10.4,22.5,44.5,71.2,71.2,15,22,48,105,182,182,1.83,2.12,2.13,2.36,2.56,2.56,,,,,,,,,,,,
79495,New York,00:00.0,00:00.0,02/12/2016,Organic,Bicycle,9.8,16.2,37.3,66.3,112.1,189.6,22,37,79,137,261,457,2.24,2.28,2.12,2.07,2.33,2.41,,,,,,,,,,,,
79498,New York,00:00.0,00:00.0,03/12/2016,Organic,Bicycle,12.4,25.1,34.4,57.6,63.9,63.9,26,63,92,150,167,167,2.09,2.51,2.67,2.6,2.61,2.61,,,,,,,,,,,,
79500,New York,00:00.0,00:00.0,30/11/2016,Digital,Bicycle,2,2,7.8,25.2,33.3,93.7,0,0,7,25,40,128,0,0,0.9,0.99,1.2,1.37,,,,,,,,,,,,
79506,New York,00:00.0,00:00.0,30/11/2016,Organic,Bicycle,6.8,15.6,18.8,27.2,27.2,27.2,15,31,37,57,57,57,2.2,1.99,1.97,2.1,2.1,2.1,,,,,,,,,,,,
79507,New York,00:00.0,00:00.0,02/12/2016,Digital,Bicycle,24.5,32.6,45.8,45.8,45.8,45.8,45,59,79,79,79,79,1.84,1.81,1.73,1.73,1.73,1.73,,,,,,,,,,,,
79508,New York,00:00.0,00:00.0,02/12/2016,Organic,Bicycle,23.3,37.3,67.5,121.4,121.4,121.4,26,37,64,113,113,113,1.12,0.99,0.95,0.93,0.93,0.93,,,,,,,,,,,,
79510,New York,00:00.0,00:00.0,01/12/2016,Organic,Scooter / Motorcycle,9.3,9.3,14.4,14.4,14.4,14.4,23,23,33,33,33,33,2.48,2.48,2.28,2.28,2.28,2.28,,,,,,,,,,,,
79511,New York,00:00.0,00:00.0,21/02/2017,Digital,Bicycle,6.6,11.7,17.4,28.6,28.7,39.9,13,27,39,61,61,75,1.98,2.31,2.25,2.13,2.12,1.88,,,,,,,,,,,,
79513,New York,00:00.0,00:00.0,03/12/2016,Referral,Bicycle,12.7,24,27.2,63.9,112.2,227.1,25,43,48,133,250,353,1.97,1.79,1.76,2.08,2.23,1.55,,,,1,1,1,,,,0,0,0
79516,New York,00:00.0,00:00.0,30/11/2016,Organic,Bicycle,1.5,1.5,1.5,23.1,23.1,23.1,1,1,1,5,5,5,0.65,0.65,0.65,0.22,0.22,0.22,,,,,,,,,,,,
79519,New York,00:00.0,00:00.0,02/12/2016,Organic,Scooter / Motorcycle,12.8,24.2,51.5,64.9,64.9,64.9,21,43,96,123,123,123,1.65,1.78,1.87,1.9,1.9,1.9,,,,,,,,,,,,
79521,New York,00:00.0,00:00.0,02/12/2016,Offline,Scooter / Motorcycle,20.3,20.3,20.3,20.3,20.3,20.3,26,26,26,26,26,26,1.28,1.28,1.28,1.28,1.28,1.28,,,,,,,,,,,,
79523,New York,00:00.0,00:00.0,01/12/2016,Referral,Bicycle,15,22.4,40.1,50.1,50.1,50.1,28,40,75,98,98,98,1.87,1.78,1.87,1.96,1.96,1.96,,,,,,,,,,,,
79524,New York,00:00.0,00:00.0,02/12/2016,Referral,Bicycle,16,24.2,27.5,27.5,27.5,27.5,32,51,55,55,55,55,2,2.11,2,2,2,2,,,,,,,,,,,,
79525,New York,00:00.0,00:00.0,07/12/2016,Referral,Scooter / Motorcycle,15.7,27.9,52.8,103.8,122,133.6,25,41,82,172,203,217,1.59,1.47,1.55,1.66,1.66,1.62,,,,,,,,,,,,
79529,New York,00:00.0,00:00.0,01/12/2016,Digital,Bicycle,17,26.2,33.3,33.3,33.3,33.3,37,60,78,78,78,78,2.18,2.29,2.34,2.34,2.34,2.34,,,,,,,,,,,,
79533,New York,00:00.0,00:00.0,01/12/2016,Referral,Bicycle,18.3,22.2,22.2,22.2,22.2,22.2,21,27,27,27,27,27,1.15,1.22,1.22,1.22,1.22,1.22,,,,,,,,,,,,
79534,New York,00:00.0,00:00.0,30/11/2016,Organic,Bicycle,7.6,21,44.9,44.9,44.9,44.9,4,19,32,32,32,32,0.52,0.91,0.71,0.71,0.71,0.71,1,2,3,3,3,3,0,0,0,0,0,0
79535,New York,00:00.0,00:00.0,01/12/2016,Digital,Bicycle,15,23.6,32.5,136.6,171,271.3,9,21,22,101,201,360,0.6,0.89,0.68,0.74,1.18,1.33,,,,2,2,2,,,,0,0,0
79536,New York,00:00.0,00:00.0,14/12/2016,Digital,Bicycle,6.2,13.6,26.9,54.4,73.7,83.2,11,28,57,117,160,185,1.77,2.06,2.12,2.15,2.17,2.22,,,,,,,,,,,,
79538,New York,00:00.0,00:00.0,30/11/2016,Organic,Bicycle,6.1,16.1,33.4,72.9,110.5,195.9,13,33,70,152,244,401,2.11,2.05,2.09,2.09,2.21,2.05,,,,,3,5,,,,,0,0
79540,New York,00:00.0,00:00.0,07/12/2016,Referral,Bicycle,2.3,5.5,5.5,5.5,5.5,5.5,2,9,9,9,9,9,0.85,1.64,1.64,1.64,1.64,1.64,,,,,,,,,,,,
79623,New York,00:00.0,00:00.0,05/12/2016,Referral,Scooter / Motorcycle,0.5,14.5,33.7,63.7,102.7,315,1,32,79,162,272,866,1.92,2.2,2.35,2.54,2.65,2.75,,,,,,,,,,,,
79646,New York,00:00.0,00:00.0,10/12/2016,Digital,Scooter / Motorcycle,8.6,8.6,15.6,15.6,15.6,15.6,8,8,15,15,15,15,0.93,0.93,0.96,0.96,0.96,0.96,1,1,1,1,1,1,0,0,0,0,0,0
79649,Rio de Janeiro,00:00.0,00:00.0,02/12/2016,Organic,Bicycle,6.2,10.4,22.2,25.2,27.2,51,10,18,38,45,50,106,1.61,1.72,1.71,1.79,1.84,2.08,,,,,,,,,,,,
79652,New York,00:00.0,00:00.0,04/12/2016,Digital,Scooter / Motorcycle,9.3,21.8,39.2,88.1,107.5,151.8,14,32,51,120,149,239,1.5,1.47,1.3,1.36,1.39,1.57,,,,,,,,,,,,
79654,Rio de Janeiro,00:00.0,00:00.0,08/12/2016,Organic,Bicycle,7.1,7.1,10.3,23.5,23.5,23.5,18,18,29,73,73,73,2.55,2.55,2.8,3.1,3.1,3.1,,,,,,,,,,,,
79656,Rio de Janeiro,00:00.0,00:00.0,06/12/2016,Organic,Bicycle,24.4,49.4,71.7,87.7,135.2,319,35,81,117,152,250,584,1.44,1.64,1.63,1.73,1.85,1.83,,,,,,,,,,,,
79658,Rio de Janeiro,00:00.0,00:00.0,16/12/2016,Organic,Bicycle,25.2,32.3,37.6,90.7,96,96,40,52,65,184,195,195,1.59,1.61,1.73,2.03,2.03,2.03,,,,,,,,,,,,
79659,Rio de Janeiro,00:00.0,00:00.0,03/12/2016,Organic,Bicycle,31.7,55.2,64.7,64.7,64.7,64.7,69,132,151,151,151,151,2.18,2.39,2.33,2.33,2.33,2.33,,,,,,,,,,,,
79660,Rio de Janeiro,00:00.0,00:00.0,05/12/2016,Digital,Bicycle,31.3,59,103.6,179.3,190.3,190.3,83,173,324,569,615,615,2.65,2.93,3.13,3.17,3.23,3.23,,1,2,4,4,4,,0,0,0,0,0
79664,New York,00:00.0,00:00.0,10/12/2016,Referral,Bicycle,18.7,35.6,74.4,92.7,92.7,269.2,44,85,165,211,211,596,2.35,2.39,2.22,2.28,2.28,2.21,,,,,,,,,,,,
79665,Rio de Janeiro,00:00.0,00:00.0,05/12/2016,Organic,Bicycle,6.3,51.6,166.6,314.2,431.3,595.4,16,137,384,737,1068,1487,2.55,2.65,2.3,2.35,2.48,2.5,,1,1,1,1,2,,0,0,0,0,0
79669,Rio de Janeiro,00:00.0,00:00.0,06/12/2016,Organic,Bicycle,23.1,45.2,74.6,101.7,101.7,101.7,62,129,213,302,302,302,2.69,2.86,2.85,2.97,2.97,2.97,,,,,,,,,,,,
79672,Rio de Janeiro,00:00.0,00:00.0,07/12/2016,Referral,Bicycle,18.7,46.2,76.4,76.4,76.4,76.4,32,83,127,127,127,127,1.71,1.8,1.66,1.66,1.66,1.66,,,,,,,,,,,,
79673,Rio de Janeiro,00:00.0,00:00.0,03/12/2016,Organic,Bicycle,39.8,72.7,161.6,298.2,400.4,500.2,111,208,446,840,1140,1388,2.79,2.86,2.76,2.82,2.85,2.77,,,,1,1,1,,,,0,0,0
79675,Rio de Janeiro,00:00.0,00:00.0,05/12/2016,Organic,Bicycle,28.1,60.9,137.5,216.1,268.7,809.2,56,138,282,464,594,1899,1.99,2.26,2.05,2.15,2.21,2.35,,,,,,,,,,,,
79677,New York,00:00.0,00:00.0,06/12/2016,Digital,Bicycle,3.5,3.5,3.5,3.5,3.5,3.5,8,8,8,8,8,8,2.27,2.27,2.27,2.27,2.27,2.27,,,,,,,,,,,,
79680,New York,00:00.0,00:00.0,09/12/2016,Organic,Bicycle,21.1,35.6,57.4,80.8,98,107.8,45,76,122,190,241,263,2.14,2.14,2.13,2.35,2.46,2.44,,,,,,,,,,,,
79682,Rio de Janeiro,00:00.0,00:00.0,03/12/2016,Organic,Bicycle,37.6,37.6,37.6,37.6,37.6,37.6,80,80,80,80,80,80,2.13,2.13,2.13,2.13,2.13,2.13,,,,,,,,,,,,
79685,New York,00:00.0,00:00.0,09/12/2016,Referral,Bicycle,28,45.2,72,122.6,154.9,154.9,49,77,134,219,282,282,1.75,1.7,1.86,1.79,1.82,1.82,,,,,,,,,,,,
79686,Rio de Janeiro,00:00.0,00:00.0,28/12/2016,Organic,Bicycle,12.9,46.4,69.2,69.2,69.2,69.5,27,50,50,50,50,50,2.1,1.08,0.72,0.72,0.72,0.72,,,,,,,,,,,,
79687,Rio de Janeiro,00:00.0,00:00.0,13/12/2016,Organic,Bicycle,5,9.9,15.8,15.8,15.8,15.8,10,21,40,40,40,40,2.02,2.13,2.54,2.54,2.54,2.54,,,,,,,,,,,,
79688,New York,00:00.0,00:00.0,03/12/2016,Referral,Scooter / Motorcycle,47.8,83.8,149.4,227,250.1,250.1,80,163,304,487,543,543,1.68,1.95,2.03,2.15,2.17,2.17,,,,,,,,,,,,
79689,Rio de Janeiro,00:00.0,00:00.0,21/12/2016,Organic,Bicycle,10.2,20.7,23.5,31.9,63.3,92.2,16,40,45,61,124,175,1.57,1.93,1.92,1.91,1.96,1.9,,,,,,,,,,,,
79690,Rio de Janeiro,00:00.0,00:00.0,04/12/2016,Organic,Bicycle,27.8,68.1,124.8,176.7,240,317.7,65,164,288,421,598,823,2.34,2.41,2.31,2.38,2.49,2.59,,,1,1,1,1,,,0,0,0,0
79691,Rio de Janeiro,00:00.0,00:00.0,02/12/2016,Organic,Bicycle,59,84.7,151,194.7,194.7,587.2,58,92,168,240,240,993,0.98,1.09,1.11,1.23,1.23,1.69,,,,,,,,,,,,
79695,Rio de Janeiro,00:00.0,00:00.0,06/12/2016,Organic,Bicycle,6.6,15.9,26.7,41.4,41.4,41.4,9,29,48,70,70,70,1.36,1.82,1.8,1.69,1.69,1.69,,,,,,,,,,,,
79696,Rio de Janeiro,00:00.0,00:00.0,03/01/2017,Referral,Bicycle,19.2,23.1,23.1,23.1,23.1,52.9,29,39,39,39,39,93,1.51,1.69,1.69,1.69,1.69,1.76,,,,,,,,,,,,
79697,Rio de Janeiro,00:00.0,00:00.0,06/12/2016,Organic,Bicycle,15.7,19.4,21.5,72.6,114.3,355.2,26,32,35,140,241,824,1.65,1.65,1.63,1.93,2.11,2.32,,,,,,,,,,,,
79698,Rio de Janeiro,00:00.0,00:00.0,04/12/2016,Organic,Bicycle,2.2,2.2,20.3,42,55.1,83,5,5,54,108,147,229,2.27,2.27,2.65,2.57,2.67,2.76,,,,,1,2,,,,,0,0
79701,Rio de Janeiro,,,02/12/2016,Unknown,Bicycle,11.4,74.5,169.7,367.9,509.2,750.1,30,181,347,748,1108,1676,2.64,2.43,2.04,2.03,2.18,2.23,,,,,,,,,,,,
79705,Rio de Janeiro,00:00.0,00:00.0,03/12/2016,Organic,Bicycle,13.5,30.2,64.7,142.9,213.5,500.7,36,84,184,399,609,1367,2.66,2.78,2.84,2.79,2.85,2.73,2,2,2,2,2,3,0,0,2,2,2,2
79714,New York,00:00.0,00:00.0,09/12/2016,Referral,Bicycle,10.3,18.1,25.2,25.2,25.2,25.2,16,26,37,37,37,37,1.56,1.44,1.47,1.47,1.47,1.47,1,1,1,1,2,2,1,1,1,1,1,1
79719,New York,00:00.0,00:00.0,03/12/2016,Digital,Bicycle,16.9,32.1,57.8,89.2,106.4,107.6,25,50,83,134,166,167,1.48,1.56,1.44,1.5,1.56,1.55,,,,,,,,,,,,
79720,New York,00:00.0,00:00.0,09/12/2016,Digital,Scooter / Motorcycle,55.2,97.4,187.8,352.7,483.9,643.7,81,150,284,599,856,1185,1.47,1.54,1.51,1.7,1.77,1.84,,,,,,1,,,,,,1
79724,New York,00:00.0,00:00.0,09/12/2016,Referral,Bicycle,15.5,34.2,50.6,50.6,50.6,50.6,20,46,76,76,76,76,1.29,1.34,1.5,1.5,1.5,1.5,,,,,,,,,,,,
79726,New York,00:00.0,00:00.0,12/12/2016,Organic,Bicycle,21,38.7,65.9,93.5,93.5,93.5,32,52,91,122,122,122,1.52,1.35,1.38,1.3,1.3,1.3,,,,,,,,,,,,
79729,New York,00:00.0,00:00.0,06/12/2016,Digital,Bicycle,3,3,3,3,3,3,6,6,6,6,6,6,1.98,1.98,1.98,1.98,1.98,1.98,,,,,,,,,,,,
79733,New York,00:00.0,00:00.0,09/12/2016,Digital,Bicycle,74.8,145.4,261.6,536,695.3,941.5,57,102,148,407,602,971,0.76,0.7,0.57,0.76,0.87,1.03,,,,,,2,,,,,,0
79735,New York,00:00.0,00:00.0,03/12/2016,Organic,Bicycle,33.3,49.9,66.1,66.1,66.1,66.1,49,80,108,108,108,108,1.47,1.6,1.63,1.63,1.63,1.63,,,,,,,,,,,,
79738,New York,00:00.0,00:00.0,03/12/2016,Digital,Bicycle,5.2,5.2,5.2,5.2,5.2,5.2,0,0,0,0,0,0,0,0,0,0,0,0,,,,,,,,,,,,
79749,New York,00:00.0,00:00.0,09/12/2016,Digital,Bicycle,6.4,6.4,6.4,6.4,6.4,6.4,8,8,8,8,8,8,1.26,1.26,1.26,1.26,1.26,1.26,,,,,,,,,,,,
79755,New York,00:00.0,00:00.0,08/12/2016,Digital,Bicycle,12.1,33,72.4,167.4,241.2,693.4,20,61,151,379,593,1737,1.66,1.85,2.09,2.26,2.46,2.51,,,,2,2,5,,,,0,0,0
79757,New York,00:00.0,00:00.0,12/12/2016,Referral,Scooter / Motorcycle,23.9,43.7,82.4,136.1,202,421.4,53,104,199,353,543,1098,2.22,2.38,2.41,2.59,2.69,2.61,,,,,,,,,,,,
79763,New York,00:00.0,00:00.0,24/03/2017,Referral,Bicycle,1.2,2.3,10.7,106,358.1,419.1,0,1,7,146,543,622,0,0.43,0.65,1.38,1.52,1.48,,,,,6,7,,,,,0,1
79767,New York,00:00.0,00:00.0,09/12/2016,Digital,Bicycle,18,32.4,39.3,39.6,39.6,39.6,45,75,86,86,86,86,2.5,2.31,2.19,2.17,2.17,2.17,,,,,,,,,,,,
79769,New York,00:00.0,00:00.0,02/12/2016,Offline,Bicycle,0.7,0.7,0.7,0.7,0.7,0.7,0,0,0,0,0,0,0,0,0,0,0,0,,,,,,,,,,,,
79770,New York,00:00.0,00:00.0,09/12/2016,Offline,Bicycle,5.8,5.8,5.8,5.8,5.8,5.8,9,9,9,9,9,9,1.56,1.56,1.56,1.56,1.56,1.56,,,,,,,,,,,,
79773,New York,00:00.0,00:00.0,14/12/2016,Referral,Scooter / Motorcycle,24.6,31.3,59.4,104.3,145.6,200.2,56,69,128,233,348,502,2.28,2.21,2.16,2.23,2.39,2.51,,,,,,,,,,,,
79774,New York,00:00.0,00:00.0,03/12/2016,Digital,Scooter / Motorcycle,43.3,74.9,151,188.1,188.1,188.1,72,129,246,306,306,306,1.66,1.72,1.63,1.63,1.63,1.63,,,,,,,,,,,,
79776,New York,00:00.0,00:00.0,05/12/2016,Organic,Scooter / Motorcycle,9.3,24.1,47.4,79.9,92.8,95.4,26,65,143,258,313,321,2.79,2.7,3.02,3.23,3.37,3.36,1,1,2,2,2,2,0,0,0,0,0,0
79817,Rio de Janeiro,00:00.0,00:00.0,03/12/2016,Organic,Bicycle,39.2,52.1,64.1,64.1,64.1,64.1,71,104,135,135,135,135,1.81,1.99,2.11,2.11,2.11,2.11,,,,,,,,,,,,
79818,Rio de Janeiro,00:00.0,00:00.0,03/12/2016,Organic,Bicycle,32.9,32.9,32.9,32.9,32.9,32.9,44,44,44,44,44,44,1.34,1.34,1.34,1.34,1.34,1.34,,,,,,,,,,,,
79819,Rio de Janeiro,00:00.0,00:00.0,03/12/2016,Organic,Bicycle,2.9,2.9,2.9,2.9,2.9,2.9,2,2,2,2,2,2,0.68,0.68,0.68,0.68,0.68,0.68,,,,,,,,,,,,
79821,Rio de Janeiro,,,10/12/2016,Unknown,Bicycle,23.3,31.8,34.1,34.1,34.1,34.1,35,51,56,56,56,56,1.5,1.6,1.64,1.64,1.64,1.64,,,,,,,,,,,,
79822,Rio de Janeiro,00:00.0,00:00.0,06/12/2016,Organic,Bicycle,26.2,49.2,92.5,115.6,210.6,469.8,73,164,254,324,702,1519,2.78,3.33,2.75,2.8,3.33,3.23,,,,,,,,,,,,
79823,Rio de Janeiro,00:00.0,00:00.0,04/12/2016,Organic,Bicycle,41.6,60.5,126.2,226.5,282.8,282.8,54,78,161,325,422,422,1.3,1.29,1.28,1.44,1.49,1.49,,,,,,,,,,,,
79824,Rio de Janeiro,00:00.0,00:00.0,19/12/2016,Organic,Bicycle,6.6,39.8,99.5,241.4,363.8,974.4,7,73,200,547,843,2326,1.06,1.83,2.01,2.27,2.32,2.39,,,,1,1,2,,,,0,0,0
79825,Rio de Janeiro,00:00.0,00:00.0,04/12/2016,Organic,Bicycle,18.6,34.6,54.5,92.6,110.4,110.4,56,102,161,278,341,341,3.01,2.95,2.96,3,3.09,3.09,,,,,,,,,,,,
79827,Rio de Janeiro,00:00.0,00:00.0,06/12/2016,Organic,Bicycle,8.2,19.9,42.5,92.1,107.6,194,18,45,94,202,243,471,2.21,2.26,2.21,2.19,2.26,2.43,,,,,,,,,,,,
79829,Rio de Janeiro,00:00.0,00:00.0,06/12/2016,Organic,Bicycle,13.4,24.6,42.4,70.4,115.2,115.2,28,53,87,156,279,279,2.09,2.16,2.05,2.22,2.42,2.42,,,,,,,,,,,,
79843,Cape Town,,,04/12/2016,Organic,Bicycle,22.5,37.6,62.7,67.5,67.5,67.5,27,46,81,86,86,86,1.2,1.22,1.29,1.27,1.27,1.27,,,,,,,,,,,,
79845,Cape Town,00:00.0,00:00.0,03/12/2016,Organic,Motor Vehicle,2.3,10.9,20.4,36.5,46.4,46.4,4,21,37,63,88,88,1.75,1.93,1.81,1.72,1.9,1.9,,,,,,,,,,,,
79848,Cape Town,,,07/12/2016,Unknown,Bicycle,27.4,50.8,50.8,50.8,50.8,50.8,42,75,75,75,75,75,1.53,1.48,1.48,1.48,1.48,1.48,,,,,,,,,,,,
79849,Cape Town,00:00.0,00:00.0,06/12/2016,Organic,Motor Vehicle,38.1,85,156.4,355.6,545.4,894.7,74,170,325,771,1217,1984,1.94,2,2.08,2.17,2.23,2.22,,,,,,,,,,,,
79851,Cape Town,00:00.0,00:00.0,04/12/2016,Organic,Bicycle,28.6,47.2,99.6,176.5,210.4,382.6,51,81,185,343,412,607,1.78,1.72,1.86,1.94,1.96,1.59,,,,,,,,,,,,
79857,Cape Town,00:00.0,00:00.0,07/12/2016,Job Platforms,Bicycle,21.1,36.8,60.6,74.2,74.2,74.2,28,47,80,102,102,102,1.33,1.28,1.32,1.37,1.37,1.37,,,,,,,,,,,,
79858,Cape Town,00:00.0,00:00.0,03/12/2016,Organic,Bicycle,30.8,43,104.5,132.4,137.6,137.6,51,71,164,215,225,225,1.65,1.65,1.57,1.62,1.63,1.63,,,,,,,,,,,,
79868,New York,00:00.0,00:00.0,07/12/2016,Organic,Scooter / Motorcycle,12.9,18,38,43.1,43.1,43.1,30,42,85,96,96,96,2.32,2.34,2.24,2.23,2.23,2.23,,,,,,,,,,,,
79882,New York,00:00.0,00:00.0,10/12/2016,Referral,Bicycle,13.1,21.3,37.3,66.5,102.6,184.7,20,34,66,138,233,432,1.53,1.59,1.77,2.08,2.27,2.34,,,,,,,,,,,,
79883,New York,00:00.0,00:00.0,09/12/2016,Referral,Scooter / Motorcycle,29.5,37.2,97.2,170.8,224.6,434.3,68,85,259,475,620,1170,2.31,2.29,2.66,2.78,2.76,2.69,,,,,,1,,,,,,1
79885,New York,00:00.0,00:00.0,09/12/2016,Offline,Bicycle,17.5,51.4,129.3,265.2,369.9,582.2,27,74,244,590,900,1327,1.54,1.44,1.89,2.23,2.43,2.28,,,,,,,,,,,,
79887,New York,00:00.0,00:00.0,13/12/2016,Organic,Bicycle,6.1,10,10,10,10,11.1,12,20,20,20,20,21,1.98,2,2,2,2,1.9,1,1,1,1,1,1,0,0,1,1,1,1
79889,New York,00:00.0,00:00.0,09/12/2016,Referral,Scooter / Motorcycle,45.8,85.1,159.3,308.4,376,580.8,96,189,383,760,974,1506,2.1,2.22,2.4,2.46,2.59,2.59,,,,,,,,,,,,
79890,New York,00:00.0,00:00.0,13/12/2016,Digital,Bicycle,14.2,16.3,16.3,23.5,27.5,35,27,27,27,42,50,67,1.91,1.66,1.66,1.79,1.82,1.91,,,,,,1,,,,,,0
79891,New York,00:00.0,00:00.0,06/12/2016,Organic,Bicycle,0.4,0.4,0.4,0.4,0.4,0.4,0,0,0,0,0,0,0,0,0,0,0,0,,,,,,,,,,,,
79895,New York,00:00.0,00:00.0,09/12/2016,Referral,Bicycle,28.8,48.6,57,83.8,83.8,83.8,44,50,65,114,114,114,1.53,1.03,1.14,1.36,1.36,1.36,,,,,,,,,,,,
79900,Rio de Janeiro,00:00.0,00:00.0,18/12/2016,Organic,Bicycle,3.3,3.3,3.3,3.3,3.3,3.3,2,2,2,2,2,2,0.61,0.61,0.61,0.61,0.61,0.61,1,1,1,1,1,1,0,0,0,0,0,0
79902,Rio de Janeiro,00:00.0,00:00.0,05/12/2016,Referral,Bicycle,12.6,16.4,37,65,99.5,117.5,22,30,68,132,220,267,1.75,1.83,1.84,2.03,2.21,2.27,,,,,,,,,,,,
79903,Rio de Janeiro,00:00.0,00:00.0,05/12/2016,Organic,Bicycle,46.4,73.8,140.2,240.7,326.5,572.2,114,184,324,558,851,1643,2.46,2.49,2.31,2.32,2.61,2.87,,,,,,,,,,,,
79904,Rio de Janeiro,00:00.0,00:00.0,07/12/2016,Referral,Bicycle,40.7,50.4,113.8,263.2,417.5,507.5,79,104,261,757,1269,1541,1.94,2.06,2.29,2.88,3.04,3.04,,,,,,,,,,,,
79905,Rio de Janeiro,00:00.0,00:00.0,06/12/2016,Offline,Bicycle,17.7,25,39.2,62.9,79.4,146.9,36,56,85,142,184,370,2.04,2.24,2.17,2.26,2.32,2.52,,,,,,1,,,,,,0
79907,Rio de Janeiro,00:00.0,00:00.0,05/12/2016,Organic,Bicycle,17.3,23.2,37.8,71.5,103.4,162.7,28,39,67,127,196,302,1.62,1.68,1.77,1.78,1.9,1.86,,,1,1,1,1,,,0,0,0,0
79908,Rio de Janeiro,00:00.0,00:00.0,05/12/2016,Organic,Bicycle,29.7,44.3,48.9,72.4,80.7,89,43,69,77,127,143,155,1.45,1.56,1.58,1.75,1.77,1.74,,,,,,,,,,,,
79910,Rio de Janeiro,00:00.0,00:00.0,06/12/2016,Organic,Bicycle,21.9,52.4,90.4,153.1,208,324.6,61,149,238,365,505,790,2.78,2.84,2.63,2.38,2.43,2.43,,,,,,,,,,,,
79911,Rio de Janeiro,00:00.0,00:00.0,16/12/2016,Organic,Bicycle,25.3,44,63.4,88.2,96.9,98.5,45,75,117,188,206,209,1.78,1.7,1.84,2.13,2.12,2.12,,,,,,,,,,,,
79913,Rio de Janeiro,00:00.0,00:00.0,07/12/2016,Organic,Bicycle,13,15.9,28,34.2,43.6,57.9,18,20,43,58,83,106,1.39,1.26,1.54,1.69,1.9,1.83,,,,,,,,,,,,
79914,New York,,,13/12/2016,Unknown,Scooter / Motorcycle,20.2,38,70.6,112.4,276.1,938.3,34,63,125,206,320,764,1.68,1.66,1.77,1.83,1.16,0.81,,,,,1,1,,,,,0,0
79915,Rio de Janeiro,00:00.0,00:00.0,19/12/2016,Organic,Bicycle,28.2,34.5,50.6,50.6,50.6,50.6,57,72,101,101,101,101,2.02,2.08,1.99,1.99,1.99,1.99,,1,1,1,1,1,,0,0,0,0,0
79922,New York,00:00.0,00:00.0,14/12/2016,Organic,Bicycle,21.2,43.4,65,138.5,163.1,163.1,32,46,64,166,198,198,1.51,1.06,0.98,1.2,1.21,1.21,10,14,25,36,36,37,0,0,0,1,3,3
79928,New York,00:00.0,00:00.0,04/12/2016,Referral,Scooter / Motorcycle,43.3,75.6,88.2,214.7,250.4,553.4,44,71,85,270,347,840,1.02,0.94,0.96,1.26,1.39,1.52,,,,,,,,,,,,
79929,New York,00:00.0,00:00.0,09/12/2016,Referral,Scooter / Motorcycle,53.3,99.4,191.1,357,357,357,158,284,597,1131,1131,1131,2.97,2.86,3.12,3.17,3.17,3.17,,,,,,,,,,,,
79931,New York,00:00.0,00:00.0,09/12/2016,Organic,Bicycle,25,50.7,96.4,165.6,180.7,214.1,71,132,262,464,515,628,2.84,2.61,2.72,2.8,2.85,2.93,,,,1,1,1,,,,0,0,0
79933,Rio de Janeiro,00:00.0,00:00.0,04/12/2016,Organic,Bicycle,49,95.1,192.8,377.8,579.4,1117.8,109,230,431,852,1431,2847,2.22,2.42,2.24,2.25,2.47,2.55,,,,,,,,,,,,
79934,New York,00:00.0,00:00.0,13/12/2016,Digital,Bicycle,0.4,0.4,3.7,26.5,26.5,26.5,0,0,9,87,87,87,0,0,2.44,3.28,3.28,3.28,,,,,,,,,,,,
79935,New York,00:00.0,00:00.0,15/12/2016,Organic,Bicycle,12.1,21.3,40.2,64.2,85.7,85.7,16,33,60,107,140,140,1.32,1.55,1.49,1.67,1.63,1.63,,,,,,,,,,,,
79936,Rio de Janeiro,,,05/12/2016,Organic,Bicycle,26.1,34.7,50.9,133.4,245.8,376.7,50,65,95,313,630,966,1.92,1.87,1.87,2.35,2.56,2.56,,,,,,,,,,,,
79937,Rio de Janeiro,,,11/12/2016,Unknown,Bicycle,39.8,67.3,111.5,172.2,225.5,297.8,67,106,183,315,466,638,1.68,1.57,1.64,1.83,2.07,2.14,,,,,,,,,,,,
79940,Rio de Janeiro,00:00.0,00:00.0,04/12/2016,Organic,Bicycle,20.7,43.9,90,115.4,171.6,473.8,48,107,234,294,488,1422,2.32,2.44,2.6,2.55,2.84,3,,,,,,,,,,,,
79941,Rio de Janeiro,00:00.0,00:00.0,13/12/2016,Organic,Bicycle,38.2,57.1,120.3,257.8,405.6,801.6,100,130,257,632,1080,2208,2.62,2.27,2.14,2.45,2.66,2.75,1,2,2,2,3,6,0,0,0,0,0,1
79942,Rio de Janeiro,00:00.0,00:00.0,05/12/2016,Organic,Bicycle,8.6,22.6,44.4,87.2,87.2,87.2,20,54,111,230,230,230,2.32,2.39,2.5,2.64,2.64,2.64,,,,,,,,,,,,
79943,Rio de Janeiro,00:00.0,00:00.0,07/12/2016,Organic,Bicycle,12.8,22,34,52.6,52.6,52.6,26,44,70,114,114,114,2.02,2,2.06,2.17,2.17,2.17,,1,1,1,1,1,,0,0,0,0,0
79945,Rio de Janeiro,00:00.0,00:00.0,27/12/2016,Organic,Bicycle,4.5,4.5,4.5,4.5,4.5,4.5,7,7,7,7,7,7,1.56,1.56,1.56,1.56,1.56,1.56,,,,,,,,,,,,
79946,Rio de Janeiro,00:00.0,00:00.0,07/12/2016,Organic,Bicycle,16.8,36.9,80.4,160.1,234.9,425.1,39,96,221,454,694,1241,2.31,2.6,2.75,2.84,2.95,2.92,,,,,,,,,,,,
79947,Rio de Janeiro,00:00.0,00:00.0,16/12/2016,Organic,Scooter / Motorcycle,18.3,40.3,70.2,153.3,203.5,240.8,54,118,199,453,574,673,2.96,2.93,2.84,2.95,2.82,2.8,,,,,,,,,,,,
79949,Rio de Janeiro,00:00.0,00:00.0,05/12/2016,Organic,Bicycle,23,37.1,53.5,56,56,56,52,90,125,131,131,131,2.26,2.43,2.33,2.34,2.34,2.34,,,,,,,,,,,,
79951,Rio de Janeiro,00:00.0,00:00.0,08/12/2016,Organic,Bicycle,9.1,12.1,28.5,56.7,67.8,83.6,23,30,63,143,170,212,2.51,2.47,2.21,2.52,2.51,2.54,,,,,,,,,,,,
79952,New York,00:00.0,00:00.0,10/12/2016,Organic,Scooter / Motorcycle,46.5,89.5,139.8,139.8,139.8,139.8,84,177,289,289,289,289,1.81,1.98,2.07,2.07,2.07,2.07,,,,,,,,,,,,
79958,New York,00:00.0,00:00.0,03/12/2016,Referral,Scooter / Motorcycle,3,13.2,35.4,73.3,90.4,148.6,3,21,63,153,177,261,1,1.6,1.78,2.09,1.96,1.76,,,,,,,,,,,,
79961,New York,00:00.0,00:00.0,18/12/2016,Referral,Bicycle,18.8,25.1,39.2,39.2,39.2,39.2,11,21,29,29,29,29,0.58,0.84,0.74,0.74,0.74,0.74,,,,,,,,,,,,
79972,New York,00:00.0,00:00.0,09/12/2016,Organic,Scooter / Motorcycle,0.4,0.4,0.4,0.4,0.4,0.4,0,0,0,0,0,0,0,0,0,0,0,0,,,,,,,,,,,,
79979,New York,00:00.0,00:00.0,24/03/2017,Referral,Scooter / Motorcycle,17.2,32.3,51.2,78.9,87,322.5,66,124,189,289,318,871,3.84,3.84,3.69,3.66,3.65,2.7,1,1,1,1,1,1,0,0,1,1,1,1
79981,New York,00:00.0,00:00.0,03/12/2016,Organic,Bicycle,13.5,15.6,33,51.4,78.5,87.3,18,20,50,81,137,150,1.33,1.28,1.52,1.58,1.74,1.72,,,2,2,2,2,,,0,0,0,0
79985,New York,00:00.0,00:00.0,04/12/2016,Organic,Bicycle,6.4,10,10,10,10,10,13,21,21,21,21,21,2.02,2.1,2.1,2.1,2.1,2.1,,,,,,,,,,,,
79994,New York,00:00.0,00:00.0,14/12/2016,Referral,Bicycle,12.5,17.4,26.9,29.7,33.7,40.3,26,32,51,56,64,74,2.08,1.84,1.89,1.89,1.9,1.83,,,,,,,,,,,,
80005,New York,00:00.0,00:00.0,22/12/2016,Referral,Scooter / Motorcycle,1.5,1.5,1.5,1.5,79.3,226.3,0,0,0,0,336,838,0,0,0,0,4.24,3.7,,,,,,1,,,,,,1
80009,New York,00:00.0,00:00.0,05/12/2016,Offline,Bicycle,0.9,0.9,0.9,0.9,0.9,0.9,0,0,0,0,0,0,0,0,0,0,0,0,,,,,,,,,,,,
80012,New York,00:00.0,00:00.0,20/12/2016,Organic,Bicycle,14.8,22,43.5,79.4,103.1,157.1,22,35,59,108,159,278,1.49,1.59,1.36,1.36,1.54,1.77,,,,,,,,,,,,
80018,New York,00:00.0,00:00.0,10/12/2016,Digital,Scooter / Motorcycle,1.8,1.8,1.8,7.8,7.8,26.2,4,4,4,22,22,75,2.22,2.22,2.22,2.81,2.81,2.87,,,,,,,,,,,,
80027,New York,00:00.0,00:00.0,13/12/2016,Referral,Bicycle,14.7,19,19,19,19,19,18,25,25,25,25,25,1.22,1.32,1.32,1.32,1.32,1.32,,,,,,,,,,,,
80028,New York,00:00.0,00:00.0,09/12/2016,Offline,Bicycle,11.3,11.3,11.3,15.4,27.5,55.1,8,8,8,17,40,80,0.71,0.71,0.71,1.1,1.45,1.45,,,1,1,2,3,,,0,0,0,0
80029,New York,00:00.0,00:00.0,06/12/2016,Digital,Bicycle,22.1,38,66.2,85.4,85.4,85.4,48,86,145,190,190,190,2.18,2.26,2.19,2.23,2.23,2.23,,,,,,,,,,,,
80030,New York,00:00.0,00:00.0,17/12/2016,Organic,Bicycle,10.2,14.9,24.3,24.3,24.3,28,24,38,62,62,62,68,2.35,2.55,2.55,2.55,2.55,2.43,,,,,,,,,,,,
80032,New York,00:00.0,00:00.0,06/12/2016,Referral,Scooter / Motorcycle,77.1,144.1,272.5,434.3,579.8,712.3,45,90,206,339,552,755,0.58,0.62,0.76,0.78,0.95,1.06,,,,,,,,,,,,
80037,New York,00:00.0,00:00.0,15/12/2016,Referral,Bicycle,48.3,95.9,192.9,342.1,462.9,553.9,32,51,138,384,657,804,0.66,0.53,0.72,1.12,1.42,1.45,,,,,,,,,,,,
80047,New York,00:00.0,00:00.0,03/12/2016,Referral,Scooter / Motorcycle,23.5,46.6,58,58,58,58,33,66,80,80,80,80,1.4,1.42,1.38,1.38,1.38,1.38,,,,,,,,,,,,
80050,New York,00:00.0,00:00.0,16/12/2016,Organic,Bicycle,22.3,37.4,74.5,138.2,180.7,199.9,33,60,132,257,352,381,1.48,1.61,1.77,1.86,1.95,1.91,,,,,,,,,,,,
80055,New York,00:00.0,00:00.0,12/12/2016,Organic,Bicycle,12.4,18.3,21.7,38.8,40.9,45.9,25,34,40,82,89,102,2.02,1.85,1.84,2.11,2.17,2.22,,,,1,1,1,,,,0,0,0
80118,Rio de Janeiro,00:00.0,00:00.0,04/12/2016,Organic,Bicycle,31.2,51.6,92.8,126.5,238.2,333.6,68,124,231,313,658,928,2.18,2.41,2.49,2.47,2.76,2.78,,,,,,,,,,,,
80125,Rio de Janeiro,00:00.0,00:00.0,15/12/2016,Referral,Bicycle,11.1,15.8,15.8,15.8,15.8,100.4,18,28,28,28,28,230,1.62,1.78,1.78,1.78,1.78,2.29,,,,,,,,,,,,
80128,Rio de Janeiro,,,17/12/2016,Unknown,Scooter / Motorcycle,13.1,25.3,33.9,63,86.9,90.1,13,32,53,116,172,182,0.99,1.26,1.56,1.84,1.98,2.02,,,,,,,,,,,,
80129,Rio de Janeiro,00:00.0,00:00.0,05/12/2016,Organic,Bicycle,30.5,53.8,108.3,227.4,286.2,490.7,81,154,306,691,902,1600,2.66,2.86,2.83,3.04,3.15,3.26,,,,,1,1,,,,,0,0
80130,Rio de Janeiro,00:00.0,00:00.0,11/12/2016,Organic,Bicycle,38.2,68.3,101.3,145,179.7,329,95,155,236,362,457,835,2.49,2.27,2.33,2.5,2.54,2.54,,,,,,,,,,,,
80131,Rio de Janeiro,00:00.0,00:00.0,06/12/2016,Organic,Bicycle,13.3,27.8,54.9,129.2,170.4,351.3,36,79,147,332,445,925,2.7,2.84,2.68,2.57,2.61,2.63,,,,,,3,,,,,,0
80134,Cape Town,00:00.0,00:00.0,10/12/2016,Organic,Bicycle,16.2,22.6,35.5,60.6,85.5,114,39,50,88,158,217,290,2.4,2.21,2.48,2.61,2.54,2.54,,,,,,1,,,,,,0
80135,Cape Town,00:00.0,00:00.0,05/12/2016,Job Platforms,Motor Vehicle,34.1,62.6,127.4,216.5,286.7,560.4,53,104,222,427,603,1285,1.55,1.66,1.74,1.97,2.1,2.29,,,,,,,,,,,,
80138,Cape Town,00:00.0,00:00.0,08/12/2016,Organic,Bicycle,15.2,23.4,23.4,23.4,23.4,23.4,24,39,39,39,39,39,1.57,1.67,1.67,1.67,1.67,1.67,,,,,,,,,,,,
80141,Cape Town,00:00.0,00:00.0,11/12/2016,Organic,Bicycle,10.7,10.7,10.7,13.7,30.8,30.8,15,15,15,21,50,50,1.4,1.4,1.4,1.53,1.63,1.63,,,,,,,,,,,,
80142,Cape Town,00:00.0,00:00.0,04/12/2016,Organic,Bicycle,26.7,41.1,58,77,79.1,79.1,45,75,106,149,154,154,1.68,1.82,1.83,1.93,1.95,1.95,,,,,,,,,,,,
80143,Cape Town,00:00.0,00:00.0,05/12/2016,Organic,Bicycle,22,48.2,89.8,181.9,202.6,202.6,43,100,204,424,479,479,1.96,2.08,2.27,2.33,2.36,2.36,,,,,,,,,,,,
80161,Rio de Janeiro,00:00.0,00:00.0,04/12/2016,Organic,Bicycle,19.9,25.6,88,186.5,242.1,324.1,33,43,173,404,558,729,1.66,1.68,1.96,2.17,2.3,2.25,,,,,,,,,,,,
80165,Rio de Janeiro,00:00.0,00:00.0,18/12/2016,Organic,Bicycle,10.2,10.2,10.2,10.2,10.2,12.2,17,17,17,17,17,21,1.66,1.66,1.66,1.66,1.66,1.73,,,,,,,,,,,,
80246,New York,00:00.0,00:00.0,17/02/2017,Organic,Bicycle,18.1,34,63.1,138.1,263,477.4,41,75,148,268,497,825,2.26,2.21,2.34,1.94,1.89,1.73,,,,,,1,,,,,,0
80252,New York,00:00.0,00:00.0,14/12/2016,Organic,Bicycle,18.1,22.6,42.8,65.4,78,123.7,21,21,25,36,45,96,1.16,0.93,0.58,0.55,0.58,0.78,,,,,,,,,,,,
80265,New York,00:00.0,00:00.0,13/12/2016,Organic,Scooter / Motorcycle,8.3,16.6,30.8,36.3,36.5,36.5,18,34,64,79,79,79,2.18,2.05,2.08,2.18,2.17,2.17,,,,,,,,,,,,
80274,New York,,,05/12/2016,Unknown,Scooter / Motorcycle,11.7,14.2,118.9,398.9,682.7,1474.6,23,23,63,237,505,1559,1.96,1.62,0.53,0.59,0.74,1.06,,,,,,,,,,,,
80292,New York,00:00.0,00:00.0,12/12/2016,Organic,Bicycle,10.4,19.4,31.8,35.6,35.6,35.6,13,26,38,39,39,39,1.25,1.34,1.19,1.09,1.09,1.09,,,,,,,,,,,,
80306,New York,00:00.0,00:00.0,07/12/2016,Referral,Bicycle,12.7,12.7,12.7,12.7,12.7,12.7,27,27,27,27,27,27,2.13,2.13,2.13,2.13,2.13,2.13,,,,,,,,,,,,
80308,New York,00:00.0,00:00.0,06/12/2016,Referral,Scooter / Motorcycle,3.7,3.7,8.9,8.9,8.9,8.9,7,7,18,18,18,18,1.87,1.87,2.02,2.02,2.02,2.02,,,,,,,,,,,,
80311,New York,00:00.0,00:00.0,09/12/2016,Organic,Scooter / Motorcycle,48.7,89.7,157.4,278.6,393.5,648.4,109,203,390,727,1087,1863,2.24,2.26,2.48,2.61,2.76,2.87,,,,,,1,,,,,,0
80317,New York,00:00.0,00:00.0,08/12/2016,Referral,Scooter / Motorcycle,79.5,155.1,295.9,545.7,602.5,1342.7,23,47,138,300,360,1095,0.29,0.3,0.47,0.55,0.6,0.82,,,,,,,,,,,,
80340,New York,00:00.0,00:00.0,05/12/2016,Digital,Bicycle,4.3,4.3,9,9,9,9,9,9,18,18,18,18,2.08,2.08,2,2,2,2,,,,,,,,,,,,
80345,New York,00:00.0,00:00.0,13/12/2016,Referral,Bicycle,12.3,35.4,43.3,66.4,66.4,66.4,24,70,93,162,162,162,1.96,1.97,2.15,2.44,2.44,2.44,,,,,,,,,,,,
80350,New York,00:00.0,00:00.0,13/12/2016,Referral,Bicycle,7,7,7,7,7,7,12,12,12,12,12,12,1.71,1.71,1.71,1.71,1.71,1.71,,,,,,,,,,,,
80353,New York,00:00.0,00:00.0,09/12/2016,Offline,Bicycle,15.5,18.5,33.8,45.6,45.6,45.6,19,23,46,68,68,68,1.23,1.24,1.36,1.49,1.49,1.49,,,,,,,,,,,,
80358,New York,00:00.0,00:00.0,10/12/2016,Organic,Bicycle,1.7,1.7,1.7,1.7,1.7,1.7,1,1,1,1,1,1,0.6,0.57,0.57,0.57,0.57,0.57,,,,,,,,,,,,
80362,New York,00:00.0,00:00.0,11/12/2016,Organic,Bicycle,27.2,35.4,66.4,129.5,181.3,339.9,54,68,137,313,471,843,1.99,1.92,2.06,2.42,2.6,2.48,,,,,,3,,,,,,0
80367,New York,00:00.0,00:00.0,09/12/2016,Referral,Scooter / Motorcycle,28.7,51.9,79,132.2,208.9,567.8,68,127,197,348,582,1549,2.37,2.45,2.49,2.63,2.79,2.73,,,,,,,,,,,,
80374,New York,,,22/12/2016,Unknown,Bicycle,11.9,20,26.2,26.2,26.2,30.4,11,23,33,33,33,44,0.92,1.15,1.26,1.26,1.26,1.45,,,,,,,,,,,,
80376,New York,00:00.0,00:00.0,06/12/2016,Referral,Bicycle,13.6,21.6,21.6,21.6,21.6,21.6,22,39,39,39,39,39,1.62,1.81,1.81,1.81,1.81,1.81,,,,,,,,,,,,
80377,New York,00:00.0,00:00.0,06/12/2016,Digital,Bicycle,11.1,11.1,11.1,11.1,11.1,11.1,29,29,29,29,29,29,2.62,2.62,2.62,2.62,2.62,2.62,,,,,,,,,,,,
80378,New York,00:00.0,00:00.0,09/12/2016,Referral,Scooter / Motorcycle,44,85.9,159,297.7,424.6,488.6,83,170,331,668,972,1110,1.89,1.98,2.08,2.24,2.29,2.27,,,1,1,2,2,,,0,0,0,1
80390,New York,00:00.0,00:00.0,10/12/2016,Digital,Bicycle,9.2,19.8,46.4,71.1,103.9,140.2,8,12,16,31,40,76,0.87,0.61,0.34,0.44,0.39,0.54,,,,,,,,,,,,
80396,New York,00:00.0,00:00.0,09/12/2016,Digital,Bicycle,32.3,38.9,44.5,44.5,44.5,44.5,8,8,8,8,8,8,0.25,0.21,0.18,0.18,0.18,0.18,,,,,,,,,,,,
80397,New York,00:00.0,00:00.0,27/12/2016,Organic,Bicycle,27.1,38.5,54.1,71.9,90.8,90.8,38,63,90,125,150,150,1.4,1.64,1.66,1.74,1.65,1.65,1,2,2,2,5,5,0,0,0,1,1,1
80399,New York,00:00.0,00:00.0,12/12/2016,Organic,Bicycle,19.1,25.5,37.6,48.2,48.2,59.9,4,5,5,5,5,7,0.21,0.2,0.13,0.1,0.1,0.12,,,,,,,,,,,,
80400,New York,00:00.0,00:00.0,13/12/2016,Referral,Bicycle,9.6,16.4,27.2,46.1,63.8,83.9,7,10,11,26,52,76,0.73,0.61,0.4,0.56,0.81,0.91,,,,,1,1,,,,,0,0
80401,New York,00:00.0,00:00.0,06/12/2016,Organic,Bicycle,24.2,29.5,42.1,93.4,119.7,119.7,29,32,52,98,152,152,1.2,1.08,1.23,1.05,1.27,1.27,,,,,,,,,,,,
80402,New York,00:00.0,00:00.0,10/12/2016,Job Platforms,Bicycle,22.6,30.6,37.7,37.7,37.7,37.7,18,18,20,20,20,20,0.79,0.59,0.53,0.53,0.53,0.53,,,,,,,,,,,,
80403,New York,00:00.0,00:00.0,07/12/2016,Referral,Bicycle,36.8,51,91.1,163.5,211,362.1,57,80,139,246,355,665,1.55,1.57,1.53,1.5,1.68,1.84,,,,,,,,,,,,
80404,New York,00:00.0,00:00.0,07/12/2016,Referral,Scooter / Motorcycle,12,29.3,47.5,47.5,47.5,47.5,24,55,88,88,88,88,2,1.88,1.85,1.85,1.85,1.85,,,,,,,,,,,,
80405,New York,00:00.0,00:00.0,06/12/2016,Referral,Scooter / Motorcycle,34.5,55,68.4,68.4,68.4,68.4,36,59,75,75,75,75,1.04,1.07,1.1,1.1,1.1,1.1,,,,,,,,,,,,
80406,New York,00:00.0,00:00.0,09/12/2016,Digital,Bicycle,18.6,34.7,59.9,71.7,71.7,71.7,33,60,108,134,134,134,1.77,1.73,1.8,1.87,1.87,1.87,,,,,,,,,,,,
80407,New York,00:00.0,00:00.0,09/12/2016,Organic,Scooter / Motorcycle,41.1,69.6,134.1,201.1,277.7,384.9,76,126,263,418,620,842,1.85,1.81,1.96,2.08,2.23,2.19,,,,,,,,,,,,
80408,New York,00:00.0,00:00.0,10/12/2016,Referral,Scooter / Motorcycle,44.4,79.5,145.4,257.3,310.5,322.4,76,136,269,465,590,613,1.71,1.71,1.85,1.81,1.9,1.9,,,,,,,,,,,,
80409,New York,00:00.0,00:00.0,10/12/2016,Referral,Bicycle,1.6,7.5,7.5,11.1,11.1,13.7,3,6,6,6,6,6,1.83,0.8,0.8,0.54,0.54,0.44,,,,,,,,,,,,
80454,Rio de Janeiro,00:00.0,00:00.0,06/12/2016,Organic,Bicycle,47.5,79.5,95.2,95.2,108.4,108.4,66,121,150,150,172,172,1.39,1.52,1.58,1.57,1.59,1.59,,,,,,,,,,,,
80455,Rio de Janeiro,00:00.0,00:00.0,07/12/2016,Organic,Bicycle,10.6,17,26,30.2,30.2,30.2,23,37,56,68,68,68,2.18,2.18,2.16,2.25,2.25,2.25,,,,,,,,,,,,
80457,Cape Town,00:00.0,00:00.0,08/12/2016,Digital,Bicycle,26.9,50.4,50.4,107.5,146.8,370.2,49,95,95,227,315,786,1.82,1.89,1.89,2.11,2.15,2.12,,,,,,,,,,,,
80458,Cape Town,00:00.0,00:00.0,08/12/2016,Organic,Bicycle,42.8,78.4,125.8,215.9,264.1,369.6,73,137,238,442,546,782,1.71,1.75,1.89,2.05,2.07,2.12,,,,,,,,,,,,
80459,Cape Town,00:00.0,00:00.0,07/12/2016,Organic,Bicycle,20.8,50.6,90,165.7,211.9,260.5,46,114,204,385,512,626,2.21,2.25,2.27,2.32,2.42,2.4,,,,,,1,,,,,,0
80461,Cape Town,00:00.0,00:00.0,06/12/2016,Organic,Bicycle,19.7,39.9,56.8,96.8,149.8,266.2,33,66,98,178,298,570,1.68,1.65,1.72,1.84,1.99,2.14,,,,,,,,,,,,
80462,Cape Town,00:00.0,00:00.0,06/12/2016,Digital,Bicycle,13.3,27.3,48.6,92.8,128.9,232.9,20,47,98,182,255,424,1.5,1.72,2.02,1.96,1.98,1.82,,,,,,,,,,,,
80463,Rio de Janeiro,00:00.0,00:00.0,05/12/2016,Organic,Bicycle,24.5,42.4,78.4,122.4,177.7,424.6,52,101,167,269,442,1219,2.12,2.38,2.13,2.2,2.49,2.87,,,,,,,,,,,,
80464,Cape Town,00:00.0,00:00.0,06/12/2016,Organic,Bicycle,25.7,40.6,75.1,161.9,208.9,369.3,50,75,141,322,430,828,1.95,1.85,1.88,1.99,2.06,2.24,,,,,,,,,,,,
80466,Cape Town,00:00.0,00:00.0,05/12/2016,Job Platforms,Bicycle,10,24.1,47.4,98.4,159.4,345.3,8,27,59,146,272,636,0.8,1.12,1.25,1.48,1.71,1.84,,,,,,8,,,,,,0
80467,Rio de Janeiro,00:00.0,00:00.0,06/12/2016,Organic,Bicycle,18.1,24.6,24.6,24.6,24.6,24.6,30,44,44,44,44,44,1.66,1.79,1.79,1.79,1.79,1.79,,,,,,,,,,,,
80468,Cape Town,00:00.0,00:00.0,07/12/2016,Referral,Bicycle,23.9,43.6,84.9,175.8,256.8,442.1,34,62,132,271,414,722,1.42,1.42,1.55,1.54,1.61,1.63,,,,,,,,,,,,
80469,Cape Town,00:00.0,00:00.0,08/12/2016,Referral,Bicycle,17.3,37.1,73.4,120,160.4,253.3,31,66,135,229,315,503,1.79,1.78,1.84,1.91,1.96,1.99,,,,,,,,,,,,
80470,Cape Town,00:00.0,00:00.0,06/12/2016,Offline,Bicycle,17.8,36.4,71.6,123.5,187.4,359.7,23,53,120,225,384,812,1.29,1.46,1.68,1.82,2.05,2.26,,,,,,,,,,,,
80471,Cape Town,00:00.0,00:00.0,07/12/2016,Job Platforms,Bicycle,16.2,33.8,65.6,86.7,135.7,232.5,18,39,74,98,169,288,1.11,1.15,1.13,1.13,1.25,1.24,,,,,,,,,,,,
80473,Cape Town,00:00.0,00:00.0,06/12/2016,Digital,Bicycle,36.5,64.9,115,131.7,131.7,131.7,54,96,173,202,202,202,1.48,1.48,1.5,1.53,1.53,1.53,,,,,,,,,,,,
80474,Cape Town,00:00.0,00:00.0,06/12/2016,Organic,Bicycle,23.8,48,91.9,155.7,216.7,279.2,50,93,187,353,520,670,2.1,1.94,2.03,2.27,2.4,2.4,,,,,,,,,,,,
80475,Rio de Janeiro,00:00.0,00:00.0,12/12/2016,Organic,Scooter / Motorcycle,23.2,38.3,45.5,80.9,96.2,331.9,67,105,130,237,292,975,2.89,2.74,2.85,2.93,3.03,2.94,,,,,,,,,,,,
80476,Cape Town,00:00.0,00:00.0,06/12/2016,Organic,Bicycle,18.4,43.2,69.1,126.1,179.9,229.3,31,75,129,257,385,482,1.69,1.73,1.87,2.04,2.14,2.1,,,,,,,,,,,,
80477,Cape Town,00:00.0,00:00.0,08/12/2016,Organic,Bicycle,15.8,35.3,70.3,123.7,178.7,256.9,26,51,100,188,273,367,1.64,1.44,1.42,1.52,1.53,1.43,,,,,,,,,,,,
80520,New York,00:00.0,00:00.0,09/12/2016,Referral,Scooter / Motorcycle,25.1,55.7,85.7,105.1,105.1,105.1,34,54,94,125,125,125,1.36,0.97,1.1,1.19,1.19,1.19,,,,,,,,,,,,
80523,New York,00:00.0,00:00.0,05/12/2016,Offline,Bicycle,20.1,33.8,71.6,145,174.4,241.2,9,16,22,45,64,126,0.45,0.47,0.31,0.31,0.37,0.52,,,,,,,,,,,,
80566,New York,00:00.0,00:00.0,13/12/2016,Digital,Bicycle,14.3,20.6,36.1,36.6,36.6,36.6,20,31,60,60,60,60,1.4,1.5,1.66,1.64,1.64,1.64,,,,,,,,,,,,
80567,New York,00:00.0,00:00.0,05/12/2016,Referral,Bicycle,31.7,53,76.8,131.9,169.7,227.4,15,21,29,63,113,149,0.47,0.4,0.38,0.48,0.67,0.66,,,,,,,,,,,,
80570,New York,00:00.0,00:00.0,06/12/2016,Referral,Bicycle,0.9,0.9,0.9,0.9,0.9,0.9,0,0,0,0,0,0,0,0,0,0,0,0,,,,,,,,,,,,
80578,New York,00:00.0,00:00.0,13/12/2016,Referral,Bicycle,3.9,3.9,4.1,4.1,4.1,4.1,7,7,7,7,7,7,1.79,1.79,1.71,1.71,1.71,1.71,,,,,,,,,,,,
80598,New York,00:00.0,00:00.0,10/12/2016,Organic,Bicycle,21.2,29.6,48.8,80.2,86.4,168.7,53,73,120,181,199,411,2.51,2.47,2.46,2.26,2.3,2.44,2,3,4,9,10,10,0,0,0,0,0,0
80611,New York,00:00.0,00:00.0,15/12/2016,Digital,Bicycle,2.7,2.7,2.7,2.7,2.7,2.7,5,5,5,5,5,5,1.88,1.88,1.88,1.88,1.88,1.88,,,,,,,,,,,,
80637,New York,00:00.0,00:00.0,15/12/2016,Referral,Scooter / Motorcycle,21.4,26.3,40.7,66.3,76.8,285.4,27,31,49,114,149,780,1.26,1.18,1.2,1.72,1.94,2.73,,,,,,2,,,,,,1
80639,New York,00:00.0,00:00.0,16/12/2016,Referral,Bicycle,29,39.7,91.1,91.1,91.1,91.1,61,88,188,188,188,188,2.1,2.21,2.06,2.06,2.06,2.06,,1,1,2,2,2,,0,0,0,0,0
80641,New York,00:00.0,00:00.0,13/12/2016,Referral,Bicycle,32.8,52,105.2,105.2,105.2,105.2,34,49,80,80,80,80,1.04,0.94,0.76,0.76,0.76,0.76,,,,,,,,,,,,
80695,Rio de Janeiro,00:00.0,00:00.0,10/12/2016,Organic,Bicycle,28,50.9,95.3,175.3,233.3,386.7,55,117,228,466,646,1149,1.96,2.3,2.39,2.66,2.77,2.97,,,,,1,3,,,,,0,2
80704,Rio de Janeiro,00:00.0,00:00.0,17/12/2016,Organic,Bicycle,11.7,11.7,11.7,11.7,11.7,11.7,22,22,22,22,22,22,1.88,1.88,1.88,1.88,1.88,1.88,,,,,,,,,,,,
80720,Rio de Janeiro,,,07/12/2016,Organic,Bicycle,0.8,2.9,19,52.6,75.5,196.8,0,5,32,94,156,425,0,1.74,1.69,1.79,2.06,2.16,,,,1,1,1,,,,0,0,0
80744,New York,00:00.0,00:00.0,27/03/2017,Organic,Bicycle,10.7,20.9,47.1,116.1,146.2,291.5,19,44,111,262,329,653,1.77,2.1,2.36,2.26,2.25,2.24,,,,,,,,,,,,
80784,New York,00:00.0,00:00.0,10/12/2016,Organic,Bicycle,18.4,21.8,42.4,61.9,61.9,61.9,15,16,34,46,46,46,0.81,0.73,0.8,0.74,0.74,0.74,,,,,,,,,,,,
80787,New York,00:00.0,00:00.0,19/12/2016,Offline,Bicycle,4.6,4.6,11.2,11.2,11.2,11.2,7,7,20,20,20,20,1.52,1.52,1.79,1.79,1.79,1.79,,,,,,,,,,,,
80793,New York,00:00.0,00:00.0,12/12/2016,Organic,Bicycle,12.7,21,36.8,69.1,92.8,96.1,12,19,42,65,99,103,0.95,0.9,1.14,0.94,1.07,1.07,,,,,,,,,,,,
80799,New York,00:00.0,00:00.0,06/12/2016,Referral,Bicycle,47,81.3,109.8,109.8,109.8,109.8,36,66,89,89,89,89,0.77,0.81,0.81,0.81,0.81,0.81,,,,,,,,,,,,
80800,New York,00:00.0,00:00.0,07/03/2017,Digital,Bicycle,6.5,9.6,12.8,34.1,41.9,104.4,3,4,8,19,26,102,0.46,0.42,0.62,0.56,0.62,0.98,,,,,,,,,,,,
80802,New York,00:00.0,00:00.0,13/12/2016,Digital,Bicycle,12.2,15.3,15.3,15.3,15.3,15.3,22,26,26,26,26,26,1.8,1.7,1.7,1.7,1.7,1.7,,,,,,,,,,,,
80803,New York,00:00.0,00:00.0,14/12/2016,Organic,Scooter / Motorcycle,10.7,10.7,10.7,10.7,10.7,10.7,22,22,22,22,22,22,2.06,2.06,2.06,2.06,2.06,2.06,,,,,,,,,,,,
80810,New York,00:00.0,00:00.0,13/12/2016,Referral,Bicycle,13.5,14,27.6,59.7,75.8,131.9,21,21,47,110,149,265,1.55,1.5,1.7,1.84,1.97,2.01,,,,,,,,,,,,
80830,New York,00:00.0,00:00.0,17/12/2016,Referral,Bicycle,38.8,38.8,38.8,38.8,38.8,38.8,36,36,36,36,36,36,0.93,0.93,0.93,0.93,0.93,0.93,,,,,,,,,,,,
80833,Cape Town,00:00.0,00:00.0,07/12/2016,Digital,Bicycle,24.4,49.6,99.9,195.5,303.4,338.1,27,58,141,314,535,608,1.11,1.17,1.41,1.61,1.76,1.8,,,,,,,,,,,,
80834,Cape Town,00:00.0,00:00.0,08/12/2016,Organic,Bicycle,21,33.9,66.2,66.2,66.2,66.2,32,46,93,93,93,93,1.52,1.36,1.41,1.41,1.41,1.41,,,,,,,,,,,,
80835,Cape Town,00:00.0,00:00.0,08/12/2016,Organic,Bicycle,14.9,25.4,52.6,148.2,197.9,197.9,25,40,75,191,253,253,1.68,1.57,1.43,1.29,1.28,1.28,,,,,,,,,,,,
80836,Cape Town,00:00.0,00:00.0,08/12/2016,Digital,Bicycle,20.7,30.9,58.9,117.8,169.2,345.8,38,53,111,236,349,727,1.84,1.72,1.89,2,2.06,2.1,,,,,,,,,,,,
80837,Cape Town,00:00.0,00:00.0,07/12/2016,Organic,Bicycle,37.7,75.9,142.2,261,369.2,672.2,47,93,208,442,694,1357,1.25,1.23,1.46,1.69,1.88,2.02,,,,,,,,,,,,
80838,Cape Town,00:00.0,00:00.0,07/12/2016,Digital,Bicycle,27.1,52.5,77.2,171.7,252.5,363.3,39,80,122,284,448,644,1.44,1.53,1.58,1.65,1.77,1.77,,,,,,,,,,,,
80839,Cape Town,00:00.0,00:00.0,07/12/2016,Organic,Bicycle,37.5,60.4,118,132.4,132.4,132.4,73,126,258,289,289,289,1.95,2.09,2.19,2.18,2.18,2.18,,,,,,,,,,,,
80863,New York,00:00.0,00:00.0,20/03/2017,Organic,Scooter / Motorcycle,33.3,62.8,135.3,208.8,243.7,537.8,93,191,390,620,717,1489,2.79,3.04,2.88,2.97,2.94,2.77,,,,,,,,,,,,
80868,New York,00:00.0,00:00.0,09/12/2016,Referral,Scooter / Motorcycle,19.6,34.3,54.6,128.7,136.8,136.8,36,64,102,282,303,303,1.84,1.86,1.87,2.19,2.21,2.21,,,,,,,,,,,,
80882,New York,00:00.0,00:00.0,13/12/2016,Referral,Bicycle,9.4,15.9,29.2,43,67.6,110.8,18,31,54,80,145,269,1.91,1.96,1.85,1.86,2.14,2.43,,,,,,,,,,,,
80888,New York,00:00.0,00:00.0,04/01/2017,Organic,Bicycle,20.1,20.1,47.2,53.1,53.1,53.1,25,25,72,82,82,82,1.25,1.25,1.52,1.54,1.54,1.54,,,,,,,,,,,,
80891,New York,00:00.0,00:00.0,13/12/2016,Referral,Bicycle,19.1,28.9,61.9,91.9,91.9,91.9,12,23,60,99,99,99,0.63,0.8,0.97,1.08,1.08,1.08,,,,,,,,,,,,
80896,New York,00:00.0,00:00.0,13/12/2016,Referral,Scooter / Motorcycle,8.8,20.3,24.8,27.1,27.1,27.1,6,31,43,49,49,49,0.68,1.53,1.73,1.81,1.81,1.81,,,,,,,,,,,,
80899,New York,00:00.0,00:00.0,09/12/2016,Organic,Bicycle,23.3,42.3,64.9,104.3,155,181.6,22,42,75,137,191,217,0.94,0.99,1.16,1.31,1.23,1.19,,,,,,,,,,,,
80906,New York,00:00.0,00:00.0,16/02/2017,Referral,Scooter / Motorcycle,28.3,38.9,92.4,141.8,190.4,349,74,92,223,349,483,871,2.61,2.36,2.41,2.46,2.54,2.5,,,,,,,,,,,,
80908,New York,00:00.0,00:00.0,13/12/2016,Digital,Bicycle,16.5,29.6,56,107.8,144.8,166.2,27,44,101,188,268,301,1.64,1.49,1.8,1.74,1.85,1.81,,,,,,,,,,,,
80913,New York,00:00.0,00:00.0,07/12/2016,Referral,Scooter / Motorcycle,27.6,48.9,92.9,194.8,302.3,651.9,68,122,243,539,899,1940,2.47,2.5,2.62,2.77,2.97,2.98,,,,,,,,,,,,
80934,New York,,,11/12/2016,Unknown,Bicycle,12.7,25,53.3,92.1,113.5,113.5,30,59,108,163,188,188,2.36,2.36,2.02,1.77,1.66,1.66,,,1,1,1,1,,,0,0,0,0
81155,New York,00:00.0,00:00.0,11/12/2016,Organic,Bicycle,15.3,29.2,43.1,77.7,77.7,77.7,19,29,54,89,89,89,1.24,0.99,1.25,1.15,1.15,1.15,,,,,,,,,,,,
81158,New York,00:00.0,00:00.0,11/12/2016,Offline,Bicycle,32.2,55.5,99.3,156.3,156.3,156.3,40,62,111,183,183,183,1.24,1.12,1.12,1.17,1.17,1.17,,,,,,,,,,,,
81173,New York,00:00.0,00:00.0,11/12/2016,Referral,Bicycle,12.8,18.2,18.2,18.2,33.4,39.8,29,40,40,40,78,89,2.27,2.19,2.19,2.19,2.34,2.24,,,,,,,,,,,,
81190,New York,00:00.0,00:00.0,05/03/2017,Referral,Scooter / Motorcycle,25.6,33.6,33.7,56.1,56.1,383.6,62,84,84,142,142,848,2.42,2.5,2.49,2.53,2.53,2.21,,,,,,,,,,,,
81193,Rio de Janeiro,00:00.0,00:00.0,11/12/2016,Organic,Bicycle,31.1,59.5,102.9,169.7,241.4,474.3,61,113,186,326,526,1084,1.96,1.9,1.81,1.92,2.18,2.29,,,,,,,,,,,,
81196,Rio de Janeiro,00:00.0,00:00.0,13/12/2016,Organic,Bicycle,17.8,40.6,57.5,69.6,71.2,180.1,28,71,101,125,128,424,1.58,1.75,1.76,1.8,1.8,2.35,,,,,,,,,,,,
81198,New York,00:00.0,00:00.0,13/12/2016,Organic,Bicycle,11.4,16.9,33,56.1,75.5,164,31,43,79,134,180,343,2.72,2.55,2.39,2.39,2.38,2.09,,,,,3,3,,,,,0,0
81200,Rio de Janeiro,00:00.0,00:00.0,10/12/2016,Organic,Bicycle,4.8,11.2,16.6,16.6,16.6,16.6,13,31,39,39,39,39,2.72,2.76,2.35,2.35,2.35,2.35,,,,,,,,,,,,
81203,Rio de Janeiro,00:00.0,00:00.0,11/12/2016,Organic,Bicycle,2.5,2.5,2.5,2.5,2.5,2.5,4,4,4,4,4,4,1.58,1.58,1.58,1.58,1.58,1.58,,,,,,,,,,,,
81214,New York,00:00.0,00:00.0,13/12/2016,Organic,Bicycle,17.1,25.2,27.1,27.1,27.1,27.1,11,11,11,11,11,11,0.64,0.44,0.41,0.41,0.41,0.41,,,,,,,,,,,,
81220,New York,00:00.0,00:00.0,13/12/2016,Digital,Bicycle,1.6,1.6,1.6,1.6,1.6,1.6,2,2,2,2,2,2,1.23,1.23,1.23,1.23,1.23,1.23,,,,,,,,,,,,
81224,New York,00:00.0,00:00.0,09/12/2016,Digital,Bicycle,20.8,37.2,70,89.8,89.8,89.8,26,41,75,97,97,97,1.25,1.1,1.07,1.08,1.08,1.08,,,,,,,,,,,,
81231,New York,00:00.0,00:00.0,10/12/2016,Digital,Bicycle,21.4,35.6,46.1,46.1,46.6,46.6,39,61,85,85,85,85,1.82,1.71,1.84,1.84,1.82,1.82,1,1,1,1,1,1,0,0,0,0,0,0
81232,Rio de Janeiro,00:00.0,00:00.0,19/12/2016,Organic,Bicycle,37.3,74.8,146.2,211.6,298.5,725.9,67,147,293,456,678,1528,1.8,1.97,2,2.15,2.27,2.11,,,,,,,,,,,,
81233,New York,00:00.0,00:00.0,10/12/2016,Organic,Bicycle,27.4,27.4,27.4,27.4,27.4,27.4,67,67,67,67,67,67,2.45,2.45,2.45,2.45,2.45,2.45,,,,,,,,,,,,
81234,Rio de Janeiro,00:00.0,00:00.0,10/12/2016,Organic,Bicycle,13,24.5,37.1,71.3,95.4,142,26,54,77,160,234,364,2,2.21,2.07,2.25,2.45,2.56,,,,1,1,2,,,,0,1,1
81236,New York,00:00.0,00:00.0,11/12/2016,Organic,Bicycle,16.7,28.7,46.5,71.6,79.7,79.8,31,46,85,141,162,162,1.86,1.6,1.83,1.97,2.03,2.03,,1,2,2,2,2,,0,0,0,0,0
81237,Rio de Janeiro,00:00.0,00:00.0,11/12/2016,Organic,Bicycle,7.8,15.4,22.7,22.7,22.7,30.9,17,33,46,46,46,69,2.18,2.14,2.02,2.02,2.02,2.23,,,,,,,,,,,,
81239,Rio de Janeiro,00:00.0,00:00.0,09/12/2016,Organic,Bicycle,10.4,16.6,44.3,115,188.9,339.5,33,47,138,379,617,1037,3.17,2.84,3.11,3.3,3.27,3.05,,,,,,,,,,,,
81241,Rio de Janeiro,00:00.0,00:00.0,12/12/2016,Organic,Bicycle,2,2,2,2,2,2,1,1,1,1,1,1,0.49,0.49,0.49,0.49,0.49,0.49,,,,,,,,,,,,
81243,New York,00:00.0,00:00.0,13/12/2016,Digital,Bicycle,14.8,14.8,30,30,30,30,28,28,60,60,60,60,1.9,1.9,2,2,2,2,,,,,,,,,,,,
81244,Rio de Janeiro,00:00.0,00:00.0,09/12/2016,Organic,Bicycle,31.3,55.3,101.7,196.1,256,456.5,48,100,203,462,666,1325,1.53,1.81,2,2.36,2.6,2.9,,,,2,4,4,,,,0,0,1
81248,Rio de Janeiro,00:00.0,00:00.0,12/12/2016,Organic,Bicycle,27.1,29.4,29.4,46.5,60.6,60.6,50,52,52,70,91,91,1.85,1.77,1.77,1.5,1.5,1.5,,,,,,,,,,,,
81250,Rio de Janeiro,00:00.0,00:00.0,11/12/2016,Organic,Bicycle,17.3,28.5,42.4,55.6,86.8,160.4,41,60,87,113,192,372,2.37,2.11,2.05,2.03,2.21,2.32,,,,,,,,,,,,
81252,New York,00:00.0,00:00.0,09/12/2016,Digital,Bicycle,25.5,48.8,72.9,108.2,121.8,121.8,49,88,131,214,251,251,1.92,1.8,1.8,1.98,2.06,2.06,,,,,,,,,,,,
81254,Rio de Janeiro,00:00.0,00:00.0,11/12/2016,Organic,Bicycle,16.3,34.7,64.4,185.4,288.2,675.2,17,36,73,238,383,1093,1.04,1.04,1.13,1.28,1.33,1.62,,,,1,2,4,,,,0,0,0
81257,Rio de Janeiro,00:00.0,00:00.0,10/12/2016,Organic,Scooter / Motorcycle,26.9,48.7,94.6,106.5,188.3,350.2,54,95,193,222,421,810,2.01,1.95,2.04,2.08,2.24,2.31,,,,,,,,,,,,
81264,Rio de Janeiro,00:00.0,00:00.0,24/02/2017,Organic,Bicycle,3.6,3.6,3.6,3.6,3.6,3.6,5,5,5,5,5,5,1.41,1.41,1.41,1.41,1.41,1.41,,,,,,,,,,,,
81265,Rio de Janeiro,00:00.0,00:00.0,10/12/2016,Organic,Bicycle,6,15.1,31.1,76.8,110.4,115.4,11,25,52,152,241,252,1.82,1.66,1.67,1.98,2.18,2.18,,,,,,,,,,,,
81266,Rio de Janeiro,00:00.0,00:00.0,28/12/2016,Organic,Bicycle,9.2,17.4,20.6,42.2,63,66.9,9,26,30,84,137,145,0.98,1.49,1.46,1.99,2.18,2.17,,,,,,,,,,,,
81268,Rio de Janeiro,00:00.0,00:00.0,10/12/2016,Organic,Bicycle,3.4,3.4,3.4,3.4,3.4,3.4,5,5,5,5,5,5,1.47,1.47,1.47,1.47,1.47,1.47,,,,,,,,,,,,
81270,Rio de Janeiro,00:00.0,00:00.0,16/03/2017,Organic,Bicycle,3.8,3.8,11.1,11.1,11.1,11.1,6,6,25,25,25,25,1.59,1.58,2.26,2.26,2.26,2.26,,1,1,3,3,4,,0,0,1,1,2
81278,New York,00:00.0,00:00.0,09/12/2016,Referral,Scooter / Motorcycle,0.7,0.7,0.7,45,45,45.1,0,0,0,68,68,68,0,0,0,1.51,1.51,1.51,,,,,,,,,,,,
81294,New York,00:00.0,00:00.0,11/12/2016,Organic,Bicycle,24.1,46.6,71.2,124.7,216.1,352.8,56,111,179,334,648,1130,2.33,2.38,2.51,2.68,3,3.2,,,,,,,,,,,,
81298,New York,00:00.0,00:00.0,09/12/2016,Referral,Bicycle,10.7,26.4,45.7,107.3,151.8,207.2,20,40,81,188,285,399,1.88,1.52,1.77,1.75,1.88,1.93,,,,,,,,,,,,
81310,Rio de Janeiro,00:00.0,00:00.0,11/12/2016,Organic,Bicycle,3.2,3.2,3.2,3.2,3.2,3.2,8,8,8,8,8,8,2.5,2.5,2.5,2.5,2.5,2.5,,,,,,,,,,,,
81312,Rio de Janeiro,00:00.0,00:00.0,10/12/2016,Organic,Bicycle,35.7,67.7,80.1,105.2,131.6,131.7,96,157,180,252,327,327,2.69,2.32,2.25,2.4,2.49,2.48,,,,,,,,,,,,
81314,Rio de Janeiro,00:00.0,00:00.0,13/12/2016,Organic,Bicycle,10,18.3,28.8,60.7,79.1,99,16,31,48,118,172,225,1.59,1.7,1.67,1.94,2.17,2.27,,,,,2,2,,,,,0,0
81315,Rio de Janeiro,00:00.0,00:00.0,10/12/2016,Organic,Bicycle,13.9,39.2,62.3,96.8,153.4,245.3,36,88,139,216,353,541,2.59,2.24,2.23,2.23,2.3,2.21,,,,,,,,,,,,
81325,Rio de Janeiro,00:00.0,00:00.0,10/12/2016,Organic,Bicycle,44.6,65.8,131.7,184.5,256.2,618.9,81,127,234,350,542,1529,1.82,1.93,1.78,1.9,2.12,2.47,,,,,,1,,,,,,0
81328,New York,00:00.0,00:00.0,10/12/2016,Referral,Bicycle,20.2,27.3,30.4,30.4,30.4,30.4,32,45,48,48,48,48,1.59,1.65,1.58,1.58,1.58,1.58,,,,,,,,,,,,
81329,New York,00:00.0,00:00.0,09/12/2016,Referral,Bicycle,18.1,26.1,36.5,49.5,62.2,69.6,16,21,27,35,46,60,0.89,0.81,0.74,0.71,0.74,0.86,,,,,,,,,,,,
81332,New York,00:00.0,00:00.0,10/12/2016,Organic,Bicycle,11.4,18.3,20.9,23.7,23.7,23.7,33,48,55,59,59,59,2.9,2.62,2.63,2.49,2.49,2.49,,,,,,,,,,,,
81334,New York,00:00.0,00:00.0,13/12/2016,Organic,Scooter / Motorcycle,24,42.2,79.4,169.3,258.8,984.8,74,134,262,596,945,3114,3.09,3.17,3.3,3.52,3.65,3.16,,,1,1,2,2,,,0,0,1,2
81348,New York,00:00.0,00:00.0,11/12/2016,Organic,Bicycle,19,38.2,78.3,138.9,186.8,203.7,6,22,70,116,191,229,0.32,0.58,0.89,0.84,1.02,1.12,,,1,1,1,1,,,0,0,0,0
81358,New York,00:00.0,00:00.0,10/12/2016,Organic,Scooter / Motorcycle,39.3,56.4,92.9,109.3,123,129.9,63,93,166,199,235,249,1.6,1.65,1.79,1.82,1.91,1.92,,,,,,,,,,,,
81361,New York,,,12/12/2016,Offline,Bicycle,9.1,9.1,45.1,74.5,83.4,154,8,8,47,132,160,339,0.88,0.88,1.04,1.77,1.92,2.2,,,,,,,,,,,,
81364,New York,00:00.0,00:00.0,13/12/2016,Organic,Bicycle,12.7,17.2,17.2,17.2,17.2,17.2,21,30,30,30,30,30,1.65,1.75,1.75,1.75,1.75,1.75,,,,,,,,,,,,
81366,New York,00:00.0,00:00.0,14/12/2016,Organic,Bicycle,15.4,36.5,38.4,38.4,38.4,38.4,20,45,48,48,48,48,1.29,1.23,1.25,1.25,1.25,1.25,,,,,,,,,,,,
81368,New York,00:00.0,00:00.0,17/12/2016,Digital,Bicycle,7.3,15.8,20.2,20.2,20.2,20.2,11,24,32,32,32,32,1.51,1.52,1.58,1.58,1.58,1.58,,,,,,,,,,,,
81383,New York,00:00.0,00:00.0,10/12/2016,Offline,Bicycle,6.6,6.6,6.6,6.6,6.6,6.6,4,4,4,4,4,4,0.61,0.61,0.61,0.61,0.61,0.61,,,,,,,,,,,,
81384,New York,00:00.0,00:00.0,11/12/2016,Referral,Scooter / Motorcycle,24,89.8,215.3,408.5,522,605.8,12,72,208,596,922,1088,0.5,0.8,0.97,1.46,1.77,1.8,,,,,,,,,,,,
81387,New York,00:00.0,00:00.0,10/12/2016,Digital,Bicycle,28.1,43.4,86.2,162.7,211.9,211.9,54,82,171,350,488,488,1.92,1.89,1.98,2.15,2.3,2.3,,,,,,,,,,,,
81388,New York,00:00.0,00:00.0,14/12/2016,Organic,Bicycle,7.6,13.8,22.3,28.4,28.4,28.4,12,19,36,45,45,45,1.57,1.38,1.62,1.58,1.58,1.58,,,,,,,,,,,,
81390,New York,00:00.0,00:00.0,09/12/2016,Digital,Bicycle,28.5,60,123,192.9,263.4,485.2,33,66,133,238,369,779,1.16,1.1,1.08,1.23,1.4,1.61,,,,,,,,,,,,
81391,New York,00:00.0,00:00.0,10/12/2016,Digital,Scooter / Motorcycle,39,74.1,80,80,80,80,48,112,126,126,126,126,1.23,1.51,1.58,1.58,1.58,1.58,,,,,,,,,,,,
81393,New York,00:00.0,00:00.0,13/12/2016,Offline,Bicycle,6,7.9,11.7,11.7,14.5,15.8,14,18,24,24,32,33,2.33,2.27,2.04,2.04,2.21,2.09,,,,,,,,,,,,
81395,New York,00:00.0,00:00.0,10/12/2016,Referral,Scooter / Motorcycle,63.9,121.9,233.8,454.8,643.8,1295.3,37,85,191,427,764,1635,0.58,0.7,0.82,0.94,1.19,1.26,,,,,,2,,,,,,0
81396,New York,00:00.0,00:00.0,13/12/2016,Organic,Bicycle,9.3,15.4,20.1,29.5,29.5,29.5,20,33,44,69,69,69,2.15,2.14,2.19,2.34,2.34,2.34,,,,,,,,,,,,
81399,New York,00:00.0,00:00.0,16/12/2016,Referral,Bicycle,19.1,47.2,99,202.4,311.9,657.3,29,86,220,483,799,1855,1.52,1.82,2.22,2.39,2.56,2.82,,,,,1,1,,,,,0,1
81400,New York,00:00.0,00:00.0,17/12/2016,Digital,Scooter / Motorcycle,30.9,46.2,84,97.3,115.9,180.8,48,75,149,171,208,340,1.55,1.62,1.77,1.76,1.79,1.88,,,,,,,,,,,,
81440,Rio de Janeiro,00:00.0,00:00.0,13/12/2016,Referral,Bicycle,12.8,26.4,56.3,111.7,170.2,378.8,26,42,79,196,318,838,2.03,1.59,1.4,1.75,1.87,2.21,,,,,,,,,,,,
81441,Rio de Janeiro,,,11/12/2016,Unknown,Bicycle,35,69.9,84.3,84.3,84.3,84.3,74,134,167,167,167,167,2.12,1.92,1.98,1.98,1.98,1.98,,,,,,,,,,,,
81442,Rio de Janeiro,00:00.0,00:00.0,13/12/2016,Organic,Bicycle,26.8,40.1,63.5,121.7,145.3,253.2,49,75,126,292,355,603,1.83,1.87,1.98,2.4,2.44,2.38,,,,,,,,,,,,
81443,Rio de Janeiro,00:00.0,00:00.0,28/12/2016,Organic,Bicycle,8.7,20.8,65.2,82,147.9,329.5,10,33,138,177,326,693,1.15,1.58,2.12,2.16,2.2,2.1,,,,,,,,,,,,
81444,Rio de Janeiro,00:00.0,00:00.0,11/12/2016,Organic,Bicycle,20.4,61.7,120.9,224.8,277.7,332.4,50,121,243,468,608,754,2.45,1.96,2.01,2.08,2.19,2.27,1,1,1,1,1,1,0,0,0,0,0,0
81445,Rio de Janeiro,00:00.0,00:00.0,12/12/2016,Organic,Bicycle,13.5,25.2,41.1,72.6,91.2,108.7,29,55,92,166,221,267,2.15,2.18,2.24,2.29,2.42,2.46,,,,,,,,,,,,
81446,Rio de Janeiro,00:00.0,00:00.0,14/12/2016,Organic,Bicycle,23.7,51.7,63.7,71.7,74.3,74.3,32,89,112,131,135,135,1.35,1.72,1.76,1.83,1.82,1.82,,,,,,,,,,,,
81447,Rio de Janeiro,00:00.0,00:00.0,11/12/2016,Organic,Bicycle,16.7,30.4,52.7,60.3,110.1,228.6,35,65,113,132,252,540,2.1,2.14,2.14,2.19,2.29,2.36,,,,,1,1,,,,,0,0
81448,Rio de Janeiro,00:00.0,00:00.0,13/12/2016,Organic,Bicycle,7.7,12.7,22.4,25.6,32.4,36.1,19,30,53,60,77,84,2.45,2.36,2.37,2.34,2.38,2.33,,,,,,,,,,,,
81450,Rio de Janeiro,00:00.0,00:00.0,11/12/2016,Organic,Bicycle,22.6,31.7,41,48.2,48.7,48.7,48,66,90,110,111,111,2.12,2.08,2.2,2.28,2.28,2.28,,,,,,,,,,,,
81451,Rio de Janeiro,00:00.0,00:00.0,11/12/2016,Digital,Bicycle,1.5,17.2,23.4,39.2,39.6,42.8,2,38,54,93,93,102,1.35,2.21,2.31,2.37,2.35,2.38,,,,1,1,1,,,,0,0,0
81452,Rio de Janeiro,00:00.0,00:00.0,13/12/2016,Organic,Bicycle,10.1,10.1,10.1,10.1,10.1,10.1,10,10,10,10,10,10,0.99,0.99,0.99,0.99,0.99,0.99,,,,,,,,,,,,
81453,Rio de Janeiro,00:00.0,00:00.0,20/12/2016,Organic,Bicycle,4.4,15.8,50.8,113.6,184.5,248.6,12,42,133,306,500,698,2.72,2.66,2.62,2.69,2.71,2.81,,,,,,,,,,,,
81454,Rio de Janeiro,00:00.0,00:00.0,14/12/2016,Organic,Bicycle,9,10,13,13,19.6,19.6,24,27,35,35,62,62,2.66,2.71,2.7,2.7,3.17,3.17,,,,,,,,,,,,
81464,Cape Town,00:00.0,00:00.0,11/12/2016,Organic,Motor Vehicle,13.1,21.3,40.3,77,119.2,203.7,25,44,86,168,248,424,1.91,2.07,2.14,2.18,2.08,2.08,,,,,,,,,,,,
81465,Cape Town,00:00.0,00:00.0,15/12/2016,Organic,Bicycle,11,19.6,28.3,75.2,119.6,128.2,22,43,63,169,268,289,2.01,2.19,2.23,2.25,2.24,2.25,,,,,,,,,,,,
81466,Cape Town,00:00.0,00:00.0,11/12/2016,Organic,Motor Vehicle,63.2,126.5,264.2,450,503.3,503.3,107,205,409,729,834,834,1.69,1.62,1.55,1.62,1.66,1.66,,,,,,,,,,,,
81467,Cape Town,00:00.0,00:00.0,15/12/2016,Organic,Bicycle,23.2,56,121,188.3,210.1,457.5,37,110,228,371,416,902,1.59,1.97,1.88,1.97,1.98,1.97,,,,,,,,,,,,
81468,Cape Town,00:00.0,00:00.0,12/12/2016,Organic,Bicycle,15.2,26.5,62.6,124.3,161.4,274.9,28,51,115,245,328,555,1.84,1.93,1.84,1.97,2.03,2.02,,,,,,,,,,,,
81469,Cape Town,00:00.0,00:00.0,11/12/2016,Organic,Bicycle,18.7,48.8,125.2,272.3,445.2,697,37,90,243,576,988,1657,1.98,1.84,1.94,2.12,2.22,2.38,,,,,,,,,,,,
81470,Cape Town,00:00.0,00:00.0,11/12/2016,Offline,Bicycle,17.9,43.3,84.3,174.5,231.8,358.7,27,69,145,325,448,715,1.51,1.59,1.72,1.86,1.93,1.99,,,,2,2,2,,,,0,0,0
81472,Cape Town,00:00.0,00:00.0,11/12/2016,Organic,Bicycle,21.1,38.5,81.2,158.5,231.4,313.6,23,45,118,283,431,574,1.09,1.17,1.45,1.79,1.86,1.83,,,,,,,,,,,,
81474,Cape Town,00:00.0,00:00.0,11/12/2016,Organic,Bicycle,24.7,46.5,88.1,172.4,246,470.7,51,97,193,391,569,1043,2.06,2.09,2.19,2.27,2.31,2.22,,,,,,4,,,,,,2
81475,Cape Town,00:00.0,00:00.0,15/12/2016,Organic,Bicycle,17.2,29.8,54.9,107.7,149.6,236.9,29,56,96,215,307,489,1.69,1.88,1.75,2,2.05,2.06,,,,,,,,,,,,
81476,Cape Town,00:00.0,00:00.0,11/12/2016,Organic,Bicycle,22.5,39.3,69,135.2,167.9,188.2,33,55,111,227,284,314,1.47,1.4,1.61,1.68,1.69,1.67,1,1,1,1,1,1,0,0,0,0,0,0
81503,New York,00:00.0,00:00.0,12/12/2016,Digital,Bicycle,5.9,5.9,5.9,5.9,5.9,5.9,7,7,7,7,7,7,1.19,1.19,1.19,1.19,1.19,1.19,,,,,,,,,,,,
81511,New York,00:00.0,00:00.0,08/01/2017,Referral,Scooter / Motorcycle,15.5,24.7,60.1,176.6,275.4,372.1,34,64,159,491,761,1025,2.2,2.59,2.65,2.78,2.76,2.75,,,,,,,,,,,,
81514,New York,00:00.0,00:00.0,11/12/2016,Referral,Bicycle,12.4,17.3,17.6,24.5,30.3,30.3,17,24,24,38,50,50,1.38,1.38,1.36,1.55,1.65,1.65,,,,,,,,,,,,
81517,Rio de Janeiro,00:00.0,00:00.0,17/12/2016,Organic,Bicycle,9.3,18.5,49,100.4,150.1,294.4,25,49,122,251,372,702,2.7,2.64,2.49,2.5,2.48,2.38,,,,,,1,,,,,,0
81518,Rio de Janeiro,00:00.0,00:00.0,11/12/2016,Organic,Bicycle,33.9,54.7,83.3,109.3,182.9,271.6,71,111,159,218,435,670,2.09,2.03,1.91,1.99,2.38,2.47,,,,,,,,,,,,
81524,New York,00:00.0,00:00.0,12/12/2016,Offline,Bicycle,13.7,18.6,18.6,18.6,18.6,18.6,12,17,17,17,17,17,0.88,0.91,0.91,0.91,0.91,0.91,1,1,1,1,1,1,0,0,0,0,0,0
81528,Rio de Janeiro,00:00.0,00:00.0,11/12/2016,Organic,Bicycle,37.4,75.5,162.8,281.2,381.3,688.7,95,174,360,636,896,1617,2.54,2.3,2.21,2.26,2.35,2.35,,,,,,,,,,,,
81529,Rio de Janeiro,00:00.0,00:00.0,12/12/2016,Organic,Bicycle,28.1,44.6,72.6,113.2,143.9,254.3,56,83,140,230,310,593,1.99,1.86,1.93,2.03,2.15,2.33,,,,,,,,,,,,
81536,Rio de Janeiro,00:00.0,00:00.0,13/12/2016,Organic,Bicycle,9.1,9.1,9.1,9.1,9.1,11.8,24,24,24,24,24,29,2.63,2.63,2.63,2.63,2.63,2.46,,,,,,,,,,,,
81538,Rio de Janeiro,00:00.0,00:00.0,11/12/2016,Referral,Bicycle,12.4,26.2,28.8,32.4,38.9,55.7,30,58,62,68,81,123,2.41,2.22,2.15,2.1,2.08,2.21,1,1,2,3,3,3,0,0,0,0,0,0
81544,New York,00:00.0,00:00.0,11/12/2016,Organic,Bicycle,16.6,32.7,59.1,72.9,72.9,72.9,35,68,133,166,166,166,2.1,2.08,2.25,2.28,2.28,2.28,,,,,,,,,,,,
81551,Rio de Janeiro,00:00.0,00:00.0,12/12/2016,Referral,Bicycle,32,71.7,139.7,310.2,477.5,748.7,47,105,252,590,956,1560,1.47,1.47,1.8,1.9,2,2.08,,,,,,,,,,,,
81553,New York,00:00.0,00:00.0,16/12/2016,Referral,Scooter / Motorcycle,27.5,32.5,32.5,32.5,32.5,169.3,57,66,66,66,66,470,2.08,2.03,2.03,2.03,2.03,2.78,,,,,,1,,,,,,0
81559,New York,00:00.0,00:00.0,14/12/2016,Organic,Bicycle,14.1,22.6,39,69.5,77.6,77.6,15,23,45,111,130,130,1.06,1.02,1.15,1.6,1.68,1.68,,,,,,,,,,,,
81560,New York,00:00.0,00:00.0,21/12/2016,Organic,Scooter / Motorcycle,9.4,18.5,26.5,26.5,26.5,27.1,28,66,86,86,86,87,2.97,3.57,3.24,3.24,3.24,3.21,,,,,,,,,,,,
81561,New York,00:00.0,00:00.0,13/12/2016,Digital,Bicycle,17.8,26.9,45.1,94.4,127.8,140.9,20,25,54,137,206,230,1.13,0.93,1.2,1.45,1.61,1.63,,,,,,,,,,,,
81582,New York,00:00.0,00:00.0,11/12/2016,Digital,Bicycle,15.2,15.2,15.2,15.2,15.2,15.2,20,20,20,20,20,20,1.32,1.32,1.32,1.32,1.32,1.32,,,,,,,,,,,,
81595,New York,00:00.0,00:00.0,14/12/2016,Offline,Bicycle,18.7,35.2,67.9,108.9,186,389.4,13,26,42,86,229,603,0.7,0.74,0.62,0.79,1.23,1.55,,,,,,,,,,,,
81601,New York,00:00.0,00:00.0,13/12/2016,Referral,Scooter / Motorcycle,13.1,13.1,13.1,13.1,13.1,13.1,41,41,41,41,41,41,3.14,3.14,3.14,3.14,3.14,3.14,,,,,,,,,,,,
81613,New York,00:00.0,00:00.0,14/12/2016,Organic,Bicycle,10.2,23.6,34,34,34,34,19,44,58,58,58,58,1.86,1.86,1.71,1.71,1.71,1.71,,,,,,,,,,,,
81618,New York,00:00.0,00:00.0,18/12/2016,Organic,Bicycle,16.5,24,24,24,24,24,21,32,32,32,32,32,1.27,1.33,1.33,1.33,1.33,1.33,,,,,,,,,,,,
81623,New York,00:00.0,00:00.0,16/12/2016,Organic,Bicycle,21.5,34.3,36.8,96,122.6,213.2,39,63,64,130,168,375,1.82,1.84,1.74,1.35,1.37,1.76,,,,,,5,,,,,,1
81686,Rio de Janeiro,00:00.0,00:00.0,11/12/2016,Organic,Bicycle,20,25.4,55.5,126.4,165.4,185.3,37,48,109,247,343,378,1.85,1.89,1.96,1.95,2.07,2.04,,,,,,,,,,,,
81688,Rio de Janeiro,00:00.0,00:00.0,20/12/2016,Organic,Bicycle,22.9,38.4,72.8,116.5,140.9,275.3,40,77,175,300,374,787,1.75,2.01,2.4,2.57,2.65,2.86,,,,,,,,,,,,
81689,Rio de Janeiro,00:00.0,00:00.0,15/12/2016,Organic,Bicycle,4.9,4.9,4.9,4.9,4.9,4.9,9,9,9,9,9,9,1.82,1.82,1.82,1.82,1.82,1.82,,,,,,,,,,,,
81691,Rio de Janeiro,00:00.0,00:00.0,12/12/2016,Organic,Bicycle,9.2,18.4,36.6,70.1,103.6,186.7,28,50,100,182,272,478,3.03,2.72,2.73,2.6,2.62,2.56,,,,,,,,,,,,
81695,Cape Town,00:00.0,00:00.0,16/12/2016,Organic,Bicycle,9.9,20,22.9,25.5,25.5,25.5,15,36,41,48,48,48,1.51,1.8,1.79,1.88,1.88,1.88,,,,,,,,,,,,
81698,Cape Town,00:00.0,00:00.0,15/12/2016,Offline,Bicycle,7.1,11.7,28.7,76.1,87.5,87.5,12,23,51,160,192,192,1.7,1.97,1.78,2.1,2.19,2.19,,,,,,,,,,,,
81699,Cape Town,00:00.0,00:00.0,11/12/2016,Organic,Bicycle,15.3,15.3,26.4,32.5,34.1,34.1,24,24,49,66,70,70,1.57,1.57,1.86,2.03,2.05,2.05,,,,,,,,,,,,
81703,Cape Town,00:00.0,00:00.0,15/12/2016,Digital,Bicycle,8.1,8.1,8.1,8.1,8.1,8.1,12,12,12,12,12,12,1.48,1.48,1.48,1.48,1.48,1.48,,,,,,,,,,,,
81766,New York,00:00.0,00:00.0,13/12/2016,Offline,Bicycle,20.9,35.9,85.9,118,154.4,154.4,43,74,153,196,291,291,2.05,2.06,1.78,1.66,1.89,1.89,,,,,,,,,,,,
81769,New York,00:00.0,00:00.0,13/12/2016,Digital,Bicycle,12,17.2,22.9,22.9,22.9,22.9,32,43,57,57,57,57,2.67,2.5,2.49,2.49,2.49,2.49,,,,,,,,,,,,
81783,New York,00:00.0,00:00.0,16/12/2016,Digital,Bicycle,10.8,15.7,24.7,34,34,34,19,32,55,76,76,76,1.76,2.04,2.22,2.23,2.23,2.23,,,,1,3,3,,,,0,1,1
81791,New York,00:00.0,00:00.0,17/03/2017,Organic,Scooter / Motorcycle,56.1,108.6,203.3,358,397.3,428.9,113,213,418,683,750,824,2.01,1.96,2.06,1.91,1.89,1.92,,,,,,,,,,,,
81792,New York,00:00.0,00:00.0,13/12/2016,Referral,Scooter / Motorcycle,11.2,11.2,11.2,11.2,11.6,11.6,32,32,32,32,32,32,2.86,2.86,2.86,2.86,2.76,2.76,,,,,,,,,,,,
81798,New York,00:00.0,00:00.0,01/01/2017,Organic,Bicycle,4.8,4.8,4.8,4.8,4.8,4.8,9,9,9,9,9,9,1.87,1.87,1.87,1.87,1.87,1.87,,,,,,,,,,,,
81799,New York,00:00.0,00:00.0,17/12/2016,Organic,Scooter / Motorcycle,11.1,11.1,11.1,11.1,11.1,11.1,16,16,16,16,16,16,1.44,1.44,1.44,1.44,1.44,1.44,,,,,,,,,,,,
81800,New York,00:00.0,00:00.0,13/12/2016,Digital,Scooter / Motorcycle,34.4,61.5,122.3,240.3,272.5,516,99,179,361,698,803,1507,2.88,2.91,2.95,2.9,2.95,2.92,,,,,,1,,,,,,0
81809,New York,00:00.0,00:00.0,13/12/2016,Organic,Scooter / Motorcycle,4.1,4.1,4.1,4.1,4.1,4.1,9,9,9,9,9,9,2.22,2.22,2.22,2.22,2.22,2.22,,,,,,,,,,,,
81811,New York,00:00.0,00:00.0,11/12/2016,Referral,Scooter / Motorcycle,17.6,50.3,106.9,111.2,111.2,111.2,22,81,133,133,133,133,1.25,1.61,1.24,1.2,1.2,1.2,,,,,,,,,,,,
81818,New York,00:00.0,00:00.0,18/12/2016,Digital,Scooter / Motorcycle,27.2,42.9,94.1,106.7,111.8,349.8,57,91,188,225,240,769,2.1,2.12,2,2.11,2.15,2.2,,,,,,,,,,,,
81835,New York,00:00.0,00:00.0,17/12/2016,Organic,Bicycle,36,44.1,44.1,44.1,44.1,44.1,63,77,77,77,77,77,1.75,1.75,1.75,1.75,1.75,1.75,,,,,,,,,,,,
81839,Cape Town,00:00.0,00:00.0,12/12/2016,Organic,Bicycle,22.2,34.2,42.4,71.8,79.8,80.9,27,45,56,101,115,117,1.22,1.31,1.32,1.41,1.44,1.45,,1,1,1,1,1,,0,0,0,0,0
81841,New York,00:00.0,00:00.0,17/12/2016,Organic,Bicycle,25.8,41.7,88.2,128.5,128.5,128.5,61,90,222,334,334,334,2.37,2.16,2.52,2.6,2.6,2.6,,,,,,,,,,,,
81853,New York,00:00.0,00:00.0,11/12/2016,Referral,Scooter / Motorcycle,14.3,31.2,33.5,65.4,65.4,65.4,22,49,56,90,90,90,1.54,1.57,1.67,1.38,1.38,1.38,,,,,,,,,,,,
81860,New York,00:00.0,00:00.0,16/12/2016,Digital,Bicycle,31.9,58.5,107.5,197.2,254.3,451.7,69,122,251,488,653,926,2.16,2.09,2.33,2.47,2.57,2.05,,,,,,,,,,,,
81871,New York,00:00.0,00:00.0,16/12/2016,Referral,Bicycle,39,66.3,121.1,215.8,275.4,363,38,71,156,290,414,554,0.97,1.07,1.29,1.34,1.5,1.53,,,,,,,,,,,,
81872,New York,00:00.0,00:00.0,16/12/2016,Organic,Bicycle,28.3,33.6,92.7,191.5,333.4,1001.2,56,68,228,503,791,2573,1.98,2.03,2.46,2.63,2.37,2.57,,,,,,,,,,,,
81886,New York,00:00.0,00:00.0,11/12/2016,Digital,Bicycle,2.6,15.9,35,56.6,56.7,56.7,4,28,69,118,118,118,1.52,1.76,1.97,2.08,2.08,2.08,,,,1,1,1,,,,0,0,1
81890,New York,00:00.0,00:00.0,19/12/2016,Organic,Bicycle,16.2,34.5,70.4,116.5,158.7,197.3,1,3,7,22,61,122,0.06,0.09,0.1,0.19,0.38,0.62,,,,,,,,,,,,
81914,New York,00:00.0,00:00.0,22/12/2016,Organic,Bicycle,7.9,11.1,23.3,41.7,51.5,54.7,19,28,58,98,122,129,2.4,2.53,2.48,2.35,2.37,2.36,,,,,,,,,,,,
81931,New York,00:00.0,00:00.0,16/12/2016,Referral,Bicycle,13.5,26.3,51.7,60.4,60.4,60.4,22,46,80,100,100,100,1.62,1.75,1.55,1.66,1.66,1.66,,,,,,,,,,,,
81932,New York,00:00.0,00:00.0,12/12/2016,Organic,Bicycle,12.6,28.4,39.6,58.8,58.8,58.8,14,35,51,82,82,82,1.12,1.23,1.29,1.39,1.39,1.39,,,,,,,,,,,,
81938,New York,00:00.0,00:00.0,12/12/2016,Organic,Bicycle,26.9,52,117.4,407.7,667.4,1580.6,22,38,101,296,559,1539,0.82,0.73,0.86,0.73,0.84,0.97,,,,,,,,,,,,
81940,New York,00:00.0,00:00.0,17/12/2016,Digital,Bicycle,4.2,4.2,4.2,4.2,4.2,4.2,0,0,0,0,0,0,0,0,0,0,0,0,,,,,,,,,,,,
81942,New York,00:00.0,00:00.0,16/12/2016,Organic,Bicycle,22.5,26.3,26.3,26.3,26.3,26.3,38,45,45,45,45,45,1.69,1.71,1.71,1.71,1.71,1.71,,,,,,,,,,,,
81944,New York,00:00.0,00:00.0,15/12/2016,Organic,Bicycle,0.3,0.3,0.3,0.3,0.3,0.3,0,0,0,0,0,0,0,0,0,0,0,0,,,,,,,,,,,,
81949,New York,00:00.0,00:00.0,14/12/2016,Organic,Bicycle,7.5,7.5,7.5,7.5,7.5,7.5,16,16,16,16,16,16,2.13,2.13,2.13,2.13,2.13,2.13,,,,,,,,,,,,
81951,New York,00:00.0,00:00.0,13/12/2016,Organic,Bicycle,13.8,23.6,45,86,111,166.1,29,40,91,213,286,429,2.1,1.69,2.02,2.48,2.58,2.58,3,3,3,4,4,4,1,1,1,1,1,1
81952,New York,00:00.0,00:00.0,14/12/2016,Referral,Scooter / Motorcycle,10,23.7,24.9,90.4,188.8,215.7,31,52,52,181,339,401,3.11,2.19,2.08,2,1.8,1.86,,2,3,3,4,5,,0,0,1,2,2
81953,New York,00:00.0,00:00.0,20/12/2016,Referral,Bicycle,16,21.9,23.4,23.4,23.4,23.4,10,12,12,12,12,12,0.63,0.55,0.51,0.51,0.51,0.51,,,,,,,,,,,,
81957,New York,00:00.0,00:00.0,12/12/2016,Referral,Bicycle,7.5,10.9,12.5,24.2,28.6,28.6,11,14,18,32,39,39,1.47,1.29,1.44,1.32,1.36,1.36,,,,2,2,2,,,,0,1,1
81971,New York,00:00.0,00:00.0,30/01/2017,Referral,Scooter / Motorcycle,31.4,57.3,99.5,167.3,220.9,317.7,72,137,210,332,419,702,2.29,2.39,2.11,1.98,1.9,2.21,,,1,1,1,2,,,0,0,0,0
81973,New York,00:00.0,00:00.0,16/12/2016,Referral,Scooter / Motorcycle,48.4,84.4,155,281.4,429,1148.3,132,225,404,748,1140,3289,2.73,2.66,2.61,2.66,2.66,2.86,,,,,,,,,,,,
81974,New York,00:00.0,00:00.0,13/12/2016,Organic,Bicycle,10.6,10.6,12.3,15.4,15.4,15.4,22,22,25,31,31,31,2.07,2.07,2.03,2.01,2.01,2.01,,,,,,,,,,,,
81975,New York,00:00.0,00:00.0,17/12/2016,Digital,Bicycle,6.8,16.3,19.4,21,21,21,3,8,8,8,8,8,0.44,0.49,0.41,0.38,0.38,0.38,,,1,2,2,2,,,0,0,0,0
81976,New York,00:00.0,00:00.0,20/12/2016,Referral,Scooter / Motorcycle,12.8,20.8,51.9,90.8,121.2,134.7,23,39,111,218,310,342,1.8,1.87,2.14,2.4,2.56,2.54,,,,,,,,,,,,
81977,New York,00:00.0,00:00.0,13/12/2016,Referral,Bicycle,12.8,18.9,29.5,44.3,69.2,94.2,28,43,73,104,172,222,2.18,2.27,2.48,2.35,2.48,2.36,,,1,1,1,1,,,0,0,0,0
81982,New York,00:00.0,00:00.0,13/12/2016,Referral,Bicycle,10.8,19.6,36.8,61.5,83.4,162.5,22,45,90,158,213,363,2.03,2.29,2.44,2.57,2.55,2.23,,,,,,1,,,,,,0
81983,New York,00:00.0,00:00.0,13/12/2016,Organic,Bicycle,9.4,12.5,18.4,25.6,45.8,97,13,19,25,34,65,105,1.38,1.52,1.36,1.33,1.42,1.08,,,,,,,,,,,,
82075,Rio de Janeiro,00:00.0,00:00.0,29/12/2016,Organic,Bicycle,21.8,43.8,43.8,53.3,53.3,53.3,49,99,99,122,122,122,2.25,2.26,2.26,2.29,2.29,2.29,,,,,,,,,,,,
82087,Cape Town,00:00.0,00:00.0,13/12/2016,Organic,Bicycle,11.9,17,17,17,17,17,20,28,28,28,28,28,1.68,1.64,1.64,1.64,1.64,1.64,,,,,,,,,,,,
82088,Cape Town,00:00.0,00:00.0,16/12/2016,Organic,Bicycle,24.5,36.3,68.2,121.1,160.8,255.8,45,74,129,256,333,508,1.84,2.04,1.89,2.11,2.07,1.99,,,,,,,,,,,,
82090,Cape Town,00:00.0,00:00.0,18/12/2016,Referral,Bicycle,24.2,28.6,46.3,86.8,86.8,86.8,30,36,64,130,130,130,1.24,1.26,1.38,1.5,1.5,1.5,,,,,,,,,,,,
82091,Cape Town,00:00.0,00:00.0,15/12/2016,Referral,Bicycle,20.2,35.5,52.5,111.9,142.7,227,42,75,118,276,333,503,2.08,2.11,2.25,2.47,2.33,2.22,,,,,,,,,,,,
82092,Cape Town,00:00.0,00:00.0,14/12/2016,Job Platforms,Bicycle,9.2,30.6,66,133.4,220.4,395.4,19,51,117,242,417,751,2.06,1.67,1.77,1.81,1.89,1.9,,,,,,,,,,,,
82093,Cape Town,00:00.0,00:00.0,14/12/2016,Digital,Bicycle,19,38,77.8,133.6,206.9,425.7,38,78,161,289,476,972,2,2.06,2.07,2.16,2.3,2.28,,,,,,,,,,,,
82094,Cape Town,00:00.0,00:00.0,13/12/2016,Digital,Bicycle,28,57.2,111.6,244.5,329.7,558,35,74,141,327,484,907,1.25,1.29,1.26,1.34,1.47,1.63,,,,,,,,,,,,
82095,Cape Town,00:00.0,00:00.0,16/12/2016,Organic,Bicycle,21,52.2,95.8,182.2,273.2,520.4,24,72,144,311,478,971,1.14,1.38,1.5,1.71,1.75,1.87,,,,,,,,,,,,
82097,Cape Town,00:00.0,00:00.0,15/12/2016,Organic,Bicycle,31.5,47.8,87.4,104.7,104.7,104.7,46,66,118,144,144,144,1.46,1.38,1.35,1.38,1.38,1.38,,,,,,,,,,,,
82122,New York,00:00.0,00:00.0,20/12/2016,Referral,Bicycle,12,20.2,35,46.9,89.4,162.9,25,43,70,98,196,324,2.08,2.13,2,2.09,2.19,1.99,,,1,1,1,3,,,0,0,0,2
82154,New York,00:00.0,00:00.0,16/12/2016,Organic,Scooter / Motorcycle,49,70.2,94.9,97.6,97.6,98.4,87,132,186,193,193,195,1.77,1.88,1.96,1.98,1.98,1.98,,,,,,,,,,,,
82160,New York,00:00.0,00:00.0,16/12/2016,Referral,Scooter / Motorcycle,34.2,63.6,114.2,216.5,294.2,294.2,94,165,294,556,772,772,2.75,2.59,2.58,2.57,2.62,2.62,,,,,,,,,,,,
82170,New York,00:00.0,00:00.0,24/12/2016,Digital,Scooter / Motorcycle,0.6,0.6,0.6,14.5,37.3,97.2,0,0,0,39,103,242,0,0,0,2.68,2.76,2.49,,,,,,,,,,,,
82197,New York,00:00.0,00:00.0,13/12/2016,Digital,Bicycle,9.3,17.4,20.3,36.1,36.1,36.1,14,30,34,69,69,69,1.51,1.73,1.68,1.91,1.91,1.91,,,,,,,,,,,,
82204,New York,00:00.0,00:00.0,19/12/2016,Organic,Scooter / Motorcycle,36.3,36.6,69.9,126.2,166.1,230.9,63,63,161,288,401,569,1.74,1.72,2.3,2.28,2.41,2.46,,,,,,,,,,,,
82211,Rio de Janeiro,00:00.0,00:00.0,20/12/2016,Organic,Bicycle,1.2,5.5,20,51.5,73.3,92,2,10,27,69,88,116,1.61,1.83,1.35,1.34,1.2,1.26,,,,,,,,,,,,
82213,Rio de Janeiro,00:00.0,00:00.0,13/12/2016,Organic,Bicycle,20.3,34.3,55.3,163,281.1,364.9,45,77,134,398,706,946,2.21,2.25,2.42,2.44,2.51,2.59,,,,,2,2,,,,,0,0
82215,New York,00:00.0,00:00.0,16/12/2016,Offline,Scooter / Motorcycle,14.3,38.1,87.4,87.4,87.4,125.6,26,56,151,151,151,224,1.82,1.47,1.73,1.73,1.73,1.78,,,,,,2,,,,,,0
82216,Rio de Janeiro,,,13/12/2016,Unknown,Bicycle,21.5,34.5,49.9,82.6,187.5,568.6,48,75,120,192,453,1482,2.24,2.17,2.41,2.32,2.42,2.61,,,,,,,,,,,,
82217,Rio de Janeiro,00:00.0,00:00.0,12/12/2016,Organic,Bicycle,31.2,52.7,92,224.2,400.2,891.3,41,68,127,370,711,1684,1.31,1.29,1.38,1.65,1.78,1.89,,,,,,,,,,,,
82218,Rio de Janeiro,00:00.0,00:00.0,12/12/2016,Referral,Bicycle,28.2,58.9,133.2,341.3,578.7,1052.2,80,128,288,796,1534,3023,2.84,2.17,2.16,2.33,2.65,2.87,,,,,,,,,,,,
82220,New York,00:00.0,00:00.0,14/12/2016,Referral,Bicycle,4.5,4.5,4.5,7.3,7.3,89.8,11,11,11,20,20,66,2.45,2.45,2.45,2.73,2.73,0.73,,,,,,,,,,,,
82226,New York,00:00.0,00:00.0,17/12/2016,Digital,Bicycle,19.5,34.7,64,87.9,106.2,195.4,36,63,125,187,221,396,1.85,1.81,1.95,2.13,2.08,2.03,,,,,,,,,,,,
82229,New York,00:00.0,00:00.0,16/12/2016,Referral,Bicycle,0.8,0.8,10.5,13.9,35.6,37.3,1,1,30,39,109,111,1.2,1.2,2.86,2.8,3.06,2.97,,,,,,,,,,,,
82230,New York,00:00.0,00:00.0,18/12/2016,Offline,Bicycle,8.6,12.9,20,21.8,21.8,21.8,17,26,42,45,45,45,1.98,2.02,2.1,2.07,2.07,2.07,,,,,,,,,,,,
82255,New York,00:00.0,00:00.0,22/12/2016,Organic,Bicycle,7.6,7.6,7.6,7.6,7.6,7.6,15,15,15,15,15,15,1.98,1.98,1.97,1.97,1.97,1.97,,,,,,,,,,,,
82271,New York,00:00.0,00:00.0,16/12/2016,Organic,Scooter / Motorcycle,26,36.6,36.6,62.5,81,81,54,81,81,155,207,207,2.08,2.21,2.21,2.48,2.55,2.55,,,,,,,,,,,,
82272,New York,00:00.0,00:00.0,21/12/2016,Referral,Bicycle,7.4,7.4,16.9,42.1,42.1,42.1,5,5,22,68,68,68,0.67,0.67,1.3,1.61,1.61,1.61,,,,,,,,,,,,
82286,New York,00:00.0,00:00.0,20/12/2016,Referral,Bicycle,27.4,42.3,72.6,102.9,102.9,102.9,9,11,21,28,28,28,0.33,0.26,0.29,0.27,0.27,0.27,,,,,,,,,,,,
82315,New York,00:00.0,00:00.0,12/12/2016,Organic,Bicycle,6.9,6.9,6.9,6.9,6.9,6.9,7,7,7,7,7,7,1.01,1.01,1.01,1.01,1.01,1.01,,,,,,,,,,,,
82327,New York,00:00.0,00:00.0,16/12/2016,Digital,Bicycle,28.5,55.3,99,203,230.5,392.1,62,122,253,552,639,1190,2.18,2.2,2.56,2.72,2.77,3.04,,,,,1,1,,,,,0,1
82329,New York,00:00.0,00:00.0,21/12/2016,Organic,Scooter / Motorcycle,22,35.1,61.5,91.8,119.8,298.1,47,74,137,199,251,635,2.14,2.11,2.23,2.17,2.09,2.13,,,,,,,,,,,,
82336,New York,00:00.0,00:00.0,16/12/2016,Organic,Scooter / Motorcycle,2.5,13.9,13.9,13.9,13.9,55.5,4,26,26,26,26,86,1.59,1.87,1.87,1.87,1.87,1.55,,,,,,3,,,,,,0
82341,New York,00:00.0,00:00.0,30/12/2016,Organic,Bicycle,7.5,10,10,10,10,10,16,20,20,20,20,20,2.14,2.01,2.01,2.01,2.01,2.01,,,,,,,,,,,,
82343,New York,00:00.0,00:00.0,16/12/2016,Referral,Scooter / Motorcycle,64.5,64.6,141.6,280.6,422.3,740.7,156,156,354,711,1063,1782,2.42,2.41,2.5,2.53,2.52,2.41,,,,,,1,,,,,,1
82345,New York,00:00.0,00:00.0,16/12/2016,Organic,Bicycle,6.7,6.7,6.7,6.7,6.7,6.7,9,9,9,9,9,9,1.34,1.34,1.34,1.34,1.34,1.34,,,,,,,,,,,,
82350,New York,00:00.0,00:00.0,16/12/2016,Referral,Scooter / Motorcycle,30.3,47.6,55.4,121.6,198.5,496.7,24,34,42,177,321,731,0.79,0.71,0.76,1.46,1.62,1.47,,,,,1,5,,,,,0,1
82356,New York,,,13/12/2016,Organic,Bicycle,1.1,1.1,1.1,1.1,2.2,2.2,4,4,4,4,7,7,3.62,3.62,3.62,3.62,3.19,3.19,,,2,2,2,2,,,0,0,0,0
82386,Rio de Janeiro,00:00.0,00:00.0,20/12/2016,Organic,Bicycle,16.4,37.8,58.9,160.1,219.6,331,26,65,113,349,496,730,1.59,1.72,1.92,2.18,2.26,2.21,,,,,,,,,,,,
82433,New York,00:00.0,00:00.0,16/12/2016,Organic,Bicycle,32.9,37.1,67.9,67.9,67.9,585.7,62,68,143,143,143,1218,1.89,1.83,2.1,2.1,2.1,2.08,,,,,,,,,,,,
82445,New York,00:00.0,00:00.0,21/12/2016,Organic,Bicycle,6.8,9.1,9.1,9.1,17.6,17.6,15,21,21,21,40,40,2.22,2.3,2.3,2.3,2.28,2.28,,,,,,,,,,,,
82496,New York,00:00.0,00:00.0,14/12/2016,Organic,Bicycle,6.7,14,27.1,48.4,61.2,70.8,13,23,52,98,122,145,1.93,1.65,1.92,2.02,1.99,2.05,,,,,,,,,,,,
82497,New York,00:00.0,00:00.0,20/12/2016,Digital,Bicycle,9.7,15.7,15.7,15.7,15.7,15.7,11,19,19,19,19,19,1.13,1.21,1.21,1.21,1.21,1.21,,,,,,,,,,,,
82501,New York,00:00.0,00:00.0,13/12/2016,Digital,Scooter / Motorcycle,27.1,43.7,94.2,187.1,187.1,187.1,9,17,51,143,143,143,0.33,0.39,0.54,0.76,0.76,0.76,,,,,,,,,,,,
82504,New York,00:00.0,00:00.0,20/12/2016,Organic,Bicycle,10.3,17.1,17.1,26.1,43.2,58.3,17,29,29,39,68,90,1.65,1.7,1.7,1.49,1.57,1.54,,,,,,,,,,,,
82510,New York,00:00.0,00:00.0,21/12/2016,Digital,Bicycle,10.9,18.8,22.8,33.4,33.4,33.4,12,27,37,51,51,51,1.1,1.43,1.63,1.53,1.53,1.53,1,1,1,1,1,1,0,0,0,0,0,0
82511,New York,00:00.0,00:00.0,16/12/2016,Referral,Bicycle,2.4,10.7,35.4,92.7,95.3,95.3,3,21,74,159,163,163,1.27,1.96,2.09,1.71,1.71,1.71,,,,1,1,1,,,,0,0,0
82530,New York,00:00.0,00:00.0,14/12/2016,Referral,Scooter / Motorcycle,90.9,161.2,285.9,510.1,722.4,1382.9,89,136,389,935,1081,1440,0.98,0.84,1.36,1.83,1.5,1.04,,,,,,,,,,,,
82552,New York,00:00.0,00:00.0,20/12/2016,Organic,Bicycle,9.4,15.6,22.5,44.2,64.6,94.2,25,43,61,113,169,226,2.65,2.76,2.71,2.56,2.62,2.4,,,2,2,2,3,,,0,0,0,0
82554,New York,00:00.0,00:00.0,16/12/2016,Referral,Bicycle,14.9,18.6,22.7,22.7,22.7,22.7,30,38,45,45,45,45,2.01,2.05,1.98,1.98,1.98,1.98,,,,,,,,,,,,
82556,New York,00:00.0,00:00.0,16/12/2016,Organic,Scooter / Motorcycle,17.8,21.5,24.1,24.1,24.1,24.1,44,50,55,55,55,55,2.48,2.32,2.28,2.28,2.28,2.28,,,,,,,,,,,,
82582,New York,00:00.0,00:00.0,13/12/2016,Referral,Bicycle,14.6,31.5,31.5,31.5,37.6,37.6,30,44,44,44,59,59,2.06,1.4,1.4,1.4,1.57,1.57,,,,,,,,,,,,
82598,Rio de Janeiro,00:00.0,00:00.0,15/12/2016,Organic,Bicycle,12.5,19,29.8,63.4,125.6,321.3,24,36,62,142,316,736,1.92,1.89,2.08,2.24,2.52,2.29,,,,,,,,,,,,
82622,New York,00:00.0,00:00.0,16/12/2016,Offline,Scooter / Motorcycle,40.4,76.8,144.6,146.6,146.6,319.9,81,161,326,329,329,874,2.01,2.1,2.26,2.24,2.24,2.73,,,,,,,,,,,,
82632,New York,00:00.0,00:00.0,13/12/2016,Offline,Bicycle,38.7,72.6,129.5,191.4,193.3,231.5,49,80,171,284,290,353,1.27,1.1,1.32,1.48,1.5,1.52,,,,,,,,,,,,
82635,New York,00:00.0,00:00.0,15/12/2016,Organic,Bicycle,8.1,13.6,23.6,38.5,44.8,54.6,12,19,35,60,75,95,1.48,1.4,1.48,1.56,1.67,1.74,,,,,,,,,,,,
82640,New York,00:00.0,00:00.0,16/12/2016,Offline,Scooter / Motorcycle,46.4,81.3,159,322.7,491.1,972.1,87,178,387,943,1479,2767,1.88,2.19,2.43,2.92,3.01,2.85,,,,,1,2,,,,,0,0
82649,New York,00:00.0,00:00.0,20/12/2016,Digital,Bicycle,5.7,7.2,12.6,14.1,20.7,36.9,8,11,22,23,33,65,1.41,1.52,1.75,1.63,1.6,1.76,,,,,1,1,,,,,0,0
82651,New York,00:00.0,00:00.0,15/12/2016,Organic,Scooter / Motorcycle,32.2,60.6,95.2,170.4,222.6,330.7,75,137,225,409,544,866,2.33,2.26,2.36,2.4,2.44,2.62,,,,,,,,,,,,
82652,New York,00:00.0,00:00.0,16/12/2016,Referral,Scooter / Motorcycle,39.6,66,87.3,133.8,200.1,352,25,25,25,114,255,575,0.63,0.38,0.29,0.85,1.27,1.63,,,,,,,,,,,,
82681,New York,00:00.0,00:00.0,30/12/2016,Organic,Scooter / Motorcycle,19.7,19.7,19.7,19.7,33.9,71.9,45,45,45,45,61,103,2.29,2.29,2.29,2.29,1.8,1.43,,,,1,1,1,,,,0,0,0
82844,New York,00:00.0,00:00.0,19/12/2016,Referral,Scooter / Motorcycle,44.2,75.3,142,202.1,202.1,263.9,60,106,228,348,348,510,1.36,1.41,1.61,1.72,1.72,1.93,,,,2,2,2,,,,0,0,0
82869,New York,00:00.0,00:00.0,16/12/2016,Organic,Bicycle,24,43.4,84,150.4,272,310.9,32,58,100,115,178,219,1.33,1.34,1.19,0.76,0.65,0.7,,,1,1,1,1,,,0,0,0,0
82872,New York,00:00.0,00:00.0,19/12/2016,Referral,Bicycle,8.5,12.9,27.2,56,80.8,165.9,9,15,40,110,164,344,1.06,1.16,1.47,1.97,2.03,2.07,,,,,,1,,,,,,0
82874,New York,00:00.0,00:00.0,20/12/2016,Organic,Bicycle,11.8,18.3,18.3,21.2,46.9,65.4,29,46,46,56,124,170,2.46,2.52,2.52,2.65,2.64,2.6,,,,,1,2,,,,,0,0
82880,New York,00:00.0,00:00.0,23/12/2016,Organic,Bicycle,41.2,72.1,131.3,239.5,297.2,299.4,83,155,280,538,695,698,2.01,2.15,2.13,2.25,2.34,2.33,,,,,,,,,,,,
82881,New York,00:00.0,00:00.0,22/12/2016,Referral,Bicycle,16.7,46.6,69.5,69.5,69.5,69.5,4,8,9,9,9,9,0.24,0.17,0.13,0.13,0.13,0.13,,,,,,,,,,,,
82886,New York,00:00.0,00:00.0,20/12/2016,Digital,Bicycle,18.9,35.3,79.5,112.5,120.3,120.5,28,54,107,154,166,167,1.48,1.53,1.35,1.37,1.38,1.39,,,,,,,,,,,,
82888,New York,00:00.0,00:00.0,20/12/2016,Referral,Bicycle,27.4,49.2,78.3,78.3,78.3,78.3,30,34,34,34,34,34,1.1,0.69,0.43,0.43,0.43,0.43,1,1,1,1,1,1,1,1,1,1,1,1
82889,New York,00:00.0,00:00.0,18/12/2016,Referral,Bicycle,26.5,47,86.9,122.3,122.3,122.3,37,73,140,194,194,194,1.4,1.55,1.61,1.59,1.59,1.59,,,1,1,1,1,,,0,0,0,0
82893,Rio de Janeiro,00:00.0,00:00.0,17/12/2016,Organic,Bicycle,14.1,26.3,58.9,113.4,181.2,428.5,31,64,147,305,529,1352,2.19,2.43,2.5,2.69,2.92,3.16,1,1,1,2,2,2,0,0,0,0,0,0
82894,Rio de Janeiro,00:00.0,00:00.0,16/12/2016,Organic,Bicycle,45.9,73.4,130.9,237.9,314.4,425.9,68,127,244,470,612,872,1.48,1.73,1.86,1.98,1.95,2.05,,1,1,1,1,1,,0,0,0,0,0
82895,Rio de Janeiro,00:00.0,00:00.0,17/12/2016,Organic,Bicycle,52.4,110,256.8,467.1,586.6,878.7,82,204,486,958,1255,2032,1.57,1.85,1.89,2.05,2.14,2.31,,,,,,,,,,,,
82897,New York,00:00.0,00:00.0,10/01/2017,Referral,Scooter / Motorcycle,88,167.7,310.7,438.3,438.3,438.3,48,99,182,258,258,258,0.55,0.59,0.59,0.59,0.59,0.59,1,1,1,1,2,2,0,0,0,0,0,0
82898,Rio de Janeiro,00:00.0,00:00.0,18/12/2016,Organic,Bicycle,5.3,5.3,5.3,5.3,5.3,5.3,8,8,8,8,8,8,1.52,1.52,1.52,1.52,1.52,1.52,,,,,,,,,,,,
82902,Rio de Janeiro,00:00.0,00:00.0,16/12/2016,Organic,Bicycle,32.8,77.2,179.6,374.4,581.9,1224.8,60,145,331,801,1309,2826,1.83,1.88,1.84,2.14,2.25,2.31,,,,,,,,,,,,
82908,Rio de Janeiro,00:00.0,00:00.0,22/12/2016,Organic,Bicycle,5.7,16.8,21,21,21,21,12,40,51,51,51,51,2.11,2.38,2.43,2.43,2.43,2.43,,,,,,,,,,,,
82910,Rio de Janeiro,00:00.0,00:00.0,20/12/2016,Organic,Bicycle,21.8,29.6,31.4,31.4,31.4,196.4,42,55,57,57,57,567,1.93,1.86,1.81,1.81,1.81,2.89,,,,,,,,,,,,
82915,Rio de Janeiro,00:00.0,00:00.0,17/12/2016,Organic,Bicycle,26.2,34.3,61.1,123.1,170.7,403.7,45,61,117,270,404,950,1.71,1.78,1.92,2.19,2.37,2.35,,1,1,2,3,3,,0,0,0,1,1
82919,Rio de Janeiro,00:00.0,00:00.0,17/12/2016,Organic,Bicycle,8.7,13.4,27.4,45.4,66.6,148.7,19,26,56,104,162,368,2.18,1.94,2.05,2.29,2.43,2.48,,,,1,1,1,,,,0,0,0
82920,Rio de Janeiro,00:00.0,00:00.0,26/12/2016,Organic,Bicycle,28.8,50.1,68.1,152.7,236.4,519.4,47,95,138,390,615,1510,1.63,1.9,2.03,2.55,2.6,2.91,,,,,,,,,,,,
82927,New York,00:00.0,00:00.0,17/12/2016,Digital,Bicycle,25.1,83.5,153.4,153.4,153.4,153.4,33,55,58,58,58,58,1.32,0.66,0.38,0.38,0.38,0.38,1,1,1,1,1,1,1,1,1,1,1,1
82930,New York,00:00.0,00:00.0,18/12/2016,Job Platforms,Bicycle,12.5,22.4,38.3,38.3,38.3,38.3,28,56,90,90,90,90,2.24,2.5,2.35,2.35,2.35,2.35,,,,,,,,,,,,
82934,New York,00:00.0,00:00.0,20/12/2016,Offline,Bicycle,13.3,23.5,44.5,93.7,134,259.8,20,44,89,172,246,459,1.5,1.88,2,1.84,1.84,1.77,,,,1,1,3,,,,0,0,0
82935,New York,00:00.0,00:00.0,16/12/2016,Organic,Bicycle,11.6,20.5,20.5,20.5,20.5,20.5,11,33,33,33,33,33,0.95,1.61,1.61,1.61,1.61,1.61,,,,,,,,,,,,
82936,New York,00:00.0,00:00.0,20/12/2016,Referral,Bicycle,14.8,39.2,107.2,142.4,142.4,142.4,17,57,138,183,183,183,1.15,1.45,1.29,1.29,1.29,1.29,,,,,,,,,,,,
82940,New York,00:00.0,00:00.0,17/12/2016,Referral,Scooter / Motorcycle,10.7,10.7,10.7,10.7,10.7,10.7,6,6,6,6,6,6,0.56,0.56,0.56,0.56,0.56,0.56,,,,,,,,,,,,
82945,New York,00:00.0,00:00.0,18/12/2016,Job Platforms,Bicycle,12.1,12.1,12.1,12.1,12.1,12.1,29,29,29,29,29,29,2.4,2.4,2.4,2.4,2.4,2.4,,,,,,,,,,,,
82949,New York,00:00.0,00:00.0,18/12/2016,Digital,Bicycle,22.9,24,24,24,24,24,26,26,26,26,26,26,1.13,1.08,1.08,1.08,1.08,1.08,,,,,,,,,,,,
82950,New York,00:00.0,00:00.0,19/12/2016,Organic,Bicycle,4.2,4.2,4.2,4.2,4.2,4.2,4,4,4,4,4,4,0.95,0.95,0.95,0.95,0.95,0.95,,,,,,,,,,,,
82956,New York,00:00.0,00:00.0,18/12/2016,Referral,Scooter / Motorcycle,27.5,49.4,94.5,135.7,135.7,135.7,25,38,60,97,97,97,0.91,0.77,0.64,0.72,0.72,0.72,,,,,,,,,,,,
82962,New York,00:00.0,00:00.0,16/12/2016,Referral,Scooter / Motorcycle,24.8,36.1,56.6,88.1,113,181.2,38,72,129,223,296,490,1.53,1.99,2.28,2.53,2.62,2.7,,1,1,1,1,1,,0,0,0,0,0
82964,New York,00:00.0,00:00.0,17/12/2016,Organic,Bicycle,21.7,27.5,53.7,53.7,53.7,53.7,13,19,38,38,38,38,0.6,0.69,0.71,0.71,0.71,0.71,,,,,,,,,,,,
82968,New York,00:00.0,00:00.0,18/12/2016,Digital,Bicycle,13.5,20.5,52.7,103,130,143.8,20,36,108,204,251,273,1.48,1.76,2.05,1.98,1.93,1.9,,,,,,,,,,,,
82972,New York,00:00.0,00:00.0,22/12/2016,Digital,Bicycle,4.1,4.1,4.1,4.1,4.1,4.1,1,1,1,1,1,1,0.24,0.24,0.24,0.24,0.24,0.24,,,,,,,,,,,,
82985,New York,00:00.0,00:00.0,20/12/2016,Organic,Bicycle,9.3,10.4,19.9,42.4,76.9,85.8,11,12,27,60,128,145,1.19,1.15,1.36,1.42,1.66,1.69,,,,,,,,,,,,
82990,New York,00:00.0,00:00.0,21/12/2016,Job Platforms,Scooter / Motorcycle,8.7,8.7,8.7,8.7,8.7,8.7,22,22,22,22,22,22,2.52,2.52,2.52,2.52,2.52,2.52,,,,,,,,,,,,
82993,New York,00:00.0,00:00.0,19/12/2016,Organic,Bicycle,11.7,11.7,13.6,13.6,13.6,13.6,20,20,25,25,25,25,1.71,1.71,1.84,1.84,1.84,1.84,,1,1,1,1,1,,0,0,0,0,0
82995,New York,00:00.0,00:00.0,16/12/2016,Organic,Scooter / Motorcycle,50.2,83.8,170.8,289.7,372.2,441.8,43,77,188,546,762,934,0.86,0.92,1.1,1.89,2.05,2.11,,,,,,,,,,,,
82999,New York,00:00.0,00:00.0,20/12/2016,Digital,Scooter / Motorcycle,22.6,35.4,52,52,52,52,30,56,82,82,82,82,1.33,1.58,1.58,1.58,1.58,1.58,1,1,1,1,1,1,1,1,1,1,1,1
83003,New York,00:00.0,00:00.0,10/01/2017,Organic,Bicycle,14.6,41.7,59.7,94.8,141.5,223.3,14,29,40,53,86,152,0.96,0.7,0.67,0.56,0.61,0.68,,,1,1,1,1,,,0,0,0,0
83025,New York,00:00.0,00:00.0,21/12/2016,Digital,Scooter / Motorcycle,7.9,10.7,15,21.4,21.4,47.7,16,21,31,44,44,88,2.02,1.96,2.07,2.05,2.05,1.85,,,,,,1,,,,,,0
83028,New York,00:00.0,00:00.0,18/12/2016,Digital,Bicycle,2.8,2.8,2.8,2.8,2.8,2.8,5,5,5,5,5,5,1.8,1.8,1.8,1.8,1.8,1.8,,,,,,,,,,,,
83039,New York,00:00.0,00:00.0,16/12/2016,Referral,Bicycle,5,10.7,14,16.2,17.6,17.6,7,16,25,32,35,35,1.4,1.5,1.79,1.98,1.99,1.99,,1,1,1,1,2,,0,0,0,0,0
83064,New York,00:00.0,00:00.0,17/12/2016,Digital,Bicycle,4,4,4,4,4,4,3,3,3,3,3,3,0.75,0.75,0.75,0.75,0.75,0.75,,,,,,,,,,,,
83065,New York,00:00.0,00:00.0,21/12/2016,Organic,Bicycle,5.2,5.2,8.2,13.7,13.7,13.7,6,6,12,20,20,20,1.16,1.16,1.46,1.46,1.46,1.46,,,,,,,,,,,,
83067,New York,00:00.0,00:00.0,18/12/2016,Digital,Bicycle,9.5,15.5,83.7,238,344.9,787.2,11,21,46,207,298,596,1.16,1.36,0.55,0.87,0.86,0.76,,,1,2,2,5,,,0,0,0,0
83073,New York,00:00.0,00:00.0,19/12/2016,Organic,Bicycle,3.1,5.3,5.3,5.3,5.3,5.3,2,2,2,2,2,2,0.65,0.38,0.38,0.38,0.38,0.38,,,,,,,,,,,,
83088,New York,00:00.0,00:00.0,18/12/2016,Organic,Bicycle,6.4,6.4,6.4,6.4,6.4,6.4,15,15,15,15,15,15,2.36,2.36,2.36,2.36,2.36,2.36,,,,,,,,,,,,
83092,New York,00:00.0,00:00.0,20/12/2016,Referral,Bicycle,10.2,13.9,17,17,29.9,29.9,14,21,29,29,54,54,1.38,1.51,1.7,1.7,1.81,1.81,,,,,,,,,,,,
83159,Rio de Janeiro,00:00.0,00:00.0,26/12/2016,Organic,Bicycle,23.1,39.3,70.7,162.4,212.4,538.5,46,85,165,395,525,1311,1.99,2.17,2.33,2.43,2.47,2.43,1,1,1,1,1,1,0,0,0,0,0,0
83160,Rio de Janeiro,00:00.0,00:00.0,20/12/2016,Organic,Bicycle,30.2,50.3,96.5,192.7,276.8,414.1,34,78,185,431,675,1018,1.13,1.55,1.92,2.24,2.44,2.46,,,,,,,,,,,,
83162,Rio de Janeiro,00:00.0,00:00.0,19/12/2016,Organic,Bicycle,38,71.2,128.1,167.3,223.7,245.3,45,101,184,257,383,434,1.18,1.42,1.44,1.54,1.71,1.77,,,,,,,,,,,,
83165,Rio de Janeiro,00:00.0,00:00.0,18/12/2016,Organic,Bicycle,17.5,23.8,44.6,66,78.7,201.7,36,49,90,138,174,462,2.06,2.06,2.02,2.09,2.21,2.29,,,,,,1,,,,,,0
83167,Rio de Janeiro,00:00.0,00:00.0,21/01/2017,Organic,Bicycle,7.5,11.6,34.4,61.5,65.1,65.1,24,35,104,181,193,193,3.2,3.01,3.02,2.95,2.97,2.97,,,,,,,,,,,,
83168,Rio de Janeiro,,,22/12/2016,Organic,Bicycle,1.9,6.1,6.1,6.1,6.1,49.6,5,13,13,13,13,93,2.56,2.13,2.13,2.13,2.13,1.88,,,,,,,,,,,,
83170,Rio de Janeiro,00:00.0,00:00.0,19/12/2016,Organic,Bicycle,2.8,2.8,2.8,2.8,2.8,2.8,5,5,5,5,5,5,1.8,1.8,1.8,1.79,1.79,1.79,,,,,,,,,,,,
83171,Rio de Janeiro,00:00.0,00:00.0,22/12/2016,Organic,Bicycle,5.4,11.2,21.4,38.5,54.2,100.3,15,30,58,103,157,302,2.78,2.67,2.71,2.68,2.9,3.01,,,,,,,,,,,,
83173,Rio de Janeiro,00:00.0,00:00.0,20/12/2016,Organic,Bicycle,10.6,20.9,36.7,36.8,69.7,128.2,16,35,55,55,123,246,1.51,1.68,1.5,1.49,1.76,1.92,,,,,,,,,,,,
83202,New York,00:00.0,00:00.0,17/12/2016,Referral,Bicycle,15,15,15,15,15,15,20,20,20,20,20,20,1.33,1.33,1.33,1.33,1.33,1.33,,,,,,,,,,,,
83204,New York,00:00.0,00:00.0,01/01/2017,Organic,Scooter / Motorcycle,44.4,84.2,153.5,291.6,487.3,840.4,20,70,166,313,503,837,0.45,0.83,1.08,1.07,1.03,1,,,,,,,,,,,,
83205,New York,00:00.0,00:00.0,17/12/2016,Organic,Bicycle,0.3,0.3,0.3,0.3,0.3,0.3,0,0,0,0,0,0,0,0,0,0,0,0,,,,,,,,,,,,
83209,New York,00:00.0,00:00.0,18/12/2016,Organic,Scooter / Motorcycle,78.9,143.7,203.6,421.8,485.8,536,62,119,180,435,488,562,0.79,0.83,0.88,1.03,1,1.05,,,,2,4,4,,,,0,0,2
83219,New York,00:00.0,00:00.0,28/02/2017,Referral,Bicycle,8.2,19.6,36.7,54.6,54.6,108.4,18,44,88,133,133,285,2.19,2.25,2.4,2.44,2.44,2.63,,,,,,1,,,,,,1
83225,New York,00:00.0,00:00.0,19/12/2016,Organic,Bicycle,12.3,25.7,52.4,106.7,154.4,200.5,20,49,98,186,269,353,1.62,1.91,1.87,1.74,1.74,1.76,,,,1,1,1,,,,1,1,1
83234,New York,00:00.0,00:00.0,22/12/2016,Referral,Scooter / Motorcycle,39.6,85.4,138.1,180.7,194.7,547.9,89,177,265,333,357,1187,2.24,2.07,1.92,1.84,1.83,2.17,1,1,1,1,1,3,0,0,0,0,0,0
83241,Rio de Janeiro,00:00.0,00:00.0,18/12/2016,Organic,Bicycle,19.9,28.9,39.2,59.8,68.2,80.4,51,81,102,157,179,210,2.57,2.81,2.6,2.63,2.63,2.61,,,,,,,,,,,,
83242,Rio de Janeiro,00:00.0,00:00.0,27/12/2016,Organic,Bicycle,10.8,12.6,12.6,14.5,16.3,16.3,18,21,21,25,29,29,1.67,1.67,1.67,1.73,1.77,1.77,,,,,,,,,,,,
83243,Rio de Janeiro,00:00.0,00:00.0,20/12/2016,Organic,Bicycle,28.4,43.5,87.4,116.8,121.5,175.6,54,89,192,253,267,391,1.9,2.05,2.2,2.17,2.2,2.23,,,,,,,,,,,,
83245,Rio de Janeiro,00:00.0,00:00.0,18/12/2016,Organic,Bicycle,27.4,47.1,63.2,90.9,98,110.9,55,95,141,225,241,280,2.01,2.02,2.23,2.48,2.46,2.52,,,,,,,,,,,,
83246,Rio de Janeiro,,,19/12/2016,Unknown,Bicycle,19.9,19.9,26.4,93.3,175,424.4,29,29,36,182,393,914,1.46,1.46,1.37,1.95,2.25,2.15,,,,,,,,,,,,
83248,Rio de Janeiro,00:00.0,00:00.0,18/12/2016,Organic,Bicycle,26.5,45.1,54.4,54.4,81.9,83.9,49,93,112,112,181,184,1.85,2.06,2.06,2.06,2.21,2.19,,,,1,1,1,,,,0,0,0
83252,Rio de Janeiro,00:00.0,00:00.0,18/12/2016,Organic,Bicycle,26.2,49.1,104.7,221.1,338.6,763,48,95,207,526,871,2113,1.83,1.94,1.98,2.38,2.57,2.77,,,,,,,,,,,,
83257,Rio de Janeiro,00:00.0,00:00.0,18/12/2016,Organic,Bicycle,14.1,16.9,19.4,30.5,30.5,30.5,27,35,39,67,67,67,1.91,2.07,2.01,2.2,2.2,2.2,,,,,,,,,,,,
83265,Rio de Janeiro,00:00.0,00:00.0,18/12/2016,Organic,Bicycle,28.4,53.6,119.9,282.5,449.7,959.4,45,87,222,581,938,2053,1.58,1.62,1.85,2.06,2.09,2.14,,,,,,,,,,,,
83268,New York,00:00.0,00:00.0,18/12/2016,Referral,Scooter / Motorcycle,63.1,95.6,177.9,280.7,470.7,1008.3,58,91,181,288,460,762,0.92,0.95,1.02,1.03,0.98,0.76,,,,,1,3,,,,,0,2
83287,Rio de Janeiro,00:00.0,00:00.0,18/12/2016,Offline,Bicycle,9.5,17.9,30.9,94.7,176.7,403.7,13,23,45,165,329,779,1.38,1.29,1.46,1.74,1.86,1.93,,,,,,4,,,,,,0
83294,New York,00:00.0,00:00.0,18/12/2016,Referral,Scooter / Motorcycle,50.2,94,180.8,375.2,606.6,868.9,76,135,250,592,1060,1637,1.51,1.44,1.38,1.58,1.75,1.88,,,,,,,,,,,,
83298,Rio de Janeiro,00:00.0,00:00.0,18/12/2016,Referral,Bicycle,9,41.6,126.5,291.2,410.3,769.8,19,85,244,673,988,1807,2.11,2.04,1.93,2.31,2.41,2.35,,,,,,,,,,,,
83300,Rio de Janeiro,00:00.0,00:00.0,18/12/2016,Organic,Bicycle,25.8,39.7,72.2,103.7,103.7,103.7,44,84,166,243,243,243,1.7,2.11,2.3,2.34,2.34,2.34,,,1,1,1,1,,,0,0,0,0
83301,Rio de Janeiro,00:00.0,00:00.0,04/02/2017,Organic,Bicycle,31,61.2,118.4,233.8,294.7,454.3,82,170,344,630,778,1249,2.64,2.78,2.91,2.69,2.64,2.75,,,,1,1,1,,,,0,0,0
83304,Rio de Janeiro,00:00.0,00:00.0,23/12/2016,Organic,Bicycle,5,5,5,5,5,5,7,7,7,7,7,7,1.4,1.4,1.4,1.4,1.4,1.4,,,,,,,,,,,,
83315,Rio de Janeiro,00:00.0,00:00.0,03/01/2017,Organic,Bicycle,6.2,7.8,12,14.1,14.1,43,11,15,31,37,37,108,1.78,1.92,2.57,2.62,2.62,2.51,,,,,,,,,,,,
83317,Rio de Janeiro,00:00.0,00:00.0,21/12/2016,Organic,Bicycle,12.3,30.6,62.1,90.5,93.3,93.3,26,58,113,172,179,179,2.12,1.9,1.82,1.9,1.92,1.92,,,,1,1,1,,,,0,0,0
83318,Rio de Janeiro,00:00.0,00:00.0,23/12/2016,Organic,Bicycle,13.1,20.4,20.4,20.4,20.4,20.4,26,43,43,43,43,43,1.98,2.11,2.11,2.11,2.11,2.11,,,,,,,,,,,,
83319,Rio de Janeiro,00:00.0,00:00.0,21/12/2016,Organic,Bicycle,16.3,24.6,41.5,76.5,143.5,276.2,33,58,100,194,356,665,2.03,2.36,2.41,2.53,2.48,2.41,,,,,,,,,,,,
83320,Rio de Janeiro,,,18/12/2016,Unknown,Bicycle,23.9,39.9,50,50,50,50,57,94,115,115,115,115,2.38,2.35,2.3,2.3,2.3,2.3,,,,,,,,,,,,
83323,New York,00:00.0,00:00.0,18/12/2016,Digital,Bicycle,21.6,24.7,27.7,27.7,27.7,27.7,15,24,32,32,32,32,0.69,0.97,1.16,1.16,1.16,1.16,,,,,,,,,,,,
83335,New York,00:00.0,00:00.0,24/12/2016,Referral,Scooter / Motorcycle,33.2,52.9,75,149.6,333.3,924.7,66,121,182,383,896,2468,1.99,2.29,2.43,2.56,2.69,2.67,4,4,4,4,8,8,0,0,0,0,0,0
83341,New York,00:00.0,00:00.0,19/12/2016,Digital,Scooter / Motorcycle,16.3,21.9,39.5,90.3,131.3,222.6,25,39,75,254,400,658,1.53,1.78,1.9,2.81,3.05,2.96,,,,,,,,,,,,
83345,New York,00:00.0,00:00.0,17/12/2016,Digital,Bicycle,25.7,50.2,102.5,150.5,170.5,282.4,8,16,48,93,106,212,0.31,0.32,0.47,0.62,0.62,0.75,,,,,,,,,,,,
83355,New York,00:00.0,00:00.0,20/12/2016,Digital,Bicycle,16.8,21.7,33,43.9,43.9,43.9,38,46,65,83,83,83,2.26,2.12,1.97,1.89,1.89,1.89,,,,,,,,,,,,
83367,New York,00:00.0,00:00.0,19/12/2016,Digital,Bicycle,16.8,28.8,80.6,163.3,276.7,554.2,27,39,119,221,366,765,1.6,1.35,1.48,1.35,1.32,1.38,,,,,,,,,,,,
83372,New York,00:00.0,00:00.0,27/12/2016,Referral,Bicycle,7.2,11.6,14.7,24.7,35.6,61.3,16,26,35,60,85,145,2.21,2.24,2.38,2.43,2.39,2.37,,,,1,2,2,,,,0,2,2
83375,New York,00:00.0,00:00.0,19/12/2016,Offline,Scooter / Motorcycle,14.4,15.7,18.7,44.6,51,51,34,39,46,70,76,76,2.37,2.49,2.46,1.57,1.49,1.49,,,,,1,1,,,,,0,0
83378,New York,00:00.0,00:00.0,18/12/2016,Digital,Bicycle,15,15,15,15,15,15,32,32,32,32,32,32,2.13,2.13,2.13,2.13,2.13,2.13,,,,,,,,,,,,
83403,New York,00:00.0,00:00.0,24/12/2016,Referral,Bicycle,21.7,24,29.1,90,178,545.1,20,20,32,184,410,1075,0.92,0.83,1.1,2.04,2.3,1.97,,,,,,3,,,,,,0
83409,New York,00:00.0,00:00.0,23/12/2016,Referral,Bicycle,22.3,45,84.4,182.6,273.3,479.4,57,101,191,410,617,1018,2.56,2.24,2.26,2.24,2.26,2.12,,,,,2,2,,,,,0,0
83411,New York,00:00.0,00:00.0,17/12/2016,Referral,Bicycle,6,12.2,15.4,30.2,39.9,39.9,9,22,25,52,73,73,1.51,1.8,1.63,1.72,1.83,1.83,,,,,,,,,,,,
83417,New York,00:00.0,00:00.0,21/12/2016,Referral,Scooter / Motorcycle,8,8,8,8,8,8,17,17,17,17,17,17,2.12,2.12,2.12,2.12,2.12,2.12,,,,,,,,,,,,
83428,New York,00:00.0,00:00.0,18/12/2016,Digital,Scooter / Motorcycle,28.4,52,94.4,156.7,187,201.7,39,82,164,291,353,379,1.38,1.58,1.74,1.86,1.89,1.88,,,,,,,,,,,,
83429,New York,00:00.0,00:00.0,18/12/2016,Organic,Scooter / Motorcycle,81.3,145.1,248.6,415.1,558.4,1001.8,162,306,564,1055,1528,2156,1.99,2.11,2.27,2.54,2.74,2.15,,,,,,1,,,,,,0
83433,New York,00:00.0,00:00.0,18/12/2016,Digital,Bicycle,1,1,1,1,1,1,0,0,0,0,0,0,0,0,0,0,0,0,,,,,,,,,,,,
83434,New York,00:00.0,00:00.0,17/12/2016,Digital,Bicycle,2.8,2.8,2.8,2.8,2.8,2.8,0,0,0,0,0,0,0,0,0,0,0,0,,,,,,,,,,,,
83436,New York,00:00.0,00:00.0,19/12/2016,Digital,Bicycle,1,1,1,15.1,32.7,59.2,1,1,1,22,51,94,0.97,0.97,0.97,1.46,1.56,1.59,,,,,,1,,,,,,0
83439,New York,00:00.0,00:00.0,12/01/2017,Digital,Bicycle,3.5,3.5,3.5,3.5,3.5,3.5,6,6,6,6,6,6,1.71,1.71,1.71,1.71,1.71,1.71,,,,,,,,,,,,
83440,New York,00:00.0,00:00.0,19/12/2016,Offline,Scooter / Motorcycle,27.1,42.8,51.8,51.8,51.8,51.8,27,40,57,57,57,57,1,0.93,1.1,1.1,1.1,1.1,,,,,,,,,,,,
83441,New York,00:00.0,00:00.0,19/12/2016,Organic,Bicycle,23,47.9,69.8,157.3,171,171,23,54,56,111,123,123,1,1.13,0.8,0.71,0.72,0.72,,,,,,,,,,,,
83442,New York,00:00.0,00:00.0,21/12/2016,Referral,Bicycle,10.8,15.3,25.9,28.6,28.6,28.6,11,16,30,33,33,33,1.02,1.05,1.16,1.16,1.16,1.16,,,,,,,,,,,,
83443,New York,00:00.0,00:00.0,19/12/2016,Organic,Bicycle,4.8,6.4,16.5,30.2,30.2,30.2,8,10,28,52,52,52,1.67,1.55,1.69,1.72,1.72,1.72,,,,,,,,,,,,
83444,New York,00:00.0,00:00.0,18/12/2016,Organic,Bicycle,42.6,104.6,229.7,473.8,693.7,1303.8,21,63,169,471,819,1781,0.49,0.6,0.74,0.99,1.18,1.37,,,,,2,2,,,,,0,0
83491,Cape Town,00:00.0,00:00.0,22/12/2016,Job Platforms,Bicycle,9.6,14.3,22.7,45.7,65.6,134.7,25,35,57,113,164,383,2.61,2.45,2.51,2.47,2.5,2.84,,,,,,,,,,,,
83493,Cape Town,00:00.0,00:00.0,25/12/2016,Organic,Motor Vehicle,6.7,9.7,12.6,17.9,18.4,31.2,12,20,30,45,45,82,1.79,2.05,2.38,2.51,2.44,2.63,,,,,,,,,,,,
83494,Cape Town,00:00.0,00:00.0,22/12/2016,Organic,Bicycle,47,64.4,87.8,143.4,179.6,288.6,99,142,201,347,442,722,2.11,2.21,2.29,2.42,2.46,2.5,,,,,,,,,,,,
83502,Rio de Janeiro,00:00.0,00:00.0,19/12/2016,Organic,Bicycle,43.7,68.2,102,109.5,109.5,109.5,96,154,241,261,261,261,2.2,2.26,2.36,2.38,2.38,2.38,,,,,,,,,,,,
83506,Rio de Janeiro,00:00.0,00:00.0,19/12/2016,Organic,Bicycle,44.3,91.9,144.1,257.2,277.9,373.3,53,129,236,502,557,803,1.2,1.4,1.64,1.95,2,2.15,,,,,,,,,,,,
83509,Rio de Janeiro,00:00.0,00:00.0,19/12/2016,Organic,Bicycle,5.8,10.9,19.4,24.9,24.9,24.9,8,17,36,51,51,51,1.38,1.56,1.86,2.05,2.05,2.05,,,,3,3,3,,,,0,0,0
83511,Rio de Janeiro,00:00.0,00:00.0,21/12/2016,Organic,Bicycle,9.7,18.2,36.4,89,117.4,185.4,19,39,82,209,278,423,1.96,2.14,2.25,2.35,2.37,2.28,,1,1,1,1,1,,0,1,1,1,1
83515,Rio de Janeiro,00:00.0,00:00.0,21/12/2016,Organic,Bicycle,6,8,14.6,35.4,35.4,35.4,15,19,29,75,75,75,2.49,2.37,1.99,2.12,2.12,2.12,,,,,,,,,,,,
83561,New York,00:00.0,00:00.0,19/12/2016,Referral,Scooter / Motorcycle,22.3,39.8,65.5,136.5,234.4,249.8,49,94,169,385,672,710,2.19,2.36,2.58,2.82,2.87,2.84,,,,,,,,,,,,
83582,New York,00:00.0,00:00.0,21/12/2016,Organic,Bicycle,5.3,5.3,5.3,5.3,5.3,5.3,8,8,8,8,8,8,1.51,1.51,1.51,1.51,1.51,1.51,,,,,,,,,,,,
83608,Rio de Janeiro,00:00.0,00:00.0,18/12/2016,Organic,Bicycle,21.1,35.8,80.1,97,97,97,27,52,141,178,178,178,1.28,1.45,1.76,1.83,1.83,1.83,,,1,3,3,3,,,0,0,0,0
83610,Rio de Janeiro,00:00.0,00:00.0,18/12/2016,Organic,Bicycle,16.4,33.5,49.6,49.6,49.6,49.6,42,90,128,128,128,128,2.56,2.68,2.58,2.58,2.58,2.58,2,2,2,2,2,2,0,0,0,0,0,0
83613,New York,00:00.0,00:00.0,20/12/2016,Organic,Bicycle,2.5,3.1,3.1,3.1,3.1,3.1,4,5,5,5,5,5,1.6,1.6,1.6,1.6,1.6,1.6,,,,,,,,,,,,
83617,New York,00:00.0,00:00.0,10/01/2017,Organic,Bicycle,22.7,27.7,55.5,90,111.9,166.8,38,45,92,161,202,259,1.68,1.63,1.66,1.79,1.81,1.55,,,,,,,,,,,,
83623,New York,00:00.0,00:00.0,21/12/2016,Organic,Bicycle,9.1,11.7,23.6,42,42,42,22,32,57,94,94,94,2.41,2.73,2.42,2.24,2.24,2.24,,,,,,,,,,,,
83627,New York,00:00.0,00:00.0,23/12/2016,Offline,Bicycle,27.5,41.4,65.5,98.2,98.2,98.2,51,84,142,206,206,206,1.86,2.03,2.17,2.1,2.1,2.1,,,,,,,,,,,,
83635,Rio de Janeiro,,,18/12/2016,Organic,Bicycle,59,104.2,146.2,208.9,420.7,958.3,63,132,199,347,798,2003,1.07,1.27,1.36,1.66,1.9,2.09,,,,,,,,,,,,
83646,New York,00:00.0,00:00.0,21/12/2016,Referral,Bicycle,19.8,29.6,42.9,42.9,42.9,42.9,25,39,58,58,58,58,1.26,1.32,1.35,1.35,1.35,1.35,,,,,,,,,,,,
83663,Rio de Janeiro,00:00.0,00:00.0,27/12/2016,Organic,Bicycle,5.2,15.3,41,54.7,149.4,323.6,13,41,109,160,452,1117,2.48,2.69,2.66,2.92,3.03,3.45,,,,,,,,,,,,
83665,Rio de Janeiro,00:00.0,00:00.0,19/12/2016,Organic,Bicycle,53,89.3,143.5,229.8,332,336.4,118,214,340,576,860,863,2.23,2.4,2.37,2.51,2.59,2.57,,,,,,,,,,,,
83668,New York,00:00.0,00:00.0,23/12/2016,Organic,Scooter / Motorcycle,27.4,45.9,71.5,87.5,87.5,87.5,63,109,191,227,227,227,2.3,2.37,2.67,2.59,2.59,2.59,,,,,,,,,,,,
83679,New York,00:00.0,00:00.0,20/12/2016,Digital,Bicycle,19.4,48.8,99.9,136.6,142.8,142.8,19,58,126,170,183,183,0.98,1.19,1.26,1.24,1.28,1.28,,,,,,,,,,,,
83695,New York,00:00.0,00:00.0,18/12/2016,Organic,Scooter / Motorcycle,6.1,22.9,52.7,104.5,120.8,120.8,10,47,133,273,307,307,1.64,2.05,2.52,2.61,2.54,2.54,,,1,2,2,2,,,0,1,1,1
83697,Rio de Janeiro,00:00.0,00:00.0,22/12/2016,Organic,Bicycle,11.5,11.5,11.5,11.5,11.5,11.5,21,21,21,21,21,21,1.83,1.83,1.83,1.83,1.83,1.83,,,,,,,,,,,,
83702,New York,00:00.0,00:00.0,23/12/2016,Referral,Bicycle,9.9,13.2,32.4,67.6,97.6,130,10,16,54,137,221,295,1.01,1.21,1.67,2.03,2.27,2.27,,,,,,,,,,,,
83704,New York,00:00.0,00:00.0,28/12/2016,Digital,Bicycle,12.5,15.3,26.2,37.8,42.7,42.7,15,17,29,55,64,64,1.2,1.11,1.11,1.45,1.5,1.5,,,,,,,,,,,,
83707,New York,00:00.0,00:00.0,19/12/2016,Referral,Bicycle,9.5,21.7,32.7,54.7,75.3,75.3,14,43,69,123,177,177,1.48,1.98,2.11,2.25,2.35,2.35,,,,,,,,,,,,
83730,Rio de Janeiro,00:00.0,00:00.0,25/12/2016,Referral,Bicycle,8,17.6,30.2,62,88.5,90.7,17,40,72,149,215,220,2.12,2.27,2.38,2.4,2.43,2.43,,,,,,,,,,,,
83731,New York,00:00.0,00:00.0,24/12/2016,Offline,Scooter / Motorcycle,22.7,22.7,30.3,35.2,35.2,75.1,44,44,63,73,73,166,1.93,1.93,2.08,2.08,2.08,2.21,,,,,,,,,,,,
83732,New York,00:00.0,00:00.0,23/12/2016,Organic,Bicycle,3.2,3.2,3.2,3.2,3.2,3.2,3,3,3,3,3,3,0.94,0.94,0.94,0.94,0.94,0.94,,,,,,,,,,,,
83741,New York,00:00.0,00:00.0,20/12/2016,Digital,Bicycle,8.1,11.8,18,21,61.9,88.3,12,18,29,33,110,160,1.48,1.52,1.61,1.57,1.78,1.81,,,,1,1,1,,,,0,0,0
83744,New York,00:00.0,00:00.0,18/12/2016,Referral,Scooter / Motorcycle,24.7,96.7,230.4,402.7,603.6,1374.4,16,100,286,593,1001,2395,0.65,1.03,1.24,1.47,1.66,1.74,,,,,,,,,,,,
83745,New York,00:00.0,00:00.0,20/12/2016,Referral,Scooter / Motorcycle,34.6,67.4,123.2,228.9,303.4,600.2,65,134,265,513,700,1357,1.88,1.99,2.15,2.24,2.31,2.26,,,,,,,,,,,,
83748,New York,00:00.0,00:00.0,21/12/2016,Referral,Bicycle,17.7,32.4,76.3,110.5,110.5,118.8,14,24,44,63,63,66,0.79,0.74,0.58,0.57,0.57,0.56,,,,,,1,,,,,,1
83749,New York,00:00.0,00:00.0,20/12/2016,Referral,Scooter / Motorcycle,16.9,28.5,58.5,157.1,335.6,802.4,45,80,170,418,891,1915,2.67,2.81,2.91,2.66,2.66,2.39,,,,,,,,,,,,
83753,New York,00:00.0,00:00.0,22/12/2016,Offline,Bicycle,24,39.4,68.7,72.3,72.3,72.3,26,42,60,65,65,65,1.08,1.07,0.87,0.9,0.9,0.9,,,,,,,,,,,,
83755,New York,00:00.0,00:00.0,04/01/2017,Organic,Bicycle,17.8,21.6,21.6,21.6,21.6,21.6,29,34,34,34,34,34,1.63,1.57,1.57,1.57,1.57,1.57,,,,,,,,,,,,
83756,New York,00:00.0,00:00.0,21/12/2016,Referral,Scooter / Motorcycle,9.2,11.9,11.9,20.6,22.2,22.2,18,24,24,48,52,52,1.96,2.02,2.02,2.33,2.35,2.35,,,,,,1,,,,,,0
83767,New York,00:00.0,00:00.0,18/12/2016,Referral,Scooter / Motorcycle,17.2,73.3,183.6,393.4,594.8,1237.9,7,39,137,381,635,1183,0.41,0.53,0.75,0.97,1.07,0.96,,,,,,1,,,,,,0
83769,New York,00:00.0,00:00.0,22/12/2016,Organic,Scooter / Motorcycle,29.2,52.6,80,80,133.5,169.2,58,112,177,177,300,393,1.99,2.13,2.21,2.21,2.25,2.32,,2,2,2,2,2,,0,0,1,1,1
83775,New York,00:00.0,00:00.0,21/12/2016,Offline,Bicycle,9.7,15.6,21.5,27,37.2,37.2,16,36,55,73,102,102,1.66,2.31,2.56,2.7,2.74,2.74,,,,,,,,,,,,
83786,New York,00:00.0,00:00.0,29/12/2016,Digital,Bicycle,15.1,25.9,48.4,87.9,124.7,203.2,30,52,78,161,239,339,1.99,2.01,1.61,1.83,1.92,1.67,,,,,,,,,,,,
83787,New York,,,23/12/2016,Unknown,Scooter / Motorcycle,66.1,129.4,244.3,416.3,679.3,1438.8,61,127,270,426,787,1936,0.92,0.98,1.11,1.02,1.16,1.35,,,1,1,1,2,,,0,0,0,0
83793,New York,00:00.0,00:00.0,22/12/2016,Organic,Scooter / Motorcycle,43.7,58.8,104.6,154.7,235.3,396.5,63,80,140,227,353,469,1.44,1.36,1.34,1.47,1.5,1.18,,,,,,,,,,,,
83794,New York,00:00.0,00:00.0,27/12/2016,Organic,Bicycle,13.4,19.5,25.4,32.1,37.9,37.9,38,54,64,81,97,97,2.84,2.77,2.52,2.52,2.56,2.56,,,,,,,,,,,,
83842,Rio de Janeiro,00:00.0,00:00.0,19/12/2016,Referral,Bicycle,18.1,23.1,40.1,109.7,169.7,171.9,30,40,77,276,457,460,1.65,1.73,1.92,2.52,2.69,2.68,,,,1,4,4,,,,0,0,0
83844,Rio de Janeiro,00:00.0,00:00.0,21/12/2016,Organic,Bicycle,14.4,26.3,42,122,209,652.5,23,33,54,270,506,1570,1.6,1.25,1.29,2.21,2.42,2.41,,,,,,,,,,,,
83846,Rio de Janeiro,00:00.0,00:00.0,19/12/2016,Organic,Bicycle,6.8,18.2,51,79.5,99.6,168.3,15,46,143,251,330,594,2.2,2.53,2.8,3.16,3.31,3.53,,,,,,,,,,,,
83882,New York,00:00.0,00:00.0,23/12/2016,Organic,Bicycle,32.9,57.2,102.5,199.7,286.7,576.4,54,79,149,375,598,1116,1.64,1.38,1.45,1.88,2.09,1.94,,,,,,,,,,,,
83911,New York,00:00.0,00:00.0,20/12/2016,Organic,Bicycle,14.3,24.4,45.8,73.6,73.6,73.6,34,56,99,143,143,143,2.38,2.3,2.16,1.94,1.94,1.94,,,,,,,,,,,,
83915,New York,00:00.0,00:00.0,19/12/2016,Offline,Bicycle,14.2,14.2,14.2,14.2,18.9,28.2,29,29,29,29,33,55,2.04,2.04,2.04,2.04,1.74,1.95,,,,,,2,,,,,,0
83924,Rio de Janeiro,,,19/12/2016,Unknown,Scooter / Motorcycle,22.3,24.4,24.4,166.6,323.5,848.8,64,68,68,483,908,2283,2.86,2.79,2.79,2.9,2.81,2.69,,,,,,2,,,,,,0
83928,New York,00:00.0,00:00.0,24/12/2016,Job Platforms,Bicycle,25.2,28.1,35.7,54.4,54.4,54.4,64,75,100,144,144,144,2.54,2.67,2.8,2.65,2.65,2.65,,,,,,,,,,,,
83936,New York,00:00.0,00:00.0,28/12/2016,Offline,Bicycle,5.8,5.8,5.8,5.8,5.8,5.8,13,13,13,13,13,13,2.26,2.26,2.26,2.26,2.26,2.26,,,,,,,,,,,,
83941,New York,00:00.0,00:00.0,21/12/2016,Organic,Bicycle,5.2,12.3,15.9,20.5,34.5,39.3,10,28,37,44,81,88,1.94,2.28,2.32,2.15,2.35,2.24,,,,,,,,,,,,
83962,Rio de Janeiro,00:00.0,00:00.0,03/02/2017,Organic,Bicycle,2.5,2.5,2.5,2.5,2.5,2.5,5,5,5,5,5,5,1.98,1.98,1.98,1.98,1.98,1.98,,,,,,,,,,,,
83963,Rio de Janeiro,00:00.0,00:00.0,20/12/2016,Organic,Bicycle,11.3,19.7,32.6,44.4,44.4,44.4,26,53,87,118,118,118,2.29,2.68,2.67,2.66,2.66,2.66,,,,,,,,,,,,
83968,Rio de Janeiro,00:00.0,00:00.0,20/12/2016,Organic,Bicycle,23.5,54,111.3,214.5,322,397.9,50,114,250,590,880,1107,2.13,2.11,2.25,2.75,2.73,2.78,,,,,,,,,,,,
83972,New York,00:00.0,00:00.0,25/12/2016,Offline,Bicycle,11.2,14.2,28.7,28.7,28.7,28.7,19,24,43,43,43,43,1.69,1.7,1.5,1.5,1.5,1.5,,,,,,,,,,,,
84002,New York,00:00.0,00:00.0,24/12/2016,Organic,Bicycle,13.1,22.5,39.7,39.7,39.7,39.7,35,58,97,97,97,97,2.67,2.58,2.44,2.44,2.44,2.44,,,,,,,,,,,,
84005,Rio de Janeiro,00:00.0,00:00.0,19/12/2016,Organic,Bicycle,72.8,139.3,260.1,469.6,699.9,1375.3,95,185,356,865,1449,3167,1.31,1.33,1.37,1.84,2.07,2.3,,,,,,2,,,,,,0
84006,Rio de Janeiro,00:00.0,00:00.0,21/12/2016,Organic,Bicycle,9.5,14.7,16.5,16.5,16.5,16.5,23,33,38,38,38,38,2.41,2.25,2.3,2.3,2.3,2.3,,,,,,,,,,,,
84007,Rio de Janeiro,00:00.0,00:00.0,21/12/2016,Organic,Bicycle,15.6,20.8,56.1,82,82,82,29,42,122,185,185,185,1.86,2.02,2.18,2.26,2.26,2.26,,1,1,1,1,1,,0,0,0,0,0
84016,New York,00:00.0,00:00.0,19/12/2016,Organic,Scooter / Motorcycle,34.6,85,156.3,296.9,415.4,566.3,20,70,164,352,497,662,0.58,0.82,1.05,1.19,1.2,1.17,,,,,1,4,,,,,0,2
84024,New York,00:00.0,00:00.0,23/12/2016,Organic,Bicycle,7.1,7.1,11.8,17,22.1,22.1,9,9,16,30,43,43,1.27,1.27,1.35,1.77,1.95,1.95,,,,,,,,,,,,
84025,New York,00:00.0,00:00.0,23/12/2016,Organic,Bicycle,14,25.5,56.6,99.7,102.8,143.3,13,30,55,95,100,183,0.93,1.18,0.97,0.95,0.97,1.28,,,,,,,,,,,,
84034,New York,00:00.0,00:00.0,27/12/2016,Referral,Bicycle,12.7,18.7,35.9,87.1,105.3,146.4,30,44,82,211,242,322,2.37,2.35,2.28,2.42,2.3,2.2,,,,,,4,,,,,,0
84037,New York,00:00.0,00:00.0,26/12/2016,Digital,Bicycle,4.5,4.5,4.5,4.5,4.5,4.5,9,9,9,9,9,9,2.01,2.01,2.01,2.01,2.01,2.01,,,,,,,,,,,,
84039,New York,00:00.0,00:00.0,19/12/2016,Organic,Bicycle,0.3,0.3,0.3,0.3,0.3,0.3,0,0,0,0,0,0,0,0,0,0,0,0,,,,,,,,,,,,
84048,New York,00:00.0,00:00.0,19/12/2016,Organic,Bicycle,1.2,1.2,12.7,16.5,16.5,21.2,0,0,21,26,26,33,0,0,1.66,1.58,1.58,1.56,,,,,,,,,,,,
84051,New York,00:00.0,00:00.0,23/12/2016,Digital,Bicycle,34.2,54.1,54.1,54.1,54.1,117.2,12,16,16,16,16,88,0.35,0.3,0.3,0.3,0.3,0.75,,,,,,,,,,,,
84052,New York,00:00.0,00:00.0,27/12/2016,Referral,Bicycle,9.9,9.9,9.9,9.9,17,17,20,20,20,20,31,31,2.01,2.01,2.01,2.01,1.82,1.82,,,,,1,1,,,,,0,0
84054,New York,00:00.0,00:00.0,21/12/2016,Referral,Bicycle,8.1,11.1,13.4,13.4,13.4,13.4,14,19,23,23,23,23,1.74,1.71,1.72,1.72,1.72,1.72,,,,,,,,,,,,
84064,New York,00:00.0,00:00.0,27/12/2016,Organic,Bicycle,10.7,19.3,27.6,45.7,52.6,89.9,28,46,66,113,124,181,2.61,2.39,2.39,2.47,2.36,2.01,,,,,,,,,,,,
84075,New York,00:00.0,00:00.0,25/12/2016,Referral,Bicycle,15.1,21.4,40.8,58.7,58.7,58.7,21,32,66,98,98,98,1.39,1.49,1.62,1.67,1.67,1.67,,,,,,,,,,,,
84077,New York,00:00.0,00:00.0,19/12/2016,Digital,Bicycle,0.5,0.7,1.1,1.3,1.3,1.3,0,0,0,0,0,0,0,0,0,0,0,0,,,,,,,,,,,,
84131,Rio de Janeiro,00:00.0,00:00.0,21/12/2016,Organic,Bicycle,18.5,21.8,26.2,48.9,62.8,66.7,25,31,42,93,123,130,1.35,1.42,1.6,1.9,1.96,1.95,4,4,5,5,5,5,0,0,0,0,0,0
84132,Rio de Janeiro,00:00.0,00:00.0,20/12/2016,Organic,Bicycle,23.4,49.4,101.1,198.5,289.4,592.3,45,112,239,529,783,1693,1.92,2.27,2.36,2.67,2.71,2.86,,,,,,,,,,,,
84133,Rio de Janeiro,00:00.0,00:00.0,21/12/2016,Organic,Bicycle,11.4,23.2,43.8,72.5,99.4,113.2,20,38,75,147,210,242,1.75,1.64,1.71,2.03,2.11,2.14,,,,,,,,,,,,
84136,Rio de Janeiro,00:00.0,00:00.0,22/12/2016,Organic,Bicycle,7.9,21.7,42.2,64.2,66.4,66.4,15,42,99,159,165,165,1.89,1.94,2.35,2.48,2.48,2.48,,,,,,,,,,,,
84172,New York,00:00.0,00:00.0,23/12/2016,Organic,Scooter / Motorcycle,39.2,65.3,130,207.1,225.4,225.4,76,122,253,411,462,462,1.94,1.87,1.95,1.98,2.05,2.05,,,,,,,,,,,,
84192,New York,00:00.0,00:00.0,22/12/2016,Referral,Bicycle,28.8,52.8,74.9,163,238.6,395,47,97,139,323,489,777,1.63,1.84,1.86,1.98,2.05,1.97,,,,,,1,,,,,,1
84195,New York,00:00.0,00:00.0,27/12/2016,Referral,Scooter / Motorcycle,19.7,33.3,43.4,48.6,66.4,241.6,29,48,67,77,113,470,1.47,1.44,1.54,1.58,1.7,1.95,,,,,,,,,,,,
84200,New York,00:00.0,00:00.0,29/12/2016,Referral,Bicycle,18.3,31.4,61.9,98,120.2,137.7,37,70,140,238,299,347,2.02,2.23,2.26,2.43,2.49,2.52,,,,,,,,,,,,
84213,New York,00:00.0,00:00.0,20/12/2016,Referral,Bicycle,12.5,21.2,39,69.3,114.9,156.2,18,38,85,163,270,350,1.44,1.79,2.18,2.35,2.35,2.24,,,,,,,,,,,,
84231,New York,00:00.0,00:00.0,20/12/2016,Digital,Bicycle,12.4,13.3,13.3,13.3,13.3,13.3,5,6,6,6,6,6,0.4,0.45,0.45,0.45,0.45,0.45,,,,,,,,,,,,
84243,New York,00:00.0,00:00.0,25/12/2016,Digital,Bicycle,23.6,31.9,36.4,74.7,101.7,101.7,11,15,20,56,91,91,0.47,0.47,0.55,0.75,0.89,0.89,,,,1,3,3,,,,0,0,0
84254,Rio de Janeiro,00:00.0,00:00.0,21/12/2016,Organic,Bicycle,10.3,10.3,10.3,22.3,31.4,291.6,15,15,15,41,55,681,1.46,1.46,1.46,1.84,1.75,2.34,,,,,,,,,,,,
84256,Rio de Janeiro,00:00.0,00:00.0,02/01/2017,Organic,Bicycle,4.5,4.5,4.5,4.5,4.5,4.5,5,5,5,5,5,5,1.11,1.11,1.11,1.11,1.11,1.11,,,,,,,,,,,,
84257,Rio de Janeiro,00:00.0,00:00.0,23/12/2016,Organic,Bicycle,2.2,2.2,8.5,37.1,108.8,421.3,3,3,19,99,310,1074,1.38,1.38,2.23,2.67,2.85,2.55,,,,,,,,,,,,
84259,Rio de Janeiro,00:00.0,00:00.0,31/12/2016,Organic,Bicycle,6.2,7.3,17.4,40.8,41.9,54.2,3,6,27,84,87,99,0.48,0.82,1.55,2.06,2.07,1.83,,,,,,,,,,,,
84260,Rio de Janeiro,00:00.0,00:00.0,21/12/2016,Organic,Bicycle,73.7,133.3,271,553.3,816,1285.1,92,222,488,1133,1928,3448,1.25,1.67,1.8,2.05,2.36,2.68,,,,,,,,,,,,
84261,Rio de Janeiro,00:00.0,00:00.0,22/12/2016,Organic,Bicycle,13.2,20.4,45.2,72.4,75.3,77.7,27,42,108,178,186,189,2.04,2.06,2.39,2.46,2.47,2.43,,,,,,,,,,,,
84262,Rio de Janeiro,00:00.0,00:00.0,21/12/2016,Organic,Bicycle,67.1,140.9,278.9,542.3,818.7,1365.5,114,263,520,1106,1818,3316,1.7,1.87,1.86,2.04,2.22,2.43,,,,,,,,,,,,
84270,Rio de Janeiro,00:00.0,00:00.0,20/12/2016,Referral,Bicycle,9.5,24.5,50.6,59.3,65.3,91.9,26,58,123,143,158,221,2.73,2.37,2.43,2.41,2.42,2.4,,,1,1,1,1,,,0,0,0,0
84271,Rio de Janeiro,00:00.0,00:00.0,21/12/2016,Organic,Bicycle,12.3,23.9,46.3,74,92.4,139.8,29,64,138,244,304,480,2.37,2.67,2.98,3.3,3.29,3.43,1,2,2,2,2,2,0,0,0,0,0,0
84272,Rio de Janeiro,00:00.0,00:00.0,21/12/2016,Organic,Bicycle,44.8,58.3,76.1,131.9,272,554.2,46,65,93,210,503,1104,1.03,1.11,1.22,1.59,1.85,1.99,,,,,,,,,,,,
84275,Rio de Janeiro,00:00.0,00:00.0,22/12/2016,Organic,Bicycle,17,22.5,32.4,46.7,49.4,91.4,9,21,34,59,63,150,0.53,0.94,1.05,1.26,1.27,1.64,,,,1,1,1,,,,0,0,0
84281,Rio de Janeiro,00:00.0,00:00.0,20/12/2016,Organic,Bicycle,5.1,11.3,20.3,46.3,72.5,92.4,12,27,44,125,187,228,2.34,2.38,2.17,2.7,2.58,2.47,,,,,,,,,,,,
84292,New York,00:00.0,00:00.0,22/12/2016,Referral,Bicycle,22.6,41.7,77.3,146.2,203.9,272.5,18,39,75,111,134,153,0.8,0.93,0.97,0.76,0.66,0.56,,,,,,,,,,,,
84298,Rio de Janeiro,00:00.0,00:00.0,15/01/2017,Organic,Bicycle,38.9,70.4,174.7,388.5,522,823.3,94,177,478,1071,1458,2286,2.42,2.51,2.74,2.76,2.79,2.78,,,,,,,,,,,,
84299,Rio de Janeiro,00:00.0,00:00.0,21/12/2016,Organic,Bicycle,10.4,10.4,10.4,10.4,10.4,10.4,13,13,13,13,13,13,1.25,1.25,1.25,1.25,1.25,1.25,,,,,,,,,,,,
84310,New York,00:00.0,00:00.0,27/12/2016,Referral,Scooter / Motorcycle,20.7,36.2,68.7,155.7,240.9,556.4,54,104,206,515,822,1845,2.61,2.87,3,3.31,3.41,3.32,,,,,,7,,,,,,3
84311,New York,00:00.0,00:00.0,05/03/2017,Organic,Bicycle,35.5,53.7,57.3,87.6,173.6,173.6,116,180,193,303,471,471,3.27,3.35,3.37,3.46,2.71,2.71,,,,,,,,,,,,
84324,New York,00:00.0,00:00.0,29/12/2016,Offline,Scooter / Motorcycle,8.6,14.3,18.5,18.5,18.5,274.3,13,27,34,34,34,606,1.52,1.88,1.84,1.84,1.84,2.21,,,,,,3,,,,,,2
84330,New York,00:00.0,00:00.0,27/12/2016,Organic,Bicycle,9.9,13.2,22.7,26,26,26,19,27,46,54,54,54,1.91,2.05,2.03,2.07,2.07,2.07,,,,,,,,,,,,
84350,Rio de Janeiro,00:00.0,00:00.0,21/12/2016,Organic,Bicycle,10.7,22.3,57.1,98.9,119.9,171.1,19,36,112,211,261,381,1.77,1.62,1.96,2.13,2.18,2.23,,,,,,,,,,,,
84353,New York,00:00.0,00:00.0,26/12/2016,Referral,Bicycle,11,17.4,17.4,21.3,27.4,27.4,17,31,31,37,53,53,1.54,1.78,1.78,1.74,1.93,1.93,,,,1,1,1,,,,1,1,1
84355,Rio de Janeiro,,,20/12/2016,Organic,Bicycle,5.6,8.1,27.3,73.7,116.1,127.4,7,9,41,147,221,238,1.26,1.11,1.5,1.99,1.9,1.87,,,,,,,,,,,,
84359,New York,00:00.0,00:00.0,06/01/2017,Job Platforms,Bicycle,16.2,32.8,57.1,81.5,117,203,34,67,117,173,256,416,2.09,2.05,2.05,2.12,2.19,2.05,,,,,1,3,,,,,0,0
84367,New York,00:00.0,00:00.0,25/12/2016,Referral,Scooter / Motorcycle,22.8,53.2,90.1,149,181.7,252.6,55,141,241,389,463,616,2.41,2.65,2.67,2.61,2.55,2.44,,,,,,,,,,,,
84368,New York,00:00.0,00:00.0,29/12/2016,Referral,Bicycle,14.9,36.2,36.7,36.7,36.7,36.7,7,14,14,14,14,14,0.47,0.39,0.38,0.38,0.38,0.38,,,,,,,,,,,,
84375,New York,00:00.0,00:00.0,20/12/2016,Referral,Scooter / Motorcycle,4.9,13.7,21.9,28.5,39.3,39.3,5,22,41,59,89,89,1.01,1.6,1.88,2.07,2.27,2.27,,,,,,,,,,,,
84376,New York,00:00.0,00:00.0,26/12/2016,Referral,Scooter / Motorcycle,12.6,17.2,28.9,65.1,71,71,31,43,75,183,199,199,2.47,2.5,2.6,2.81,2.8,2.8,,,,,1,1,,,,,0,0
84377,Cape Town,00:00.0,00:00.0,28/12/2016,Organic,Bicycle,18.8,46.1,56.8,82.9,133.5,158.9,29,103,131,189,304,363,1.54,2.23,2.31,2.28,2.28,2.29,,,,,,,,,,,,
84396,New York,00:00.0,00:00.0,22/12/2016,Organic,Bicycle,6.8,13.6,22.9,31.8,31.8,31.8,10,23,46,65,65,65,1.48,1.7,2.01,2.04,2.04,2.04,,,,,,,,,,,,
84397,New York,00:00.0,00:00.0,28/12/2016,Referral,Bicycle,2.9,9,20.9,28.6,28.6,28.6,1,8,25,37,37,37,0.34,0.89,1.19,1.29,1.29,1.29,,,,,,,,,,,,
84426,New York,00:00.0,00:00.0,21/12/2016,Referral,Bicycle,7.9,12.1,38.6,66.4,69.7,69.7,8,15,55,119,126,126,1.01,1.24,1.42,1.79,1.81,1.81,,,,,1,1,,,,,0,0
84435,New York,00:00.0,00:00.0,27/12/2016,Referral,Bicycle,6,9,13.7,19.1,19.1,20.5,9,16,25,39,39,42,1.5,1.77,1.83,2.04,2.04,2.05,,,,,,,,,,,,
84436,New York,00:00.0,00:00.0,21/12/2016,Organic,Bicycle,11.4,18.6,26.8,28.7,28.7,28.7,17,29,45,49,49,49,1.49,1.56,1.68,1.7,1.7,1.7,,,,,,,,,,,,
84437,New York,00:00.0,00:00.0,23/12/2016,Referral,Bicycle,18.3,21,37.8,70.3,98.8,227.9,37,44,88,167,230,524,2.02,2.09,2.33,2.37,2.33,2.3,,,,,,,,,,,,
84440,New York,00:00.0,00:00.0,07/01/2017,Organic,Bicycle,19.5,19.6,32.9,32.9,32.9,32.9,4,4,16,16,16,16,0.21,0.2,0.49,0.49,0.49,0.49,,,,,,,,,,,,
84441,New York,00:00.0,00:00.0,21/12/2016,Referral,Bicycle,13.9,16.8,16.8,16.8,16.8,16.8,31,37,37,37,37,37,2.22,2.21,2.21,2.21,2.21,2.21,,,,,1,1,,,,,0,0
84442,New York,00:00.0,00:00.0,22/12/2016,Referral,Scooter / Motorcycle,21.1,30.3,47.4,51.3,104.9,584.1,22,37,65,76,159,864,1.04,1.22,1.37,1.48,1.52,1.48,,,,,,,,,,,,
84532,New York,00:00.0,00:00.0,27/12/2016,Digital,Bicycle,14.6,25.1,40.3,70.1,88.8,94.6,26,44,67,123,165,179,1.78,1.75,1.66,1.75,1.86,1.89,,,,,,,,,,,,
84561,New York,00:00.0,00:00.0,27/12/2016,Organic,Bicycle,11.5,11.5,15.5,18.9,28,28,28,28,36,46,68,68,2.43,2.43,2.32,2.44,2.43,2.43,,,,,,,,,,,,
84574,New York,00:00.0,00:00.0,23/12/2016,Organic,Bicycle,9.5,15,28.7,36.9,41.6,41.6,17,26,46,62,73,73,1.78,1.74,1.6,1.68,1.76,1.76,,,,,,,,,,,,
84630,Rio de Janeiro,00:00.0,00:00.0,24/12/2016,Organic,Bicycle,11.1,20.6,27.6,27.6,41.4,61.1,14,31,48,48,76,122,1.26,1.51,1.74,1.74,1.84,2,,,,,,,,,,,,
84633,Rio de Janeiro,00:00.0,00:00.0,25/12/2016,Organic,Bicycle,22.8,42.3,67.6,165.9,251.7,451.8,38,75,141,374,573,1021,1.67,1.77,2.09,2.25,2.28,2.26,,,,,,,,,,,,
84634,Rio de Janeiro,00:00.0,00:00.0,30/12/2016,Organic,Bicycle,11.1,13.9,31,55.9,96.5,201.2,30,39,95,175,306,577,2.69,2.81,3.07,3.13,3.17,2.87,,,,,,,,,,,,
84635,Rio de Janeiro,00:00.0,00:00.0,26/12/2016,Organic,Bicycle,32.3,42.3,66.8,111.1,146.1,169.4,70,92,152,264,337,399,2.17,2.18,2.27,2.38,2.31,2.36,,,,,,,,,,,,
84637,New York,00:00.0,00:00.0,16/01/2017,Referral,Bicycle,12.4,14.4,14.4,17.6,17.6,17.6,25,32,32,43,43,43,2.01,2.22,2.22,2.45,2.45,2.45,1,1,1,1,1,1,0,0,0,0,0,0
84638,Rio de Janeiro,00:00.0,00:00.0,24/12/2016,Organic,Bicycle,31.3,54,91.1,110.6,114.8,114.8,68,117,201,258,271,271,2.17,2.17,2.21,2.33,2.36,2.36,,,,,,,,,,,,
84639,Rio de Janeiro,00:00.0,00:00.0,23/12/2016,Organic,Bicycle,17.6,41.4,79.6,100.5,106.7,106.7,35,91,186,252,271,271,1.99,2.2,2.34,2.51,2.54,2.54,,,,,,,,,,,,
84644,Rio de Janeiro,00:00.0,00:00.0,27/12/2016,Organic,Bicycle,46.1,90.9,125,220.3,339.7,651,88,168,241,478,760,1505,1.91,1.85,1.93,2.17,2.24,2.31,,,,2,2,2,,,,0,1,1
84645,Rio de Janeiro,00:00.0,00:00.0,23/12/2016,Organic,Bicycle,12.6,29.9,67.4,157.3,240.4,744.7,19,34,111,343,596,1977,1.51,1.14,1.65,2.18,2.48,2.65,,,,,,1,,,,,,1
84655,New York,00:00.0,00:00.0,23/12/2016,Digital,Bicycle,5.9,13.6,35.4,61.3,98.6,98.6,5,7,7,7,7,7,0.85,0.52,0.2,0.11,0.07,0.07,,,,,,,,,,,,
84660,Rio de Janeiro,00:00.0,00:00.0,29/12/2016,Organic,Bicycle,5.2,9.4,18.9,38.1,59.4,78.8,11,19,37,76,120,142,2.11,2.03,1.96,1.99,2.02,1.8,,,,,,,,,,,,
84667,Rio de Janeiro,00:00.0,00:00.0,30/12/2016,Organic,Bicycle,5.3,9.8,26.1,40.4,66,74.1,13,25,70,113,179,200,2.43,2.56,2.68,2.8,2.71,2.7,,,,,,,,,,,,
84673,Rio de Janeiro,00:00.0,00:00.0,04/02/2017,Organic,Bicycle,26.7,38.6,48.3,48.3,97.1,135,56,80,96,96,203,280,2.1,2.07,1.99,1.99,2.09,2.07,,,,,,,,,,,,
84675,Rio de Janeiro,00:00.0,00:00.0,30/12/2016,Organic,Bicycle,0.7,0.7,0.7,0.7,0.7,0.7,1,1,1,1,1,1,1.48,1.48,1.48,1.48,1.48,1.48,,,,,,,,,,,,
84677,Rio de Janeiro,00:00.0,00:00.0,25/12/2016,Organic,Bicycle,12.1,24.3,38.9,72,103.5,211.2,30,61,100,207,296,551,2.49,2.51,2.57,2.87,2.86,2.61,,,,,,,,,,,,
84678,New York,00:00.0,00:00.0,24/12/2016,Referral,Bicycle,12.4,21.1,32.8,48.6,64.1,114.9,28,54,88,139,188,335,2.26,2.56,2.68,2.86,2.93,2.92,,,,,,,,,,,,
84680,Rio de Janeiro,00:00.0,00:00.0,26/12/2016,Organic,Bicycle,7.7,16.7,32.8,88.8,124.5,210,14,31,64,167,236,392,1.81,1.86,1.95,1.88,1.9,1.87,,,,,,,,,,,,
84681,Rio de Janeiro,00:00.0,00:00.0,27/12/2016,Organic,Bicycle,4.3,4.3,4.3,4.3,4.3,4.3,7,7,7,7,7,7,1.63,1.63,1.63,1.63,1.63,1.63,,,,,,,,,,,,
84685,Rio de Janeiro,00:00.0,00:00.0,27/12/2016,Organic,Bicycle,20.4,28.7,49.1,100.1,105.9,108.8,37,55,86,203,215,215,1.82,1.92,1.75,2.03,2.03,1.98,,,,,,,,,,,,
84688,Rio de Janeiro,00:00.0,00:00.0,30/12/2016,Organic,Bicycle,29.4,50.7,98.2,158.4,252,413.2,63,111,227,402,639,1035,2.14,2.19,2.31,2.54,2.54,2.5,,,,,,,,,,,,
84689,Rio de Janeiro,00:00.0,00:00.0,27/12/2016,Organic,Bicycle,6.1,6.1,6.1,6.1,6.1,6.1,12,12,12,12,12,12,1.98,1.98,1.98,1.98,1.98,1.98,,,,,,,,,,,,
84697,New York,00:00.0,00:00.0,19/03/2017,Digital,Scooter / Motorcycle,80,151.2,264.9,493.5,581.5,794,114,205,351,668,801,1295,1.42,1.36,1.33,1.35,1.38,1.63,,,,,,,,,,,,
84698,New York,00:00.0,00:00.0,26/12/2016,Digital,Bicycle,12.9,12.9,12.9,12.9,12.9,12.9,4,4,4,4,4,4,0.31,0.31,0.31,0.31,0.31,0.31,,,,,,,,,,,,
84704,New York,00:00.0,00:00.0,27/12/2016,Referral,Scooter / Motorcycle,12.7,22.6,39.2,104.1,209.5,500.5,26,50,92,272,603,1482,2.04,2.21,2.35,2.61,2.88,2.96,,,,,,1,,,,,,0
84705,New York,00:00.0,00:00.0,24/12/2016,Organic,Scooter / Motorcycle,43,78.7,144.8,245.5,350.5,641.6,92,177,329,589,846,1660,2.14,2.25,2.27,2.4,2.41,2.59,,,,,,1,,,,,,1
84709,New York,00:00.0,00:00.0,27/12/2016,Offline,Bicycle,15.1,25.8,27,27,27,29.4,36,61,61,61,61,69,2.38,2.36,2.26,2.26,2.26,2.35,,,,,,,,,,,,
84713,New York,00:00.0,00:00.0,27/12/2016,Referral,Bicycle,2.8,2.8,2.8,2.8,2.8,2.8,10,10,10,10,10,10,3.57,3.57,3.57,3.57,3.57,3.57,,,,,,,,,,,,
84717,New York,00:00.0,00:00.0,13/02/2017,Digital,Bicycle,42.9,54.5,102.8,227.1,347.1,633.3,113,141,277,564,897,1670,2.64,2.59,2.69,2.48,2.58,2.64,,,,,1,4,,,,,0,1
84720,Rio de Janeiro,00:00.0,00:00.0,18/01/2017,Organic,Bicycle,13,29.2,70.1,109.9,199.6,740.2,30,73,195,282,533,2086,2.32,2.5,2.78,2.56,2.67,2.82,,,,,,,,,,,,
84725,New York,00:00.0,00:00.0,24/12/2016,Referral,Bicycle,1.4,1.4,1.4,1.4,1.4,1.4,0,0,0,0,0,0,0,0,0,0,0,0,,,,,,,,,,,,
84731,New York,00:00.0,00:00.0,27/12/2016,Digital,Bicycle,8.2,12.5,12.5,19.8,30.5,36.9,9,14,14,29,58,72,1.09,1.12,1.12,1.47,1.9,1.95,,,,,,,,,,,,
84734,Rio de Janeiro,00:00.0,00:00.0,25/12/2016,Organic,Bicycle,14.9,18.7,20.6,30.3,49.5,72.7,34,40,45,70,119,185,2.29,2.14,2.18,2.31,2.4,2.55,,,,,,,,,,,,
84740,New York,00:00.0,00:00.0,29/12/2016,Referral,Bicycle,5.2,9.6,21.9,24.5,28.7,57.2,12,23,51,59,72,140,2.32,2.41,2.33,2.41,2.51,2.45,,,,,,,,,,,,
84741,New York,00:00.0,00:00.0,27/12/2016,Organic,Scooter / Motorcycle,9.2,14.3,26.6,30.5,40.9,101.9,23,31,55,63,82,201,2.51,2.17,2.07,2.06,2.01,1.97,,,,,,,,,,,,
84746,New York,00:00.0,00:00.0,15/02/2017,Organic,Bicycle,12,12,14.4,14.4,27.3,33.4,32,32,38,38,65,79,2.67,2.67,2.64,2.64,2.38,2.36,,1,1,1,1,1,,0,0,0,0,0
84811,Rio de Janeiro,00:00.0,00:00.0,14/02/2017,Organic,Bicycle,1.2,2.6,2.6,2.6,28.1,41.9,2,5,5,5,45,74,1.63,1.89,1.89,1.89,1.6,1.77,,,,,,,,,,,,
84812,Rio de Janeiro,00:00.0,00:00.0,28/12/2016,Organic,Bicycle,4.2,7.7,17.3,30.7,49.7,60.9,10,21,44,82,134,161,2.36,2.73,2.55,2.67,2.7,2.64,,,,1,3,3,,,,0,0,0
84813,Rio de Janeiro,00:00.0,00:00.0,25/12/2016,Organic,Bicycle,19.6,33.6,81.2,158.9,175,264.4,38,69,176,384,428,666,1.94,2.06,2.17,2.42,2.45,2.52,1,2,4,6,6,6,0,0,0,0,1,1
84814,Rio de Janeiro,00:00.0,00:00.0,27/12/2016,Organic,Bicycle,6.1,6.1,9.7,17.6,18.9,33,11,11,18,38,40,75,1.81,1.81,1.86,2.16,2.12,2.27,,,,,,,,,,,,
84815,Rio de Janeiro,00:00.0,00:00.0,29/12/2016,Organic,Bicycle,10.5,13.4,22,30.9,47.3,47.8,26,38,63,97,146,147,2.47,2.83,2.86,3.13,3.09,3.07,,,,,,,,,,,,
84816,Rio de Janeiro,00:00.0,00:00.0,01/01/2017,Organic,Bicycle,5.1,9.4,11.4,19.5,24,26,9,18,23,45,54,60,1.76,1.91,2.02,2.31,2.25,2.31,,,,,,,,,,,,
84817,Rio de Janeiro,00:00.0,00:00.0,29/12/2016,Organic,Bicycle,23.5,25.6,25.6,25.6,25.6,25.6,48,53,53,53,53,53,2.04,2.07,2.07,2.07,2.07,2.07,,,,,,,,,,,,
84862,New York,00:00.0,00:00.0,24/12/2016,Referral,Scooter / Motorcycle,22,35.6,51.5,129.8,216.3,333.6,65,107,156,416,709,1078,2.95,3,3.03,3.21,3.28,3.23,,,,,,,,,,,,
84884,New York,00:00.0,00:00.0,13/02/2017,Offline,Bicycle,20.9,32.9,52.4,96.7,107.8,107.8,45,74,104,179,192,192,2.15,2.25,1.98,1.85,1.78,1.78,1,1,1,2,2,2,0,0,0,1,1,1
84888,New York,00:00.0,00:00.0,25/12/2016,Referral,Bicycle,26.1,46.6,55.4,55.4,55.4,55.4,43,75,88,88,88,88,1.65,1.61,1.59,1.59,1.59,1.59,,,,,,,,,,,,
84895,Rio de Janeiro,00:00.0,00:00.0,25/12/2016,Organic,Bicycle,10.5,30.3,65.5,121.8,165,165.6,25,68,157,317,419,420,2.39,2.24,2.4,2.6,2.54,2.54,,,,1,1,1,,,,0,0,0
84897,Rio de Janeiro,00:00.0,00:00.0,25/12/2016,Organic,Bicycle,5.9,5.9,5.9,5.9,5.9,5.9,9,9,9,9,9,9,1.52,1.52,1.52,1.52,1.52,1.52,,,,,,,,,,,,
84916,Rio de Janeiro,,,26/12/2016,Organic,Bicycle,15.1,18.1,52.7,170.5,280,639.8,29,35,107,414,711,1708,1.92,1.94,2.03,2.43,2.54,2.67,,,1,1,1,1,,,0,0,0,0
84918,Rio de Janeiro,,,04/02/2017,Unknown,Bicycle,7.7,7.7,7.7,7.7,7.7,7.7,17,17,17,17,17,17,2.22,2.22,2.22,2.22,2.22,2.22,,,,,,,,,,,,
84920,Rio de Janeiro,00:00.0,00:00.0,30/12/2016,Organic,Bicycle,9.4,16.6,32.6,80.7,142,314.7,19,39,79,204,377,844,2.03,2.35,2.42,2.53,2.66,2.68,,,,,,,,,,,,
84922,Rio de Janeiro,00:00.0,00:00.0,26/12/2016,Organic,Bicycle,36.3,70.9,147.1,311.8,464.3,789.9,80,148,343,825,1282,2190,2.21,2.09,2.33,2.65,2.76,2.77,,1,1,2,2,2,,0,0,0,0,0
84923,Rio de Janeiro,00:00.0,00:00.0,28/12/2016,Organic,Bicycle,13.3,27,48.7,68.5,68.5,68.5,25,55,112,170,170,170,1.87,2.04,2.3,2.48,2.48,2.48,,,,,,,,,,,,
84924,Rio de Janeiro,00:00.0,00:00.0,02/01/2017,Organic,Bicycle,16.2,34.5,48.1,68.7,68.7,134.4,32,68,97,146,146,305,1.97,1.97,2.02,2.13,2.13,2.27,,,,,,,,,,,,
85182,Rio de Janeiro,00:00.0,00:00.0,02/01/2017,Organic,Bicycle,19,45.2,94.7,188.3,216,229.1,14,43,103,244,299,340,0.74,0.95,1.09,1.3,1.38,1.48,,,1,1,1,1,,,1,1,1,1
85566,New York,00:00.0,00:00.0,27/12/2016,Organic,Bicycle,1.4,1.4,1.4,1.4,1.4,1.4,4,4,4,4,4,4,2.84,2.84,2.84,2.84,2.84,2.84,,,,,,,,,,,,
85930,New York,00:00.0,00:00.0,20/01/2017,Offline,Scooter / Motorcycle,21.9,39.7,56.5,56.5,56.5,77.5,48,77,109,109,109,163,2.19,1.94,1.93,1.93,1.93,2.1,,,,,,,,,,,,
86037,Rio de Janeiro,00:00.0,00:00.0,01/01/2017,Organic,Bicycle,16.4,18.7,18.7,132.2,214.4,298.2,24,27,27,226,363,547,1.47,1.44,1.44,1.71,1.69,1.83,,,,,,,,,,,,
86038,Rio de Janeiro,00:00.0,00:00.0,01/01/2017,Organic,Bicycle,15.4,27.8,40.8,47.7,47.7,47.7,37,61,99,119,119,119,2.4,2.19,2.42,2.49,2.49,2.49,,,1,1,1,1,,,0,0,0,0
86039,Rio de Janeiro,00:00.0,00:00.0,02/01/2017,Organic,Bicycle,15.2,37.4,81.4,152.3,176.6,178.6,27,60,160,342,397,401,1.78,1.61,1.97,2.25,2.25,2.24,1,1,1,1,1,1,0,0,0,0,0,0
86040,Rio de Janeiro,00:00.0,00:00.0,02/01/2017,Organic,Bicycle,0.5,0.5,0.5,0.5,0.5,12.6,1,1,1,1,1,24,2.07,2.07,2.07,2.07,2.07,1.9,,,,,,,,,,,,
86041,Rio de Janeiro,00:00.0,00:00.0,02/01/2017,Organic,Bicycle,16.4,24.7,37.5,50.7,68.6,136,30,40,67,107,146,284,1.83,1.62,1.79,2.11,2.13,2.09,,,,,,,,,,,,
86042,Rio de Janeiro,00:00.0,00:00.0,01/01/2017,Organic,Bicycle,21.5,33.1,35.5,42,42,42.9,34,55,57,70,70,72,1.58,1.66,1.6,1.67,1.67,1.68,,,,,,,,,,,,
86081,New York,00:00.0,00:00.0,31/03/2017,Referral,Bicycle,15.2,29.7,37.1,68.1,90.6,92.1,42,88,106,192,256,259,2.77,2.96,2.86,2.82,2.83,2.81,,,,,,,,,,,,
86096,Rio de Janeiro,00:00.0,00:00.0,01/01/2017,Organic,Bicycle,37.1,54.8,109.7,172.1,219.7,376,100,149,314,544,707,1224,2.7,2.72,2.86,3.16,3.22,3.26,2,4,6,8,8,8,0,0,0,0,1,1
86097,Rio de Janeiro,00:00.0,00:00.0,03/01/2017,Referral,Bicycle,19.5,27,39.5,61,63.1,63.1,42,60,101,171,175,175,2.15,2.22,2.56,2.8,2.77,2.77,,,,,,,,,,,,
86098,Rio de Janeiro,,,01/01/2017,Organic,Bicycle,24.3,38.3,38.3,42,56.3,60.5,50,76,76,86,131,146,2.06,1.98,1.98,2.05,2.33,2.41,,,,,,,,,,,,
86101,Rio de Janeiro,00:00.0,00:00.0,31/12/2016,Organic,Bicycle,60.9,86,135,147.1,150.6,235.5,100,155,258,294,304,542,1.64,1.8,1.91,2,2.02,2.3,,,,,,,,,,,,
86103,Rio de Janeiro,00:00.0,00:00.0,02/01/2017,Organic,Bicycle,6,16.4,21,21,21,21,12,33,41,41,41,41,1.99,2.02,1.95,1.95,1.95,1.95,,,,,,,,,,,,
86287,Cape Town,00:00.0,00:00.0,05/01/2017,Organic,Bicycle,7.5,10,10.5,17.2,19.4,20.6,23,28,28,45,52,55,3.07,2.81,2.66,2.61,2.68,2.68,,,,,,,,,,,,
86292,Cape Town,00:00.0,00:00.0,01/01/2017,Organic,Bicycle,5.6,5.6,5.6,5.6,10.3,10.3,12,12,12,12,23,23,2.14,2.14,2.14,2.14,2.24,2.24,,,,,,,,,,,,
86293,Rio de Janeiro,00:00.0,00:00.0,03/01/2017,Organic,Bicycle,13.7,25.3,55.2,114.5,171.7,396.8,36,69,157,351,526,1095,2.64,2.73,2.84,3.07,3.06,2.76,,,,,,,,,,,,
86298,Rio de Janeiro,00:00.0,00:00.0,02/01/2017,Organic,Bicycle,4.5,4.5,4.5,4.5,4.5,4.5,3,3,3,3,3,3,0.66,0.66,0.66,0.66,0.66,0.66,,,,,,,,,,,,
86301,Rio de Janeiro,00:00.0,00:00.0,02/01/2017,Organic,Bicycle,25.4,37.9,44,44,44,45.3,64,95,107,107,107,110,2.52,2.51,2.43,2.43,2.43,2.43,,,,,,,,,,,,
86305,Rio de Janeiro,00:00.0,00:00.0,02/01/2017,Organic,Bicycle,1.4,1.4,1.4,1.4,1.4,1.4,2,2,2,2,2,2,1.45,1.45,1.45,1.45,1.45,1.45,,,,,,,,,,,,
86308,Rio de Janeiro,00:00.0,00:00.0,27/01/2017,Organic,Bicycle,8.1,8.1,22.4,67.9,123.2,271.1,16,16,42,122,233,537,1.98,1.98,1.87,1.8,1.89,1.98,,,,,,,,,,,,
86373,Rio de Janeiro,00:00.0,00:00.0,02/01/2017,Organic,Bicycle,12.5,20.1,42.1,80.6,119.6,330,34,58,126,249,360,996,2.71,2.88,2.99,3.09,3.01,3.02,,,,,,,,,,,,
86381,Rio de Janeiro,00:00.0,00:00.0,03/01/2017,Digital,Bicycle,20.5,20.5,22.8,44,50.6,50.6,41,41,46,101,117,117,2,2,2.02,2.3,2.31,2.31,,,,,,,,,,,,
86384,Rio de Janeiro,00:00.0,00:00.0,20/01/2017,Organic,Bicycle,27.3,29.5,42.9,67.6,76,76,50,56,95,157,183,183,1.83,1.9,2.21,2.32,2.41,2.41,,,,,,,,,,,,
86827,Rio de Janeiro,00:00.0,00:00.0,03/01/2017,Organic,Bicycle,42.7,78.6,122.2,153.9,163.2,214.2,55,116,196,255,274,392,1.29,1.48,1.6,1.66,1.68,1.83,,,,,,,,,,,,
86830,Rio de Janeiro,00:00.0,00:00.0,02/01/2017,Organic,Bicycle,3.2,12.3,18.8,60.5,82,125.7,3,15,27,129,185,316,0.93,1.22,1.43,2.13,2.26,2.51,,,,,,,,,,,,
86833,Rio de Janeiro,00:00.0,00:00.0,02/01/2017,Organic,Bicycle,2.8,2.8,2.8,16.5,85.2,209.1,4,4,4,40,226,527,1.43,1.43,1.43,2.43,2.65,2.52,,,,,,,,,,,,
86861,Cape Town,00:00.0,00:00.0,11/01/2017,Organic,Bicycle,33.1,53.2,96.9,182.9,247.1,486.1,78,123,225,442,616,1291,2.36,2.31,2.32,2.42,2.49,2.66,,,,,,3,,,,,,2
87356,Rio de Janeiro,00:00.0,00:00.0,10/01/2017,Organic,Bicycle,9.8,9.8,29.7,66,75.7,144.1,15,15,65,153,176,355,1.53,1.53,2.19,2.32,2.33,2.46,1,1,6,6,6,6,0,0,0,0,0,0
87357,Rio de Janeiro,00:00.0,00:00.0,20/01/2017,Organic,Bicycle,4.4,4.4,4.4,4.4,4.4,4.4,8,8,8,8,8,8,1.82,1.82,1.82,1.82,1.82,1.82,,,,,,,,,,,,
87361,Rio de Janeiro,00:00.0,00:00.0,06/01/2017,Referral,Bicycle,12.6,12.6,12.6,13.4,13.4,13.4,14,14,14,15,15,15,1.11,1.11,1.11,1.12,1.12,1.12,,,,,,,,,,,,
87408,Rio de Janeiro,00:00.0,00:00.0,02/02/2017,Organic,Bicycle,3.9,13.1,25.7,27.6,45.7,109.6,10,33,66,71,106,258,2.57,2.52,2.56,2.57,2.32,2.35,,,,,,,,,,,,
87409,Rio de Janeiro,00:00.0,00:00.0,07/01/2017,Organic,Bicycle,17.2,19.4,24.1,24.1,24.1,24.1,37,40,50,50,50,50,2.15,2.06,2.07,2.07,2.07,2.07,,,,,,,,,,,,
87543,New York,00:00.0,00:00.0,11/01/2017,Referral,Bicycle,11.4,13.4,21.7,51.3,69.3,73.3,31,37,58,134,187,198,2.73,2.75,2.67,2.61,2.7,2.7,,,2,4,4,4,,,0,1,1,1
87605,New York,00:00.0,00:00.0,10/01/2017,Offline,Scooter / Motorcycle,22.7,42.5,82.8,156,233.1,327.8,49,97,186,388,569,819,2.16,2.28,2.25,2.49,2.44,2.5,,,,,,,,,,,,
87617,New York,00:00.0,00:00.0,10/01/2017,Referral,Scooter / Motorcycle,22.3,31.3,36.6,56.7,56.7,56.7,60,76,87,133,133,133,2.69,2.43,2.38,2.34,2.34,2.34,,,,,,,,,,,,
87624,Rio de Janeiro,00:00.0,00:00.0,11/01/2017,Organic,Bicycle,19.6,22.1,34.1,36.3,36.3,36.3,35,40,74,79,79,79,1.79,1.81,2.17,2.18,2.18,2.18,,,,,,,,,,,,
87667,New York,00:00.0,00:00.0,10/01/2017,Referral,Scooter / Motorcycle,22.5,37.7,61.9,62,62,62,45,76,131,131,131,131,2,2.02,2.12,2.11,2.11,2.11,,,,,,,,,,,,
87753,Rio de Janeiro,00:00.0,00:00.0,13/01/2017,Organic,Bicycle,13.8,28.4,31.1,44.5,44.5,44.5,21,40,44,60,60,60,1.52,1.41,1.41,1.35,1.35,1.35,,,,,,,,,,,,
87754,Rio de Janeiro,00:00.0,00:00.0,10/01/2017,Organic,Bicycle,18.7,34.7,38.9,38.9,38.9,66.8,50,83,91,91,91,142,2.68,2.39,2.34,2.34,2.34,2.12,,,,,,,,,,,,
87778,New York,00:00.0,00:00.0,09/01/2017,Offline,Scooter / Motorcycle,20.4,38,81.7,151.1,154.9,689.9,46,79,167,324,331,1665,2.25,2.08,2.04,2.14,2.14,2.41,,,,,,,,,,,,
87858,New York,00:00.0,00:00.0,10/01/2017,Referral,Scooter / Motorcycle,44.9,48.5,48.5,48.5,48.5,255.8,90,97,97,97,97,682,2.01,2,2,2,2,2.67,,,,,,,,,,,,
87919,New York,00:00.0,00:00.0,09/01/2017,Referral,Scooter / Motorcycle,12.1,18.9,19.1,19.1,19.1,19.1,25,39,39,39,39,39,2.07,2.07,2.05,2.05,2.05,2.05,,,,,,,,,,,,
88066,New York,00:00.0,00:00.0,10/01/2017,Organic,Scooter / Motorcycle,27.9,47.9,73.7,73.7,128.7,348.6,69,111,149,149,278,916,2.47,2.32,2.02,2.02,2.16,2.63,,,,,,,,,,,,
88174,New York,00:00.0,00:00.0,12/01/2017,Organic,Scooter / Motorcycle,40.1,67.7,127.2,200.7,235.8,379.2,94,158,301,487,573,996,2.34,2.34,2.37,2.43,2.43,2.63,,,,,,3,,,,,,2
88176,New York,00:00.0,00:00.0,17/01/2017,Digital,Scooter / Motorcycle,32,41.6,89.6,152.8,212.8,295,55,73,165,301,435,617,1.72,1.75,1.84,1.97,2.04,2.09,,,1,1,1,1,,,0,0,0,0
88198,New York,00:00.0,00:00.0,15/01/2017,Organic,Scooter / Motorcycle,34.3,62.3,108.3,167,249.5,410.1,64,112,213,321,447,716,1.87,1.8,1.97,1.92,1.79,1.75,,,,,,,,,,,,
88199,New York,00:00.0,00:00.0,12/01/2017,Referral,Scooter / Motorcycle,34.2,62.1,113.1,188.2,194.7,194.7,72,126,239,420,436,436,2.11,2.03,2.11,2.23,2.24,2.24,,,,,,,,,,,,
88250,New York,00:00.0,00:00.0,17/01/2017,Organic,Scooter / Motorcycle,18.1,31.6,47.8,141.5,314.3,421.7,35,61,96,305,693,948,1.93,1.93,2.01,2.16,2.21,2.25,,,,,,,,,,,,
88382,New York,00:00.0,00:00.0,17/01/2017,Offline,Scooter / Motorcycle,36.5,69.1,142.9,279.3,355.2,600.3,46,103,211,443,580,1015,1.26,1.49,1.48,1.59,1.63,1.69,,,,,1,1,,,,,0,0
88501,Rio de Janeiro,00:00.0,00:00.0,25/01/2017,Organic,Bicycle,5.1,7.4,7.4,13.3,18,18,11,15,15,27,35,35,2.15,2.02,2.02,2.03,1.95,1.95,,,,,,,,,,,,
88509,Rio de Janeiro,00:00.0,00:00.0,14/01/2017,Organic,Bicycle,24,29.9,61.1,115.6,139.5,265.9,54,67,143,266,333,671,2.25,2.24,2.34,2.3,2.39,2.52,,,,,,,,,,,,
88521,Rio de Janeiro,00:00.0,00:00.0,21/01/2017,Organic,Bicycle,7,8.9,14.7,29.8,35.9,60.9,26,29,46,87,104,167,3.71,3.25,3.13,2.92,2.89,2.74,,,,1,1,1,,,,0,0,0
88581,New York,00:00.0,00:00.0,31/01/2017,Offline,Scooter / Motorcycle,32.2,69.3,123.2,227.2,271.5,413.1,63,151,261,454,551,842,1.96,2.18,2.12,2,2.03,2.04,,,,,1,1,,,,,0,0
88646,New York,00:00.0,00:00.0,07/02/2017,Referral,Scooter / Motorcycle,20.3,25.7,40.3,40.3,51.2,281.7,55,67,114,114,147,785,2.71,2.61,2.83,2.83,2.87,2.79,,,,,,4,,,,,,3
88649,New York,00:00.0,00:00.0,15/01/2017,Referral,Scooter / Motorcycle,49.7,89,173.1,319.3,489.2,947.2,98,178,354,640,976,1904,1.97,2,2.05,2,2,2.01,,,,,,2,,,,,,0
88698,Rio de Janeiro,00:00.0,00:00.0,20/01/2017,Organic,Bicycle,28.1,28.1,28.1,28.1,28.1,28.1,43,43,43,43,43,43,1.53,1.53,1.53,1.53,1.53,1.53,,,,,,,,,,,,
88699,Rio de Janeiro,00:00.0,00:00.0,21/01/2017,Organic,Bicycle,32.6,38.8,38.8,38.8,43.5,43.5,34,43,43,43,48,48,1.04,1.11,1.11,1.11,1.1,1.1,,,,,,,,,,,,
88724,New York,00:00.0,00:00.0,13/02/2017,Referral,Scooter / Motorcycle,1.3,1.3,1.7,53.7,53.7,186.8,2,2,2,98,98,531,1.58,1.58,1.21,1.83,1.83,2.84,,,,,,,,,,,,
88864,Cape Town,00:00.0,00:00.0,22/03/2017,Organic,Bicycle,10.5,12.9,21.9,50.8,50.8,54.8,27,32,58,121,121,134,2.57,2.47,2.64,2.38,2.38,2.45,,,,1,2,2,,,,0,1,2
88866,Cape Town,00:00.0,00:00.0,25/01/2017,Organic,Bicycle,6.2,6.2,11.1,11.1,11.1,13,12,12,22,22,22,26,1.93,1.93,1.99,1.99,1.99,2.01,,,,,,,,,,,,
88868,Cape Town,00:00.0,00:00.0,15/01/2017,Organic,Bicycle,19.1,30.8,70.9,95.8,155.5,351.4,34,54,152,215,374,868,1.78,1.75,2.14,2.24,2.41,2.47,,,,,,,,,,,,
88869,Cape Town,00:00.0,00:00.0,23/01/2017,Referral,Bicycle,3.2,3.2,8.2,51.4,138.8,377.1,7,7,16,97,289,799,2.17,2.17,1.95,1.89,2.08,2.12,,,,,,,,,,,,
88873,Cape Town,00:00.0,00:00.0,17/01/2017,Organic,Bicycle,24.8,40.6,94.8,165.2,221.2,358.6,56,92,221,388,526,855,2.26,2.26,2.33,2.35,2.38,2.38,,,,,,,,,,,,
88885,Rio de Janeiro,,,21/01/2017,Unknown,Bicycle,5.1,16.1,17.8,17.8,17.8,17.8,8,29,31,31,31,31,1.58,1.8,1.74,1.74,1.74,1.74,,,,,,,,,,,,
88887,Rio de Janeiro,00:00.0,00:00.0,20/01/2017,Organic,Scooter / Motorcycle,1.7,1.7,1.7,1.7,1.7,1.7,0,0,0,0,0,0,0,0,0,0,0,0,,,,,,,,,,,,
88890,Rio de Janeiro,00:00.0,00:00.0,18/01/2017,Organic,Bicycle,24.2,63.8,119,204.1,229.7,266.3,39,109,210,376,430,507,1.61,1.71,1.76,1.84,1.87,1.9,,,,,,,,,,,,
88891,Rio de Janeiro,00:00.0,00:00.0,18/01/2017,Organic,Bicycle,24.8,38.8,69.7,72.3,72.3,72.3,38,66,136,141,141,141,1.53,1.7,1.95,1.95,1.95,1.95,,,,,,,,,,,,
88964,New York,00:00.0,00:00.0,27/01/2017,Organic,Bicycle,22.3,43.9,115.1,222,313.2,383.9,29,38,49,115,133,242,1.3,0.87,0.43,0.52,0.42,0.63,,,,,,,,,,,,
89056,New York,00:00.0,00:00.0,20/01/2017,Offline,Scooter / Motorcycle,36.4,55.4,87.7,105.5,106.2,112.5,63,99,163,207,209,220,1.73,1.79,1.86,1.96,1.97,1.96,,,,5,5,5,,,,3,4,4
89148,New York,00:00.0,00:00.0,20/01/2017,Referral,Scooter / Motorcycle,41.6,69,132,302.1,491.7,1201.7,90,147,302,731,1179,2601,2.16,2.13,2.29,2.42,2.4,2.16,,,,,,,,,,,,
89156,New York,00:00.0,00:00.0,21/01/2017,Organic,Scooter / Motorcycle,10.1,26.7,26.7,26.7,26.7,26.7,21,56,56,56,56,56,2.09,2.1,2.1,2.1,2.1,2.1,,,,,,,,,,,,
89761,New York,00:00.0,00:00.0,17/01/2017,Organic,Scooter / Motorcycle,36,75.1,139.6,292,400.7,426.5,78,158,324,746,998,1072,2.17,2.1,2.32,2.55,2.49,2.51,,,,,,,,,,,,
89762,New York,00:00.0,00:00.0,20/01/2017,Referral,Scooter / Motorcycle,36.5,68.9,127.3,239.2,353.4,496.7,59,122,252,482,740,1003,1.62,1.77,1.98,2.02,2.09,2.02,,,,,,1,,,,,,1
89815,New York,00:00.0,00:00.0,19/01/2017,Organic,Scooter / Motorcycle,16.6,42.8,42.8,42.8,42.8,42.8,38,92,92,92,92,92,2.29,2.15,2.15,2.15,2.15,2.15,,,,,,,,,,,,
89826,New York,,,22/01/2017,Referral,Scooter / Motorcycle,93.8,151.8,186.9,186.9,234.1,686.1,44,81,105,105,202,1460,0.47,0.53,0.56,0.56,0.86,2.13,,,,,,,,,,,,
89903,New York,00:00.0,00:00.0,08/03/2017,Organic,Bicycle,41.3,72,120.3,124.2,175.3,217.7,53,89,154,160,325,474,1.28,1.24,1.28,1.29,1.85,2.18,,,,,,,,,,,,
89944,New York,00:00.0,00:00.0,17/01/2017,Offline,Scooter / Motorcycle,14,26.8,46.4,87.3,128.3,177.1,27,59,94,199,301,352,1.93,2.2,2.03,2.28,2.35,1.99,1,1,1,2,3,3,0,0,0,0,0,0
89979,New York,00:00.0,00:00.0,17/01/2017,Organic,Scooter / Motorcycle,22,43.2,94.1,173.2,211.2,383.9,45,82,194,368,442,768,2.05,1.9,2.06,2.13,2.09,2,,,,,,,,,,,,
90177,Cape Town,00:00.0,00:00.0,03/02/2017,Organic,Bicycle,34.6,56.5,77.3,123,123,176.8,95,154,199,325,325,458,2.74,2.72,2.57,2.64,2.64,2.59,,,,,,,,,,,,
90249,New York,00:00.0,00:00.0,20/01/2017,Referral,Scooter / Motorcycle,35.7,65.2,94.8,94.8,94.8,94.8,83,149,216,216,216,216,2.33,2.28,2.28,2.28,2.28,2.28,,,,1,1,1,,,,0,0,0
90321,New York,00:00.0,00:00.0,21/01/2017,Digital,Scooter / Motorcycle,31.6,57.7,103,199.4,301.3,718.3,49,118,215,423,652,1726,1.55,2.04,2.09,2.12,2.16,2.4,,,,,,,,,,,,
90376,New York,00:00.0,00:00.0,21/01/2017,Referral,Scooter / Motorcycle,59.5,107.6,183,381.6,572.7,1056.2,141,249,460,997,1442,2642,2.37,2.31,2.51,2.61,2.52,2.5,,,,,,,,,,,,
90526,New York,00:00.0,00:00.0,21/01/2017,Referral,Scooter / Motorcycle,29.1,55,114.5,222.9,237.2,255.5,64,122,266,498,524,559,2.2,2.22,2.32,2.23,2.21,2.19,,,,,,1,,,,,,0
90532,New York,00:00.0,00:00.0,26/01/2017,Referral,Scooter / Motorcycle,25.1,37.2,70.7,128.4,145.1,196.7,63,87,161,271,307,410,2.51,2.34,2.28,2.11,2.12,2.08,,,,,,1,,,,,,0
90553,New York,00:00.0,00:00.0,22/01/2017,Referral,Scooter / Motorcycle,38.6,75.7,131.1,250.3,370.2,596.3,52,101,181,361,535,905,1.35,1.33,1.38,1.44,1.45,1.52,,,,,,1,,,,,,1
90556,New York,00:00.0,00:00.0,27/01/2017,Referral,Scooter / Motorcycle,7.1,7.1,7.1,7.1,7.1,148.3,13,13,13,13,13,202,1.84,1.84,1.84,1.84,1.84,1.36,,,,,,,,,,,,
90569,New York,00:00.0,00:00.0,21/01/2017,Offline,Scooter / Motorcycle,42.3,88,160.6,297.3,453.9,1002.3,80,165,342,634,934,2090,1.89,1.88,2.13,2.13,2.06,2.09,,,1,1,2,2,,,0,0,0,0
90572,New York,00:00.0,00:00.0,04/04/2017,Referral,Scooter / Motorcycle,2.8,2.8,65.1,101.9,101.9,101.9,5,5,64,106,106,106,1.76,1.76,0.98,1.04,1.04,1.04,,,,,,,,,,,,
90578,New York,00:00.0,00:00.0,24/01/2017,Organic,Scooter / Motorcycle,24.7,35.2,59.8,59.8,59.8,59.8,42,60,110,110,110,110,1.7,1.71,1.84,1.84,1.84,1.84,,,,,,,,,,,,
90634,New York,00:00.0,00:00.0,27/01/2017,Organic,Scooter / Motorcycle,50.9,50.9,50.9,50.9,50.9,50.9,83,83,83,83,83,83,1.63,1.63,1.63,1.63,1.63,1.63,,,,,,,,,,,,
90670,New York,00:00.0,00:00.0,26/01/2017,Referral,Scooter / Motorcycle,27.7,45.3,67.1,67.1,94.3,216.8,60,99,154,154,211,568,2.17,2.19,2.29,2.29,2.24,2.62,,,,,,,,,,,,
90685,New York,00:00.0,00:00.0,22/01/2017,Organic,Scooter / Motorcycle,17,25.6,36.8,53.5,79.1,85.1,19,25,45,82,136,148,1.12,0.98,1.22,1.53,1.72,1.74,,,,,,,,,,,,
90835,New York,00:00.0,00:00.0,22/01/2017,Referral,Scooter / Motorcycle,15.6,23.2,23.2,63.8,90.2,323.3,44,60,60,136,168,831,2.82,2.59,2.59,2.13,1.86,2.57,,,1,2,2,2,,,0,0,0,0
90850,New York,00:00.0,00:00.0,29/01/2017,Offline,Scooter / Motorcycle,63.3,95.6,184.2,344.7,443.8,506.3,96,164,347,641,842,991,1.52,1.72,1.88,1.86,1.9,1.96,,,,,,,,,,,,
90861,New York,00:00.0,00:00.0,27/01/2017,Digital,Scooter / Motorcycle,32.1,32.1,32.1,32.5,32.8,32.8,62,62,62,62,62,62,1.93,1.93,1.93,1.91,1.89,1.89,,,,,,,,,,,,
90906,New York,00:00.0,00:00.0,27/01/2017,Organic,Scooter / Motorcycle,47.9,67.1,139.3,238.3,274.2,313.8,82,110,252,479,581,679,1.71,1.64,1.81,2.01,2.12,2.16,,,,,,,,,,,,
90909,New York,00:00.0,00:00.0,27/01/2017,Digital,Scooter / Motorcycle,41.9,82.5,131.2,196.5,271.1,710.3,87,169,266,405,564,1475,2.07,2.05,2.03,2.06,2.08,2.08,,,,,,1,,,,,,1
90971,New York,00:00.0,00:00.0,22/01/2017,Organic,Scooter / Motorcycle,55.9,112.9,211.1,429.1,598.6,640.9,110,196,410,746,930,996,1.97,1.74,1.94,1.74,1.55,1.55,,,,,2,2,,,,,0,1
90974,New York,00:00.0,00:00.0,28/01/2017,Referral,Scooter / Motorcycle,32.3,56.9,92,178.4,237.2,504.6,71,115,178,289,361,986,2.2,2.02,1.94,1.62,1.52,1.95,,,,,,,,,,,,
91137,New York,00:00.0,00:00.0,26/01/2017,Referral,Scooter / Motorcycle,14.1,22.3,35.1,67.9,77.7,181,30,47,88,191,225,540,2.12,2.11,2.51,2.81,2.9,2.98,,,,1,1,1,,,,1,1,1
91153,New York,00:00.0,00:00.0,23/01/2017,Organic,Scooter / Motorcycle,24.2,47.3,93.1,220.8,355.9,798.3,61,118,230,547,922,1940,2.52,2.49,2.47,2.48,2.59,2.43,,,,,,,,,,,,
91208,New York,00:00.0,00:00.0,27/01/2017,Referral,Scooter / Motorcycle,39.5,77.9,155.2,293.3,296.3,296.3,56,122,266,499,503,503,1.42,1.57,1.71,1.7,1.7,1.7,,,,,,,,,,,,
91220,New York,00:00.0,00:00.0,29/01/2017,Digital,Scooter / Motorcycle,35.5,66.2,111.1,209.4,319.2,643.4,51,94,175,343,507,1027,1.44,1.42,1.57,1.64,1.59,1.6,,,,,,,,,,,,
91295,New York,00:00.0,00:00.0,25/01/2017,Referral,Scooter / Motorcycle,26.9,49.8,60.8,69.1,232.7,817.8,71,135,171,196,589,2191,2.64,2.71,2.81,2.84,2.53,2.68,,,,,1,2,,,,,0,0
91303,New York,00:00.0,00:00.0,26/01/2017,Referral,Scooter / Motorcycle,15.3,25.7,31.2,35.1,35.1,35.1,33,59,75,84,84,84,2.16,2.29,2.4,2.39,2.39,2.39,,,,,,,,,,,,
91308,New York,00:00.0,00:00.0,25/01/2017,Referral,Scooter / Motorcycle,28.3,49.1,62.4,62.4,62.4,116.2,50,91,127,127,127,246,1.77,1.85,2.03,2.03,2.03,2.12,,,,,,,,,,,,
91491,New York,00:00.0,00:00.0,31/01/2017,Digital,Scooter / Motorcycle,21.6,21.6,21.6,21.6,21.6,21.6,70,70,70,70,70,70,3.24,3.24,3.24,3.24,3.24,3.24,,,,,,,,,,,,
91512,New York,00:00.0,00:00.0,29/01/2017,Digital,Scooter / Motorcycle,37.1,41.6,42.2,45.7,45.7,45.7,78,87,88,88,88,88,2.1,2.09,2.09,1.92,1.92,1.92,,,,,,,,,,,,
91539,New York,00:00.0,00:00.0,31/01/2017,Organic,Scooter / Motorcycle,27.9,55.4,70.3,116.7,122.8,122.8,58,134,167,268,280,280,2.08,2.42,2.38,2.3,2.28,2.28,,,,,,,,,,,,
91548,New York,00:00.0,00:00.0,28/01/2017,Organic,Scooter / Motorcycle,20.3,28.7,53.1,73.5,84.8,84.8,33,49,109,155,180,180,1.62,1.71,2.05,2.11,2.12,2.12,,,,,,,,,,,,
91583,New York,00:00.0,00:00.0,31/01/2017,Referral,Scooter / Motorcycle,13.1,13.1,13.1,13.1,13.1,13.1,31,31,31,31,31,31,2.37,2.37,2.37,2.37,2.37,2.37,,,,,,,,,,,,
91749,Cape Town,00:00.0,00:00.0,02/02/2017,Job Platforms,Bicycle,4.8,4.8,4.8,26,81.5,238.9,11,11,11,54,186,559,2.29,2.29,2.29,2.08,2.28,2.34,,,,,,,,,,,,
91751,Cape Town,00:00.0,00:00.0,07/03/2017,Organic,Bicycle,16.3,35.6,41.9,65.2,66.1,66.1,29,76,88,138,139,139,1.78,2.13,2.1,2.12,2.1,2.1,,,,,,,,,,,,
91753,Cape Town,00:00.0,00:00.0,02/02/2017,Organic,Bicycle,20.7,38.3,86.4,157.8,255.8,464.7,38,75,162,310,506,969,1.84,1.96,1.87,1.96,1.98,2.09,,,,,,,,,,,,
91754,Rio de Janeiro,00:00.0,00:00.0,06/02/2017,Organic,Bicycle,9.3,14.8,37.3,75.5,102.1,133.7,29,44,118,254,347,459,3.1,2.98,3.16,3.36,3.4,3.43,1,1,3,5,5,5,0,0,0,0,0,0
91755,Rio de Janeiro,00:00.0,00:00.0,30/01/2017,Referral,Bicycle,18.9,33.1,60.6,77.3,82.5,85.4,41,78,134,176,188,194,2.17,2.36,2.21,2.28,2.28,2.27,,,,,,,,,,,,
91823,New York,00:00.0,00:00.0,30/01/2017,Organic,Scooter / Motorcycle,31,62.7,119.7,208.4,208.4,254.8,78,156,303,537,537,626,2.51,2.49,2.53,2.58,2.58,2.46,,,,,,,,,,,,
91833,New York,00:00.0,00:00.0,30/01/2017,Referral,Scooter / Motorcycle,17.2,37.5,68.3,109.9,120.4,196.3,37,84,157,273,297,483,2.15,2.24,2.3,2.48,2.47,2.46,,,,,,,,,,,,
91857,New York,00:00.0,00:00.0,14/02/2017,Organic,Bicycle,10,21.4,36.4,53.5,61.6,97.2,22,39,72,98,110,179,2.2,1.82,1.98,1.83,1.79,1.84,,,,,,,,,,,,
91878,New York,00:00.0,00:00.0,31/01/2017,Referral,Scooter / Motorcycle,16.2,54.6,80.5,111.7,113.5,124.9,20,79,111,161,162,173,1.23,1.45,1.38,1.44,1.43,1.38,,,,,,,,,,,,
91886,New York,00:00.0,00:00.0,30/01/2017,Referral,Scooter / Motorcycle,18.5,33.6,65.4,77.7,77.7,569.2,44,84,175,209,209,1455,2.38,2.5,2.67,2.69,2.69,2.56,,,,,,,,,,,,
91956,New York,,,30/01/2017,Unknown,Scooter / Motorcycle,54.4,109.5,201.4,354.2,444.6,981.2,91,197,365,674,824,1823,1.67,1.8,1.81,1.9,1.85,1.86,,,,,,,,,,,,
92105,New York,00:00.0,00:00.0,30/01/2017,Referral,Scooter / Motorcycle,17.3,25.4,25.4,25.4,28.9,28.9,28,46,46,46,50,50,1.62,1.81,1.81,1.81,1.73,1.73,,,,,,,,,,,,
92139,New York,00:00.0,00:00.0,30/01/2017,Organic,Scooter / Motorcycle,24,27.5,27.5,27.5,27.5,27.5,62,73,73,73,73,73,2.58,2.65,2.65,2.65,2.65,2.65,,,,,,,,,,,,
92178,New York,00:00.0,00:00.0,31/01/2017,Referral,Scooter / Motorcycle,20.9,21.6,89.6,308.3,523.2,1007.7,66,68,153,496,899,1870,3.16,3.15,1.71,1.61,1.72,1.86,,,,,,,,,,,,
92210,Rio de Janeiro,00:00.0,00:00.0,03/02/2017,Organic,Bicycle,9.2,11.3,21.1,50.5,66.5,66.5,16,21,40,126,176,176,1.74,1.86,1.9,2.5,2.64,2.64,,,,,,,,,,,,
92213,Rio de Janeiro,00:00.0,00:00.0,31/01/2017,Digital,Bicycle,17.1,31.6,37.6,37.6,37.6,37.6,38,70,84,84,84,84,2.22,2.22,2.23,2.23,2.23,2.23,,,,,,,,,,,,
92221,Rio de Janeiro,00:00.0,00:00.0,14/02/2017,Organic,Bicycle,11.9,22,22.2,33.7,37.1,37.1,22,42,42,62,69,69,1.85,1.91,1.89,1.84,1.86,1.86,,,,,,,,,,,,
92233,Rio de Janeiro,00:00.0,00:00.0,01/02/2017,Referral,Bicycle,15.5,27.1,54.9,112.5,159.7,261.4,32,64,135,298,429,709,2.07,2.36,2.46,2.65,2.69,2.71,,,,,,,,,,,,
92236,Rio de Janeiro,00:00.0,00:00.0,02/02/2017,Organic,Bicycle,3.4,3.4,6.4,6.4,6.4,6.4,10,10,17,17,17,17,2.92,2.92,2.65,2.65,2.65,2.65,,,,,,,,,,,,
92241,Rio de Janeiro,00:00.0,00:00.0,03/03/2017,Organic,Bicycle,38.5,62.6,119.9,326.7,457,522.6,83,153,307,875,1264,1435,2.16,2.45,2.56,2.68,2.77,2.75,,,,,,2,,,,,,1
92258,Rio de Janeiro,00:00.0,00:00.0,07/02/2017,Referral,Bicycle,14.2,23.6,62.7,90.9,114.1,141,43,65,158,229,277,338,3.03,2.75,2.52,2.52,2.43,2.4,,,,,,,,,,,,
92260,Rio de Janeiro,00:00.0,00:00.0,30/01/2017,Organic,Bicycle,14.5,20.4,31.6,31.6,50.8,112.5,29,47,72,72,112,235,2,2.31,2.28,2.28,2.21,2.09,,,,,,,,,,,,
92261,Rio de Janeiro,00:00.0,00:00.0,31/01/2017,Organic,Bicycle,12.5,12.5,12.5,12.5,32.2,59.9,27,27,27,27,59,97,2.16,2.16,2.16,2.16,1.83,1.62,,,,,,,,,,,,
92267,New York,00:00.0,00:00.0,02/02/2017,Digital,Scooter / Motorcycle,16.5,26.2,35.8,47.1,74.8,87.6,51,84,122,150,219,256,3.1,3.2,3.41,3.19,2.93,2.92,,,1,1,1,3,,,0,1,1,3
92271,New York,00:00.0,00:00.0,02/02/2017,Organic,Scooter / Motorcycle,13.1,17.2,17.2,17.2,17.2,17.2,26,36,36,36,36,36,1.98,2.09,2.09,2.09,2.09,2.09,,,,,,,,,,,,
92300,New York,00:00.0,00:00.0,01/02/2017,Digital,Scooter / Motorcycle,6.3,6.3,17.5,19.5,19.5,19.5,12,12,39,43,43,43,1.9,1.9,2.22,2.2,2.2,2.2,,,,,,,,,,,,
92317,Rio de Janeiro,00:00.0,00:00.0,22/02/2017,Organic,Bicycle,14.1,21.6,23.8,23.8,23.8,23.8,35,50,54,54,54,54,2.48,2.31,2.27,2.27,2.27,2.27,,,,,,,,,,,,
92320,Rio de Janeiro,00:00.0,00:00.0,31/01/2017,Organic,Bicycle,16.9,22.5,50.9,63.4,63.4,63.4,20,30,76,97,97,97,1.18,1.33,1.49,1.53,1.53,1.53,,,,,,,,,,,,
92321,New York,00:00.0,00:00.0,01/02/2017,Organic,Scooter / Motorcycle,10.5,21.5,47.6,47.6,47.6,100.4,26,65,146,146,146,290,2.48,3.03,3.07,3.07,3.07,2.89,,,,,,1,,,,,,0
92330,New York,00:00.0,00:00.0,30/01/2017,Offline,Scooter / Motorcycle,25.7,59.7,138.7,326.5,497.6,895.6,58,136,377,914,1331,2455,2.26,2.28,2.72,2.8,2.67,2.74,,,,,,,,,,,,
92356,New York,00:00.0,00:00.0,31/01/2017,Referral,Scooter / Motorcycle,23,44.7,73.9,135.9,197.2,232.6,65,127,225,440,665,798,2.82,2.84,3.04,3.24,3.37,3.43,,,,,,,,,,,,
92479,Rio de Janeiro,00:00.0,00:00.0,31/01/2017,Organic,Bicycle,3.1,29.6,53.2,93.2,115.7,144.3,7,70,110,207,257,323,2.23,2.36,2.07,2.22,2.22,2.24,,,,,,,,,,,,
92536,New York,00:00.0,00:00.0,31/01/2017,Offline,Scooter / Motorcycle,17.8,17.8,17.8,28.8,86.4,406.9,52,52,52,78,206,999,2.93,2.93,2.93,2.7,2.38,2.46,,,,,,,,,,,,
92576,New York,00:00.0,00:00.0,31/01/2017,Referral,Scooter / Motorcycle,26.9,47.8,82.6,157.5,165.2,285.6,63,110,168,300,304,603,2.34,2.3,2.03,1.9,1.84,2.11,1,1,1,1,1,2,0,0,0,1,1,1
92584,New York,00:00.0,00:00.0,13/03/2017,Organic,Bicycle,18.3,23.7,23.7,29.2,38.2,63,42,51,51,64,90,155,2.3,2.15,2.15,2.19,2.36,2.46,,,,,,,,,,,,
92607,Rio de Janeiro,00:00.0,00:00.0,05/02/2017,Organic,Bicycle,16.8,45.4,84.8,148.9,236,478.8,52,105,202,392,689,1299,3.1,2.31,2.38,2.63,2.92,2.71,,,,,,,,,,,,
92608,Rio de Janeiro,00:00.0,00:00.0,31/01/2017,Organic,Bicycle,11.2,17.9,37.8,63.6,110.8,352.4,34,53,112,167,295,997,3.04,2.96,2.97,2.63,2.66,2.83,,,,1,1,1,,,,0,0,0
92609,Rio de Janeiro,00:00.0,00:00.0,22/03/2017,Organic,Bicycle,9.5,15.7,70.2,151.3,165.4,272.2,17,27,131,293,325,527,1.78,1.72,1.87,1.94,1.97,1.94,,,,,,,,,,,,
92611,Rio de Janeiro,00:00.0,00:00.0,06/02/2017,Organic,Bicycle,33.5,43.3,85.2,116.1,116.1,116.2,84,105,196,269,269,269,2.51,2.43,2.3,2.32,2.32,2.31,,,,,,,,,,,,
92613,Rio de Janeiro,00:00.0,00:00.0,18/02/2017,Referral,Bicycle,3.9,6.1,10.7,29.1,60.7,155.5,5,10,23,69,139,370,1.29,1.65,2.15,2.37,2.29,2.38,1,2,3,4,7,21,0,0,0,1,2,5
92621,Rio de Janeiro,00:00.0,00:00.0,31/01/2017,Organic,Bicycle,4.7,15.2,17.2,47.7,47.7,47.7,14,48,54,144,144,144,3.01,3.16,3.14,3.02,3.02,3.02,,,,,,,,,,,,
92639,New York,00:00.0,00:00.0,31/01/2017,Organic,Scooter / Motorcycle,6.1,14,39.4,62.8,62.8,62.8,18,43,77,134,134,134,2.97,3.08,1.95,2.13,2.13,2.13,,,,,,,,,,,,
92658,New York,00:00.0,00:00.0,06/02/2017,Referral,Scooter / Motorcycle,20.5,33,154.2,377.7,593.5,1078,39,55,166,462,726,1444,1.9,1.67,1.08,1.22,1.22,1.34,,,,,,,,,,,,
92679,New York,00:00.0,00:00.0,02/02/2017,Referral,Scooter / Motorcycle,18.4,35.7,67,100.5,164.5,849.7,71,136,259,395,605,2413,3.87,3.81,3.87,3.93,3.68,2.84,,,,,1,2,,,,,1,2
92682,New York,,00:00.0,02/02/2017,Digital,Scooter / Motorcycle,17,19.1,19.1,19.1,19.1,19.1,59,64,64,64,64,64,3.47,3.35,3.35,3.35,3.35,3.35,,,,,,,,,,,,
92808,Rio de Janeiro,,,05/02/2017,Organic,Bicycle,25.8,52.5,91.9,96.3,96.3,96.3,69,140,247,258,258,258,2.67,2.67,2.69,2.68,2.68,2.68,,,,,,,,,,,,
92852,Rio de Janeiro,00:00.0,00:00.0,05/02/2017,Offline,Bicycle,11.3,11.3,31.1,52.5,56,149.8,31,31,84,144,146,346,2.75,2.75,2.7,2.74,2.61,2.31,,,,,,3,,,,,,0
92856,Rio de Janeiro,00:00.0,00:00.0,04/02/2017,Organic,Bicycle,8.2,15.7,70.6,195.8,300.9,641.5,21,46,212,543,856,1949,2.57,2.92,3,2.77,2.84,3.04,,,,,,1,,,,,,0
92858,Rio de Janeiro,00:00.0,00:00.0,09/02/2017,Organic,Bicycle,8.5,30.2,58.3,103.8,156.4,189,26,77,131,222,356,428,3.06,2.55,2.25,2.14,2.28,2.26,,,,,,,,,,,,
92860,Rio de Janeiro,00:00.0,00:00.0,04/02/2017,Organic,Bicycle,21.6,45.6,51.6,51.6,51.6,85.4,63,133,150,150,150,238,2.92,2.92,2.9,2.9,2.9,2.79,,,,,,,,,,,,
92861,Rio de Janeiro,00:00.0,00:00.0,04/02/2017,Organic,Bicycle,17,31.6,60.2,143.3,195.6,283.2,29,65,129,271,360,526,1.7,2.05,2.14,1.89,1.84,1.86,,,1,1,1,1,,,0,0,0,0
92865,Rio de Janeiro,00:00.0,00:00.0,07/02/2017,Organic,Bicycle,26,57.9,90.6,146.2,180.7,201.8,87,174,262,439,552,619,3.34,3.01,2.89,3,3.05,3.07,,,,,,,,,,,,
92868,Rio de Janeiro,00:00.0,00:00.0,04/02/2017,Organic,Bicycle,21.7,57.3,133.3,201.2,218.2,218.2,51,129,302,455,492,492,2.35,2.25,2.27,2.26,2.25,2.25,,,,,,,,,,,,
92869,Rio de Janeiro,00:00.0,00:00.0,04/02/2017,Organic,Bicycle,22.2,28.6,28.6,68.4,103.5,113.3,52,70,70,155,249,271,2.34,2.45,2.45,2.26,2.4,2.39,,,,,,,,,,,,
92870,Rio de Janeiro,,,04/02/2017,Unknown,Bicycle,19.2,19.2,41.7,71.7,112.1,137,15,15,51,101,171,205,0.78,0.78,1.22,1.41,1.52,1.5,,,,,,,,,,,,
92873,Rio de Janeiro,00:00.0,00:00.0,05/02/2017,Organic,Bicycle,2.1,12,22.2,22.2,22.2,22.2,4,26,48,48,48,48,1.87,2.17,2.17,2.17,2.17,2.17,,,,,,,,,,,,
92875,Rio de Janeiro,00:00.0,00:00.0,10/02/2017,Organic,Bicycle,2.9,2.9,6.9,6.9,6.9,6.9,7,7,14,14,14,14,2.38,2.38,2.03,2.03,2.03,2.03,,,,,,,,,,,,
92876,Rio de Janeiro,00:00.0,00:00.0,09/02/2017,Organic,Bicycle,4.4,6.5,12.4,14.4,14.4,14.4,10,14,24,27,27,27,2.26,2.16,1.93,1.87,1.87,1.87,,,,,,,,,,,,
92879,Rio de Janeiro,,,05/02/2017,Unknown,Bicycle,20.6,29.9,50.8,87.5,87.5,87.5,58,81,105,193,193,193,2.81,2.71,2.07,2.21,2.21,2.21,,,,,,,,,,,,
92892,Rio de Janeiro,00:00.0,00:00.0,04/02/2017,Organic,Bicycle,14.8,41.8,78.3,156.3,210,292.7,45,126,243,459,616,829,3.04,3.01,3.1,2.94,2.93,2.83,,,,,,,,,,,,
92894,Rio de Janeiro,00:00.0,00:00.0,05/02/2017,Referral,Bicycle,5.4,9,15.1,16.9,26.7,112.2,8,14,25,28,50,236,1.47,1.56,1.66,1.66,1.88,2.1,,,,,,,,,,,,
92896,Rio de Janeiro,00:00.0,00:00.0,04/02/2017,Organic,Bicycle,23.5,45.8,75.1,157.1,255,448,65,136,218,466,737,1379,2.76,2.97,2.9,2.97,2.89,3.08,,,,,1,2,,,,,0,0
92900,Rio de Janeiro,,,05/02/2017,Unknown,Bicycle,22.9,43.1,87.1,101,117.3,222.3,53,96,188,212,248,465,2.32,2.23,2.16,2.1,2.11,2.09,1,1,1,1,1,1,0,0,0,0,0,0
92902,Rio de Janeiro,00:00.0,00:00.0,14/02/2017,Organic,Bicycle,25.8,25.8,25.8,41.9,79,79,47,47,47,76,165,165,1.82,1.82,1.82,1.81,2.09,2.09,,,,,1,1,,,,,0,0
92904,Rio de Janeiro,00:00.0,00:00.0,14/02/2017,Organic,Bicycle,9.5,15.1,15.1,15.2,24.7,39,32,46,46,46,71,112,3.36,3.04,3.04,3.03,2.88,2.87,,,,,,,,,,,,
92907,Rio de Janeiro,00:00.0,00:00.0,17/02/2017,Organic,Bicycle,2.5,2.5,2.5,2.5,2.5,2.5,2,2,2,2,2,2,0.8,0.8,0.8,0.8,0.8,0.8,,,,,,,,,,,,
92908,Rio de Janeiro,00:00.0,00:00.0,04/02/2017,Organic,Bicycle,32.8,55.6,113.6,220.3,289.7,415.3,81,134,283,585,776,1162,2.47,2.41,2.49,2.66,2.68,2.8,,,,,,,,,,,,
92913,Rio de Janeiro,00:00.0,00:00.0,04/02/2017,Organic,Bicycle,28.7,55,103.4,162.9,218.4,304.5,71,154,296,455,649,847,2.47,2.8,2.86,2.79,2.97,2.78,,,,,,,,,,,,
92916,Rio de Janeiro,00:00.0,00:00.0,09/02/2017,Organic,Bicycle,15.2,31.5,70.2,137.6,200.6,319.3,36,87,192,365,543,874,2.37,2.77,2.74,2.65,2.71,2.74,,,,,,,,,,,,
92921,Rio de Janeiro,00:00.0,00:00.0,05/02/2017,Organic,Bicycle,3,3,4.1,4.1,4.1,4.1,3,3,5,5,5,5,1,1,1.21,1.21,1.21,1.21,,,,,,,,,,,,
92924,Rio de Janeiro,00:00.0,00:00.0,05/02/2017,Digital,Bicycle,14.9,32.9,44.5,51.1,55.6,55.6,46,92,121,137,152,152,3.09,2.8,2.72,2.68,2.73,2.73,1,1,3,3,3,3,0,0,0,0,0,0
92926,Rio de Janeiro,00:00.0,00:00.0,15/02/2017,Organic,Bicycle,9.4,9.4,9.4,9.4,9.4,9.4,15,15,15,15,15,15,1.59,1.59,1.59,1.59,1.59,1.59,,,,,,,,,,,,
92928,Rio de Janeiro,00:00.0,00:00.0,04/02/2017,Organic,Bicycle,22.3,34.5,57,108.6,152.8,179.7,64,99,164,329,488,572,2.86,2.87,2.88,3.03,3.19,3.18,1,1,1,2,2,2,0,0,0,0,0,0
92931,Rio de Janeiro,00:00.0,00:00.0,04/02/2017,Organic,Bicycle,22.6,71.4,127.8,245.3,375.2,740.5,42,135,248,499,774,1568,1.86,1.89,1.94,2.03,2.06,2.12,,,,,,1,,,,,,0
92988,New York,00:00.0,00:00.0,03/02/2017,Organic,Scooter / Motorcycle,48.6,72.2,121.9,198.6,372.2,514.9,200,298,502,710,1148,1478,4.11,4.13,4.12,3.57,3.08,2.87,,,,,,,,,,,,
93008,Rio de Janeiro,00:00.0,00:00.0,05/02/2017,Digital,Bicycle,35.5,61,135.5,265.1,378.6,641,75,137,309,617,866,1369,2.11,2.25,2.28,2.33,2.29,2.14,,,,,,,,,,,,
93011,New York,00:00.0,00:00.0,04/02/2017,Referral,Scooter / Motorcycle,26,58.1,119.8,246.4,377.4,641.6,41,101,236,510,770,1326,1.58,1.74,1.97,2.07,2.04,2.07,,,,,,1,,,,,,1
93017,Rio de Janeiro,00:00.0,00:00.0,05/02/2017,Organic,Bicycle,19.2,32.6,57.9,85.6,86.4,86.9,62,106,187,273,276,276,3.24,3.25,3.23,3.19,3.19,3.17,,,,,,,,,,,,
93019,Rio de Janeiro,00:00.0,00:00.0,10/02/2017,Organic,Bicycle,14.3,22.8,33.9,51.2,102.8,172.7,28,52,82,127,248,433,1.96,2.29,2.42,2.48,2.41,2.51,,,,,,,,,,,,
93020,Rio de Janeiro,00:00.0,00:00.0,07/02/2017,Organic,Bicycle,24.7,38.6,72,150,232.8,544.3,60,98,183,379,595,1454,2.43,2.54,2.54,2.53,2.56,2.67,,,,,,,,,,,,
93023,Rio de Janeiro,00:00.0,00:00.0,05/02/2017,Organic,Bicycle,0.7,2.6,2.6,2.6,2.6,2.6,0,3,3,3,3,3,0,1.17,1.17,1.17,1.17,1.17,,,,,,,,,,,,
93024,Rio de Janeiro,00:00.0,00:00.0,13/02/2017,Organic,Bicycle,4.4,6.7,14.4,20.5,23.7,33.2,11,19,42,63,72,97,2.51,2.85,2.92,3.08,3.03,2.92,,,,,,,,,,,,
93030,Rio de Janeiro,00:00.0,00:00.0,19/02/2017,Organic,Bicycle,10.9,19.4,26.8,42.4,52.1,52.1,24,44,64,97,117,117,2.2,2.27,2.39,2.29,2.24,2.24,,,,,,,,,,,,
93031,Rio de Janeiro,00:00.0,00:00.0,04/02/2017,Organic,Bicycle,21.3,36.7,55.1,82.9,186.9,367.7,51,95,146,214,525,965,2.39,2.59,2.65,2.58,2.81,2.62,,3,14,16,16,28,,0,0,0,0,0
93032,Rio de Janeiro,00:00.0,00:00.0,10/02/2017,Organic,Bicycle,7.3,14.5,31,49.2,49.2,49.2,16,30,60,100,100,100,2.2,2.08,1.94,2.03,2.03,2.03,,,,,,,,,,,,
93037,New York,00:00.0,00:00.0,04/02/2017,Referral,Scooter / Motorcycle,37.8,62.3,84.6,240.5,255.4,262.7,51,86,112,322,327,335,1.35,1.38,1.32,1.34,1.28,1.28,,,,,,1,,,,,,0
93045,Rio de Janeiro,00:00.0,00:00.0,11/02/2017,Organic,Bicycle,21.4,23.4,30.9,52.3,56.1,95,53,58,78,136,144,248,2.48,2.48,2.53,2.6,2.57,2.61,,,,,,,,,,,,
93046,Rio de Janeiro,00:00.0,00:00.0,15/02/2017,Job Platforms,Bicycle,13.1,21,47.8,79.2,82.9,103.9,28,44,104,175,183,234,2.14,2.09,2.18,2.21,2.21,2.25,,,,,,,,,,,,
93064,Rio de Janeiro,00:00.0,00:00.0,05/02/2017,Digital,Bicycle,12.6,20.4,31.1,38.4,61.6,94.8,36,49,70,77,128,205,2.87,2.4,2.25,2.01,2.08,2.16,,,1,4,4,4,,,0,0,0,0
93065,Rio de Janeiro,00:00.0,00:00.0,09/02/2017,Organic,Bicycle,19,19,19,20.4,20.4,20.4,49,49,49,52,52,52,2.58,2.58,2.58,2.55,2.55,2.55,,,,,,2,,,,,,0
93067,Rio de Janeiro,,,05/02/2017,Unknown,Bicycle,30.9,59.6,121.5,216.3,324.2,713.9,92,164,329,568,889,2034,2.98,2.75,2.71,2.63,2.74,2.85,,,,,,,,,,,,
93068,Rio de Janeiro,00:00.0,00:00.0,09/02/2017,Organic,Bicycle,9.1,20.7,37.8,53.9,109.1,242.3,22,53,88,123,241,521,2.43,2.57,2.33,2.28,2.21,2.15,,,,,,,,,,,,
93069,Rio de Janeiro,00:00.0,00:00.0,07/02/2017,Organic,Bicycle,33.6,81.1,173.2,299.6,417.9,806.9,114,264,529,935,1255,2577,3.39,3.26,3.05,3.12,3,3.19,,,,1,1,3,,,,0,0,0
93073,Rio de Janeiro,00:00.0,00:00.0,07/02/2017,Offline,Bicycle,31.4,68.6,125.8,154.7,200.8,203.7,52,103,193,238,314,318,1.66,1.5,1.53,1.54,1.56,1.56,,,,,,,,,,,,
93074,Rio de Janeiro,00:00.0,00:00.0,05/02/2017,Organic,Bicycle,36.6,59.8,138,149.2,149.2,149.2,79,134,303,322,322,322,2.16,2.24,2.19,2.16,2.16,2.16,,,,,,,,,,,,
93075,Rio de Janeiro,00:00.0,00:00.0,06/02/2017,Organic,Bicycle,25.5,47.7,94.2,191.2,296.1,683.1,71,126,237,464,715,1663,2.78,2.64,2.52,2.43,2.41,2.43,,,,,,,,,,,,
93076,Rio de Janeiro,00:00.0,00:00.0,04/02/2017,Organic,Bicycle,10.5,14.5,18.8,18.8,27.6,27.6,28,37,50,50,69,69,2.66,2.55,2.66,2.66,2.5,2.5,,,,,,,,,,,,
93106,New York,00:00.0,00:00.0,05/02/2017,Organic,Scooter / Motorcycle,27,54.4,69.9,194.6,290.3,668.3,56,111,151,458,731,1792,2.07,2.04,2.16,2.35,2.52,2.68,,,,,,,,,,,,
93124,New York,00:00.0,00:00.0,04/02/2017,Referral,Scooter / Motorcycle,16.9,16.9,30.5,144.1,244.6,532.1,43,43,67,337,564,1472,2.54,2.54,2.2,2.34,2.31,2.77,,,,,1,3,,,,,0,1
93156,New York,00:00.0,00:00.0,18/02/2017,Digital,Bicycle,28.3,59.3,119.8,224.8,316.2,449,16,66,169,347,480,707,0.56,1.11,1.41,1.54,1.52,1.57,,,,,,,,,,,,
93177,New York,00:00.0,00:00.0,05/02/2017,Digital,Scooter / Motorcycle,38.7,64.3,64.3,64.3,64.3,64.3,69,119,119,119,119,119,1.78,1.85,1.85,1.85,1.85,1.85,,,,,,,,,,,,
93178,New York,00:00.0,00:00.0,04/02/2017,Referral,Scooter / Motorcycle,0.4,0.4,0.4,0.4,0.4,0.4,0,0,0,0,0,0,0,0,0,0,0,0,,,,,,,,,,,,
93203,New York,00:00.0,00:00.0,07/02/2017,Digital,Scooter / Motorcycle,13.5,18.8,30.9,52.6,56.5,56.5,33,45,70,109,118,118,2.44,2.39,2.26,2.07,2.09,2.09,,,,,2,4,,,,,0,1
93204,New York,00:00.0,00:00.0,22/02/2017,Organic,Bicycle,16.5,27.5,46.5,64.7,64.7,64.7,4,7,12,18,18,18,0.24,0.25,0.26,0.28,0.28,0.28,,,,,,,,,,,,
93205,New York,00:00.0,00:00.0,09/02/2017,Referral,Scooter / Motorcycle,12.7,18.3,24.4,43.6,60.8,103.8,31,41,59,107,143,208,2.45,2.24,2.42,2.45,2.35,2,,,,,,1,,,,,,0
93206,New York,00:00.0,00:00.0,18/02/2017,Organic,Bicycle,19.5,44.4,67.7,67.7,67.7,67.7,20,54,79,79,79,79,1.02,1.22,1.17,1.17,1.17,1.17,,,,,,,,,,,,
93208,New York,00:00.0,00:00.0,04/02/2017,Referral,Scooter / Motorcycle,44.1,56.3,140,287.6,406.3,699.6,95,115,273,514,766,1521,2.16,2.04,1.95,1.79,1.89,2.17,,,,,,,,,,,,
93209,New York,00:00.0,00:00.0,07/02/2017,Referral,Scooter / Motorcycle,10.1,16.3,25.7,113.7,113.7,124.2,28,45,71,322,322,345,2.76,2.77,2.77,2.83,2.83,2.78,1,2,2,2,2,2,0,0,0,0,0,0
93210,New York,00:00.0,00:00.0,18/02/2017,Organic,Bicycle,13.3,30.2,65.7,173.8,249.5,524.4,11,46,127,343,500,1096,0.83,1.52,1.93,1.97,2,2.09,,,,,1,1,,,,,0,0
93212,New York,00:00.0,00:00.0,07/02/2017,Offline,Scooter / Motorcycle,8,8,8,8,14.6,14.7,27,27,27,27,39,39,3.39,3.39,3.39,3.39,2.67,2.66,,,,,,,,,,,,
93213,New York,00:00.0,00:00.0,05/02/2017,Referral,Scooter / Motorcycle,39,75.2,191.4,404.1,621.4,1304.1,96,189,446,884,1423,3009,2.46,2.51,2.33,2.19,2.29,2.31,,,,,,,,,,,,
93216,New York,00:00.0,00:00.0,07/02/2017,Referral,Scooter / Motorcycle,19.8,29,33.3,33.3,33.3,33.3,35,50,56,56,56,56,1.77,1.72,1.68,1.68,1.68,1.68,,,,,,,,,,,,
93217,New York,00:00.0,00:00.0,08/02/2017,Referral,Scooter / Motorcycle,10.1,10.3,10.3,62.2,137.4,377.9,23,23,23,148,299,871,2.27,2.23,2.23,2.38,2.18,2.31,,,,1,1,2,,,,1,1,2
93231,New York,00:00.0,00:00.0,19/02/2017,Organic,Bicycle,31,39.2,78.9,101.1,101.1,101.1,10,12,20,24,24,24,0.32,0.31,0.25,0.24,0.24,0.24,,,,1,1,1,,,,0,0,0
93249,New York,00:00.0,00:00.0,05/02/2017,Referral,Scooter / Motorcycle,25.9,46.2,94.4,154.1,159.3,184.7,68,115,211,317,317,317,2.63,2.49,2.23,2.06,1.99,1.72,,,,,,,,,,,,
93346,Rio de Janeiro,00:00.0,00:00.0,05/02/2017,Organic,Bicycle,6.5,6.5,12.6,18.7,30.5,48.7,17,17,34,50,95,157,2.62,2.62,2.71,2.67,3.11,3.23,,,,,,1,,,,,,0
93347,Cape Town,00:00.0,00:00.0,06/02/2017,Organic,Bicycle,15.1,25.4,25.4,25.4,25.4,25.4,30,49,49,49,49,49,1.98,1.93,1.93,1.93,1.93,1.93,,,,,,,,,,,,
93348,Rio de Janeiro,00:00.0,00:00.0,05/02/2017,Organic,Bicycle,19.6,24.8,47.1,67.2,93.7,275,49,64,116,179,252,666,2.5,2.58,2.46,2.66,2.69,2.42,,,,,,,,,,,,
93349,Cape Town,00:00.0,00:00.0,06/02/2017,Organic,Bicycle,14.4,18.5,40.2,52.2,55.8,141.2,28,39,90,116,124,277,1.95,2.11,2.24,2.22,2.22,1.96,,,,,,,,,,,,
93350,Cape Town,00:00.0,00:00.0,06/02/2017,Organic,Bicycle,12.1,16.6,24.5,29,38.1,78.6,26,34,49,58,80,171,2.15,2.04,2,2,2.1,2.18,,,,,,,,,,,,
93351,Cape Town,00:00.0,00:00.0,19/02/2017,Job Platforms,Bicycle,39.6,69.1,125.9,216.7,300,420.3,73,125,254,475,652,968,1.85,1.81,2.02,2.19,2.17,2.3,,,,,,,,,,,,
93352,Cape Town,00:00.0,00:00.0,07/02/2017,Organic,Bicycle,14.9,25.3,41.8,49.9,53.8,78.5,44,73,113,132,142,211,2.96,2.88,2.71,2.64,2.64,2.69,,,,,,,,,,,,
93354,Cape Town,00:00.0,00:00.0,08/02/2017,Organic,Bicycle,17.4,17.4,21.6,24.8,24.8,26.6,48,48,60,68,68,73,2.76,2.76,2.78,2.75,2.75,2.74,,,,,,2,,,,,,0
93379,New York,00:00.0,00:00.0,06/02/2017,Organic,Scooter / Motorcycle,65.9,120.5,236,473.7,702.3,1351.9,98,189,385,738,1100,2254,1.49,1.57,1.63,1.56,1.57,1.67,,,,,,,,,,,,
93448,New York,00:00.0,00:00.0,18/02/2017,Referral,Bicycle,19.2,36.7,97.3,262.8,414,872.4,18,48,129,398,672,1412,0.94,1.31,1.33,1.51,1.62,1.62,,,,,1,1,,,,,1,1
93500,New York,00:00.0,00:00.0,05/02/2017,Organic,Scooter / Motorcycle,36.7,64.2,125.3,237.9,315.4,582.9,83,143,274,516,691,1420,2.26,2.23,2.19,2.17,2.19,2.44,,,,,,,,,,,,
93512,New York,00:00.0,00:00.0,18/02/2017,Referral,Bicycle,14.8,26.2,43.1,66.1,89.7,96,6,19,40,73,96,101,0.41,0.73,0.93,1.1,1.07,1.05,,,,,,,,,,,,
93550,New York,00:00.0,00:00.0,12/02/2017,Organic,Bicycle,6.2,34,89.6,185.1,206.1,255.6,0,7,21,31,32,35,0,0.21,0.23,0.17,0.16,0.14,,,1,3,3,3,,,1,1,1,1
93574,New York,00:00.0,00:00.0,17/02/2017,Organic,Bicycle,14.3,29.6,66.8,102.3,269.9,498,26,49,118,179,571,1146,1.82,1.66,1.77,1.75,2.12,2.3,,,,,,,,,,,,
93581,New York,00:00.0,00:00.0,10/02/2017,Organic,Bicycle,15.2,21.7,24.6,24.6,24.6,24.7,53,74,84,84,84,84,3.49,3.41,3.41,3.41,3.41,3.41,,,,,,,,,,,,
93606,New York,00:00.0,00:00.0,20/02/2017,Digital,Bicycle,16.5,25.7,25.7,25.7,25.7,25.7,26,41,41,41,41,41,1.58,1.6,1.6,1.6,1.6,1.6,,,,,,,,,,,,
93607,New York,00:00.0,00:00.0,05/02/2017,Referral,Scooter / Motorcycle,37.2,65.6,120,291.1,355.5,466.7,104,187,347,642,733,882,2.79,2.85,2.89,2.21,2.06,1.89,,,,2,2,2,,,,1,1,1
93609,New York,00:00.0,00:00.0,05/02/2017,Referral,Scooter / Motorcycle,41,68.8,171.8,378,548.9,1051.1,77,111,172,338,487,975,1.88,1.61,1,0.89,0.89,0.93,,,,,,,,,,,,
93618,New York,00:00.0,00:00.0,06/02/2017,Organic,Scooter / Motorcycle,32.4,57.5,95.5,102.1,130.3,226.5,94,169,291,300,385,614,2.9,2.94,3.05,2.94,2.96,2.71,,3,3,3,4,5,,0,0,0,0,0
93720,New York,00:00.0,00:00.0,09/02/2017,Referral,Scooter / Motorcycle,13.7,13.7,13.7,13.7,13.7,13.7,23,23,23,23,23,23,1.68,1.68,1.68,1.68,1.68,1.68,,,,,,,,,,,,
93766,New York,00:00.0,00:00.0,06/02/2017,Digital,Scooter / Motorcycle,38.9,41.2,68.7,126.1,284.1,745.7,100,107,189,305,741,1856,2.57,2.6,2.75,2.42,2.61,2.49,,,,,,,,,,,,
93777,New York,00:00.0,00:00.0,07/02/2017,Referral,Scooter / Motorcycle,25,25,25,25,25,251.9,53,53,53,53,53,721,2.12,2.12,2.12,2.12,2.12,2.86,,,,,,,,,,,,
93827,New York,00:00.0,00:00.0,19/02/2017,Referral,Bicycle,12.7,12.7,22.7,22.7,22.7,22.7,6,6,19,19,19,19,0.47,0.47,0.84,0.84,0.84,0.84,,,,,,,,,,,,
93829,New York,00:00.0,00:00.0,19/02/2017,Digital,Bicycle,26,41.6,72.6,114,165.2,173.8,14,26,68,119,193,208,0.54,0.62,0.94,1.04,1.17,1.2,,,,,,,,,,,,
93842,New York,00:00.0,00:00.0,07/02/2017,Offline,Scooter / Motorcycle,2.9,2.9,2.9,13.1,13.1,13.1,7,7,7,35,35,35,2.45,2.45,2.45,2.68,2.68,2.68,,,,,,,,,,,,
93847,Rio de Janeiro,00:00.0,00:00.0,15/02/2017,Organic,Bicycle,4.2,4.2,5.4,13.9,13.9,13.9,7,7,8,22,22,22,1.68,1.68,1.48,1.59,1.59,1.59,,,,,,,,,,,,
93850,Rio de Janeiro,00:00.0,00:00.0,17/03/2017,Job Platforms,Bicycle,8.8,18.4,48.4,48.4,48.4,62.5,27,56,143,143,143,177,3.06,3.04,2.95,2.95,2.95,2.83,,,,,,,,,,,,
93852,Rio de Janeiro,00:00.0,00:00.0,07/02/2017,Organic,Bicycle,30.5,56.3,99.9,172.7,291.7,504.4,106,188,342,635,1081,1739,3.47,3.34,3.42,3.68,3.71,3.45,,,,,,,,,,,,
93853,New York,00:00.0,00:00.0,06/02/2017,Digital,Scooter / Motorcycle,12.9,19.6,39.6,100,159.4,332.9,33,51,118,304,542,1166,2.57,2.61,2.98,3.04,3.4,3.5,,,,,,,,,,,,
93854,Rio de Janeiro,00:00.0,00:00.0,07/02/2017,Digital,Bicycle,14.9,26,40,73.4,116.6,242.6,39,65,105,194,308,486,2.61,2.5,2.63,2.64,2.64,2,,,,,,,,,,,,
93859,New York,00:00.0,00:00.0,24/02/2017,Offline,Scooter / Motorcycle,43.1,81.2,153.4,247.8,297.4,404.6,20,49,135,264,319,436,0.46,0.6,0.88,1.07,1.07,1.08,,,,,,,,,,,,
93861,Rio de Janeiro,00:00.0,00:00.0,08/02/2017,Organic,Bicycle,12.3,17.9,39.5,49.8,57,58.3,20,29,65,77,90,92,1.63,1.62,1.65,1.55,1.58,1.58,,,,,,,,,,,,
93862,Rio de Janeiro,00:00.0,00:00.0,28/03/2017,Organic,Bicycle,4.9,4.9,18.8,51.8,59.5,59.5,7,7,40,117,129,129,1.42,1.42,2.13,2.26,2.17,2.17,1,1,1,1,1,1,0,0,0,0,0,0
93864,Rio de Janeiro,00:00.0,00:00.0,15/02/2017,Organic,Bicycle,15.2,27,35.2,40.1,55.3,55.3,27,48,63,72,100,100,1.78,1.78,1.79,1.79,1.81,1.81,,,,,,,,,,,,
93865,Rio de Janeiro,00:00.0,00:00.0,17/02/2017,Digital,Bicycle,9.5,23.3,29.8,51.6,57.1,362.2,16,52,65,114,131,980,1.69,2.23,2.18,2.21,2.3,2.71,,1,1,1,1,3,,0,0,0,0,0
93873,New York,00:00.0,00:00.0,07/02/2017,Organic,Scooter / Motorcycle,25.3,26.8,44.1,47.6,47.6,47.6,62,65,98,105,105,105,2.45,2.43,2.22,2.21,2.21,2.21,,,,,,,,,,,,
93874,New York,00:00.0,00:00.0,07/02/2017,Referral,Scooter / Motorcycle,29.5,64,115.6,275.8,450.5,1090.7,71,161,301,754,1265,3022,2.4,2.52,2.6,2.73,2.81,2.77,,,,,,1,,,,,,0
93884,New York,00:00.0,00:00.0,20/02/2017,Organic,Scooter / Motorcycle,11,11,11,11,11,11,3,3,3,3,3,3,0.27,0.27,0.27,0.27,0.27,0.27,,,,,,,,,,,,
93888,Rio de Janeiro,00:00.0,00:00.0,07/02/2017,Digital,Bicycle,10.9,18.3,23.9,28.6,28.6,28.6,25,46,53,64,64,64,2.29,2.51,2.22,2.24,2.24,2.24,,,,,1,1,,,,,0,0
93892,New York,00:00.0,00:00.0,13/02/2017,Offline,Scooter / Motorcycle,95.7,162.9,302.3,302.3,302.3,302.3,50,90,186,186,186,186,0.52,0.55,0.62,0.62,0.62,0.62,,,,,,,,,,,,
93904,New York,00:00.0,00:00.0,07/02/2017,Referral,Scooter / Motorcycle,31.1,44.9,61.2,137,217.1,285.2,73,113,163,360,530,668,2.35,2.52,2.66,2.63,2.44,2.34,,,,,,2,,,,,,0
93911,New York,00:00.0,00:00.0,09/02/2017,Organic,Scooter / Motorcycle,2.4,7.3,22.2,78.3,99.2,152.1,5,20,55,188,234,338,2.07,2.75,2.48,2.4,2.36,2.22,,,,,1,1,,,,,1,1
93919,New York,00:00.0,00:00.0,07/04/2017,Organic,Bicycle,0.6,0.6,0.6,0.6,0.6,0.6,0,0,0,0,0,0,0,0,0,0,0,0,,,,,,,,,,,,
93925,New York,00:00.0,00:00.0,07/02/2017,Offline,Scooter / Motorcycle,11.1,19.9,28.7,28.7,31.4,112.5,30,54,81,81,85,273,2.7,2.71,2.83,2.83,2.71,2.43,,,,,,,,,,,,
93929,New York,00:00.0,00:00.0,07/02/2017,Offline,Scooter / Motorcycle,12.3,16.6,25.9,50.4,67.5,138.7,42,56,90,154,200,390,3.41,3.37,3.47,3.06,2.96,2.81,,,,,,1,,,,,,1
93933,New York,00:00.0,00:00.0,07/02/2017,Offline,Scooter / Motorcycle,54.9,103.5,199.8,393.4,583.7,838.8,111,209,384,779,1153,1667,2.02,2.02,1.92,1.98,1.98,1.99,,,,1,1,1,,,,0,0,1
93947,New York,00:00.0,00:00.0,01/03/2017,Digital,Bicycle,9.7,20.6,39.1,43.8,50,50,8,15,53,61,71,71,0.83,0.73,1.36,1.39,1.42,1.42,,,,,,,,,,,,
93965,New York,00:00.0,00:00.0,25/02/2017,Organic,Bicycle,19.1,19.1,19.1,19.1,19.1,19.1,6,6,6,6,6,6,0.31,0.31,0.31,0.31,0.31,0.31,,,,,,,,,,,,
94034,New York,,,07/02/2017,Organic,Electric Bicycle,2.1,2.1,2.1,2.5,2.5,3.5,6,6,6,6,6,9,2.83,2.83,2.83,2.4,2.37,2.59,,,,,,,,,,,,
94042,New York,00:00.0,00:00.0,09/02/2017,Referral,Scooter / Motorcycle,16.3,30,52.4,178.2,416,960.3,54,105,196,628,1380,2783,3.3,3.5,3.74,3.52,3.32,2.9,,,,,,2,,,,,,1
94104,New York,,,07/02/2017,Unknown,Bicycle,0.6,0.6,0.6,0.6,0.6,0.6,2,2,2,2,2,2,3.42,3.42,3.42,3.42,3.42,3.42,,,,,,,,,,,,
94140,New York,00:00.0,00:00.0,07/02/2017,Organic,Scooter / Motorcycle,10.3,23.9,33.9,33.9,33.9,33.9,21,57,73,73,73,73,2.04,2.39,2.15,2.15,2.15,2.15,,,,,,,,,,,,
94142,New York,00:00.0,00:00.0,13/02/2017,Referral,Scooter / Motorcycle,18.3,18.3,18.3,18.3,18.3,18.3,44,44,44,44,44,44,2.41,2.41,2.41,2.41,2.41,2.41,,,,,,,,,,,,
94183,New York,00:00.0,00:00.0,07/02/2017,Organic,Scooter / Motorcycle,37,71.5,103.3,251.4,451.9,837.2,98,185,214,335,478,786,2.65,2.59,2.07,1.33,1.06,0.94,,,,3,3,3,,,,0,0,0
94184,New York,00:00.0,00:00.0,12/02/2017,Referral,Scooter / Motorcycle,33.8,69.6,100.4,223.7,323.8,394,66,140,200,463,719,879,1.95,2.01,1.99,2.07,2.22,2.23,,,,,,,,,,,,
94192,New York,00:00.0,00:00.0,13/02/2017,Organic,Scooter / Motorcycle,30.2,50.1,67.8,103.9,193.1,582.3,84,142,183,268,531,1647,2.78,2.83,2.7,2.58,2.75,2.83,1,1,1,1,1,2,0,0,0,0,0,0
94194,New York,00:00.0,00:00.0,27/03/2017,Offline,Scooter / Motorcycle,36.8,68.5,149.6,192.3,294.6,662.6,77,169,365,472,781,1727,2.09,2.47,2.44,2.45,2.65,2.61,,,,,1,2,,,,,1,1
94205,New York,,,08/02/2017,Unknown,Scooter / Motorcycle,26.3,31.3,31.3,31.3,31.3,72.4,88,106,106,106,106,203,3.35,3.39,3.39,3.39,3.39,2.8,,,,,,1,,,,,,1
94216,New York,00:00.0,00:00.0,09/02/2017,Organic,Scooter / Motorcycle,44.1,98.1,182.4,349.9,441.2,514.4,93,213,403,781,904,952,2.11,2.17,2.21,2.23,2.05,1.85,,,1,1,4,4,,,0,0,0,0
94220,New York,00:00.0,00:00.0,09/02/2017,Referral,Scooter / Motorcycle,6.6,6.6,6.6,6.6,6.6,45.1,22,22,22,22,22,109,3.33,3.33,3.33,3.33,3.33,2.42,,,,,1,1,,,,,0,1
94231,New York,00:00.0,00:00.0,08/02/2017,Referral,Scooter / Motorcycle,6.5,6.5,6.5,6.5,6.5,6.5,14,14,14,14,14,14,2.17,2.15,2.15,2.15,2.15,2.15,,,,,,,,,,,,
94234,New York,00:00.0,00:00.0,09/02/2017,Organic,Scooter / Motorcycle,35.5,59.2,109.3,215.4,381.1,597.4,75,138,264,539,918,1507,2.11,2.33,2.41,2.5,2.41,2.52,,,,,,,,,,,,
94236,New York,00:00.0,00:00.0,09/02/2017,Referral,Scooter / Motorcycle,18.6,26.1,29.8,29.8,29.8,29.8,44,67,79,79,79,79,2.36,2.57,2.65,2.65,2.65,2.65,,,,,,,,,,,,
94242,New York,00:00.0,00:00.0,09/02/2017,Organic,Scooter / Motorcycle,30.5,55.2,108.3,185.5,280.2,436.2,75,130,278,457,631,933,2.46,2.36,2.57,2.46,2.25,2.14,,1,1,1,1,1,,0,0,0,0,0
94243,New York,00:00.0,00:00.0,09/02/2017,Organic,Scooter / Motorcycle,3.7,3.7,3.7,3.7,3.7,222.7,9,9,9,9,9,455,2.43,2.43,2.43,2.43,2.43,2.04,,,,,,,,,,,,
94439,Rio de Janeiro,00:00.0,00:00.0,11/02/2017,Organic,Bicycle,30.5,49.1,82.1,171.2,320.2,352,66,105,170,332,674,752,2.17,2.14,2.07,1.94,2.1,2.14,,,,,,,,,,,,
94440,Rio de Janeiro,00:00.0,00:00.0,13/02/2017,Organic,Bicycle,20.1,35.3,51.4,97.7,126.4,221.7,49,89,127,250,333,583,2.44,2.52,2.47,2.56,2.63,2.63,,,1,3,3,3,,,0,0,0,0
94442,Rio de Janeiro,00:00.0,00:00.0,11/02/2017,Referral,Bicycle,26.8,28,40,77.9,77.9,79.8,59,63,81,170,170,173,2.2,2.25,2.02,2.18,2.18,2.17,,,,2,3,4,,,,0,0,1
94480,New York,00:00.0,00:00.0,12/02/2017,Offline,Scooter / Motorcycle,3.6,3.6,3.6,35.4,136.1,475,9,9,9,83,362,1331,2.52,2.52,2.52,2.35,2.66,2.8,,,,,,4,,,,,,2
94487,Rio de Janeiro,00:00.0,00:00.0,12/02/2017,Organic,Bicycle,0.9,0.9,5.8,5.8,5.8,5.8,2,2,8,8,8,8,2.14,2.14,1.39,1.39,1.39,1.39,,,,,,,,,,,,
94490,Rio de Janeiro,00:00.0,00:00.0,11/02/2017,Referral,Bicycle,40.9,78,136.7,285.3,465.5,649.4,103,201,337,676,1149,1636,2.52,2.58,2.47,2.37,2.47,2.52,,,,,,,,,,,,
94509,New York,00:00.0,00:00.0,05/03/2017,Organic,Bicycle,47,77.5,148.8,262,364.9,436.4,59,99,201,320,432,567,1.25,1.28,1.35,1.22,1.18,1.3,1,2,2,2,2,2,0,0,0,1,1,1
94529,Rio de Janeiro,00:00.0,00:00.0,16/02/2017,Organic,Bicycle,26.8,35.7,35.7,35.7,91.4,318.4,64,82,82,82,206,699,2.39,2.3,2.3,2.3,2.25,2.2,,,,,,,,,,,,
94530,New York,00:00.0,00:00.0,12/02/2017,Organic,Scooter / Motorcycle,5.1,5.1,5.1,5.1,5.1,5.1,18,18,18,18,18,18,3.52,3.52,3.52,3.52,3.52,3.52,2,2,2,2,2,2,0,0,1,1,1,1
94555,New York,00:00.0,00:00.0,12/02/2017,Organic,Scooter / Motorcycle,46.9,80.4,118.2,152.1,152.1,152.1,160,275,393,503,503,503,3.41,3.42,3.33,3.31,3.31,3.31,,,,,,,,,,,,
94563,New York,00:00.0,00:00.0,12/02/2017,Referral,Scooter / Motorcycle,35.6,57.5,113.8,224.2,294.3,446.4,94,162,334,652,849,1245,2.64,2.82,2.93,2.91,2.89,2.79,,,,,,,,,,,,
94564,New York,00:00.0,00:00.0,13/02/2017,Referral,Scooter / Motorcycle,5.1,14,39.1,46,46,46,14,32,93,107,107,107,2.75,2.29,2.38,2.32,2.32,2.32,2,2,2,2,2,2,0,1,1,1,1,1
94569,New York,00:00.0,00:00.0,14/02/2017,Referral,Scooter / Motorcycle,22.1,34.7,43,43.2,60.1,190.3,52,83,99,99,134,459,2.35,2.39,2.3,2.29,2.23,2.41,,,,,2,2,,,,,0,0
94575,New York,,,12/02/2017,Unknown,Scooter / Motorcycle,14.3,14.3,14.3,14.3,14.3,60.9,37,37,37,37,37,144,2.58,2.58,2.58,2.58,2.58,2.36,,,,,,1,,,,,,0
94576,New York,00:00.0,00:00.0,16/02/2017,Referral,Scooter / Motorcycle,24.6,50.6,83.4,132.9,180.3,348.7,60,132,216,358,483,955,2.44,2.61,2.59,2.69,2.68,2.74,,,4,5,5,5,,,0,0,0,0
94579,New York,00:00.0,00:00.0,13/02/2017,Organic,Scooter / Motorcycle,18.5,37.1,41.5,68,68,68,48,95,105,156,156,156,2.59,2.56,2.53,2.29,2.29,2.29,,,,,,,,,,,,
94629,Cape Town,00:00.0,00:00.0,21/02/2017,Digital,Bicycle,6.4,15.2,30.6,53.4,90.6,138.4,9,22,46,96,172,287,1.42,1.45,1.5,1.8,1.9,2.07,,,,,,,,,,,,
94630,Cape Town,00:00.0,00:00.0,13/02/2017,Organic,Bicycle,43,98.5,193.5,353,467.1,703.6,117,263,489,915,1230,1877,2.72,2.67,2.53,2.59,2.63,2.67,,,,,,,,,,,,
94631,Cape Town,00:00.0,00:00.0,13/02/2017,Offline,Bicycle,20.3,40.1,47.1,54,95.6,150.7,43,87,103,123,233,358,2.12,2.17,2.19,2.28,2.44,2.38,,,,,,,,,,,,
94633,Cape Town,00:00.0,00:00.0,16/02/2017,Digital,Bicycle,9.5,11.6,18.1,34.2,34.2,34.2,24,30,44,101,101,101,2.53,2.59,2.43,2.96,2.96,2.96,,,,,,,,,,,,
94635,Cape Town,00:00.0,00:00.0,13/02/2017,Organic,Motor Vehicle,14,35.2,52.1,74.8,129.9,151.1,38,102,140,211,368,415,2.71,2.9,2.69,2.82,2.83,2.75,,,,,,,,,,,,
94636,Cape Town,00:00.0,00:00.0,18/03/2017,Digital,Scooter / Motorcycle,2.1,2.1,4.2,12.2,12.2,24.9,4,4,9,23,23,56,1.86,1.86,2.14,1.88,1.88,2.25,,,,,,,,,,,,
94637,Cape Town,00:00.0,00:00.0,19/02/2017,Organic,Bicycle,14.6,21.4,27.5,27.5,56.6,97.8,30,44,56,56,128,203,2.05,2.05,2.03,2.03,2.26,2.08,,,,,,,,,,,,
94640,Rio de Janeiro,00:00.0,00:00.0,12/02/2017,Digital,Bicycle,17,23.9,52.2,135.8,220.3,361.9,41,61,130,339,545,818,2.41,2.55,2.49,2.5,2.47,2.26,,,,,,,,,,,,
94641,Rio de Janeiro,00:00.0,00:00.0,12/02/2017,Organic,Bicycle,40.3,65.7,126.4,272.2,369,560.4,129,219,398,846,1187,1798,3.2,3.33,3.15,3.11,3.22,3.21,,,,,2,2,,,,,0,1
94642,Rio de Janeiro,00:00.0,00:00.0,12/02/2017,Organic,Bicycle,32.6,79.9,129,129,138.4,167.1,62,140,220,220,244,312,1.9,1.75,1.71,1.71,1.76,1.87,,,,,,,,,,,,
94643,Rio de Janeiro,00:00.0,00:00.0,14/02/2017,Digital,Bicycle,41.7,80.5,132.9,258.6,406.1,808.8,78,167,237,514,825,1508,1.87,2.08,1.78,1.99,2.03,1.86,,1,1,1,1,3,,0,0,0,0,1
94644,Rio de Janeiro,00:00.0,00:00.0,13/02/2017,Organic,Bicycle,35.9,66.1,120,161,179,277.8,84,160,268,359,394,640,2.34,2.42,2.23,2.23,2.2,2.3,,,,1,1,1,,,,0,0,0
94645,Rio de Janeiro,00:00.0,00:00.0,22/02/2017,Organic,Bicycle,8.7,16.9,21.8,23.2,23.2,23.2,17,33,47,51,51,51,1.94,1.95,2.15,2.2,2.2,2.2,,,,,,,,,,,,
94646,Rio de Janeiro,00:00.0,00:00.0,13/02/2017,Digital,Bicycle,29.5,50.5,134.8,334.8,583.5,1275.7,68,133,354,950,1759,3801,2.31,2.63,2.63,2.84,3.01,2.98,,,,,,1,,,,,,0
94649,Rio de Janeiro,,,09/03/2017,Unknown,Bicycle,12.6,27.6,74.6,165.4,220.7,234.4,36,77,198,442,586,621,2.85,2.79,2.65,2.67,2.65,2.65,,,,,,,,,,,,
94651,Rio de Janeiro,00:00.0,00:00.0,14/02/2017,Organic,Bicycle,11.6,11.6,11.6,13.6,13.6,13.6,11,11,11,15,15,15,0.95,0.95,0.95,1.1,1.1,1.1,,,,,,,,,,,,
94652,Rio de Janeiro,00:00.0,00:00.0,12/02/2017,Organic,Bicycle,31.7,41.5,129,304.6,436.7,838.3,82,113,329,814,1140,2281,2.59,2.73,2.55,2.67,2.61,2.72,,,,,,,,,,,,
94654,Rio de Janeiro,00:00.0,00:00.0,15/02/2017,Referral,Bicycle,17.6,22.2,37.3,86.5,93.7,221.3,54,69,111,268,285,680,3.07,3.1,2.98,3.1,3.04,3.07,,,,,,1,,,,,,0
94655,Rio de Janeiro,00:00.0,00:00.0,14/02/2017,Organic,Bicycle,42.5,74.4,137.8,198.4,307.7,375.2,123,224,413,608,943,1135,2.89,3.01,3,3.06,3.06,3.03,,,,,,,,,,,,
94656,Rio de Janeiro,00:00.0,00:00.0,14/02/2017,Referral,Bicycle,2.3,2.3,9.4,65.5,103.7,228.8,6,6,20,177,290,621,2.61,2.61,2.13,2.7,2.8,2.71,,,,,,,,,,,,
94657,Rio de Janeiro,00:00.0,00:00.0,15/02/2017,Referral,Bicycle,12.2,25.8,75.6,180.6,263.6,474.2,24,68,220,552,827,1270,1.97,2.64,2.91,3.06,3.14,2.68,,,,1,1,2,,,,0,0,0
94660,Rio de Janeiro,00:00.0,00:00.0,12/02/2017,Organic,Bicycle,16.8,32.1,52.1,94.4,160.5,266.7,50,95,150,267,432,733,2.98,2.96,2.88,2.83,2.69,2.75,,,,1,1,1,,,,0,0,0
94661,Rio de Janeiro,00:00.0,00:00.0,17/02/2017,Organic,Bicycle,5.1,5.1,5.1,8.3,8.3,99.9,4,4,4,13,13,238,0.79,0.79,0.79,1.56,1.56,2.38,,,,,,1,,,,,,0
94663,Rio de Janeiro,00:00.0,00:00.0,12/02/2017,Referral,Bicycle,24.5,70.7,135.4,311.3,451.6,701.5,33,131,223,530,816,1217,1.35,1.85,1.65,1.7,1.81,1.73,,,,,,,,,,,,
94665,Rio de Janeiro,00:00.0,00:00.0,16/02/2017,Organic,Bicycle,7.6,14.7,39.4,39.4,51.7,78.4,20,45,87,87,118,191,2.62,3.07,2.21,2.21,2.28,2.44,,,,,,1,,,,,,0
94666,New York,00:00.0,00:00.0,12/02/2017,Organic,Scooter / Motorcycle,60.2,105.5,161.3,261.7,443.6,1010.5,158,278,405,600,966,2245,2.62,2.63,2.51,2.29,2.18,2.22,,,,,,,,,,,,
94697,New York,00:00.0,00:00.0,12/02/2017,Organic,Scooter / Motorcycle,42.6,80.4,155.9,295,436.5,960.7,92,193,373,722,1089,2526,2.16,2.4,2.39,2.45,2.49,2.63,,,,,,1,,,,,,1
94729,New York,00:00.0,00:00.0,17/02/2017,Referral,Scooter / Motorcycle,11,40.6,120.8,257.5,376.1,596.3,30,131,368,777,1135,1760,2.72,3.22,3.05,3.02,3.02,2.95,,,,,,2,,,,,,1
94730,Rio de Janeiro,00:00.0,00:00.0,20/03/2017,Referral,Bicycle,21.3,48.6,116.2,239.2,333,652.4,50,118,309,686,918,1796,2.35,2.43,2.66,2.87,2.76,2.75,,,,,,6,,,,,,0
94731,Rio de Janeiro,00:00.0,00:00.0,17/02/2017,Referral,Bicycle,1.7,3.4,6.5,6.5,6.5,6.5,5,7,15,15,15,15,2.96,2.08,2.31,2.31,2.31,2.31,,,,,,,,,,,,
94732,Rio de Janeiro,00:00.0,00:00.0,18/02/2017,Organic,Bicycle,4.3,4.3,4.3,4.3,4.3,4.3,12,12,12,12,12,12,2.77,2.77,2.77,2.77,2.77,2.77,,,,,,,,,,,,
94734,Rio de Janeiro,00:00.0,00:00.0,17/02/2017,Organic,Bicycle,10.3,19.3,86.1,159.7,218.7,259.1,16,30,133,274,389,458,1.56,1.56,1.55,1.72,1.78,1.77,,,,,,,,,,,,
94735,Rio de Janeiro,00:00.0,00:00.0,11/03/2017,Organic,Bicycle,12,15.7,15.7,15.7,104.2,206,37,45,45,45,259,550,3.09,2.87,2.87,2.87,2.49,2.67,,,,,,1,,,,,,0
94736,Rio de Janeiro,00:00.0,00:00.0,12/02/2017,Organic,Bicycle,11.9,43.1,60.9,94.7,125,241.8,30,107,145,228,292,588,2.52,2.48,2.38,2.41,2.34,2.43,,,,1,1,1,,,,0,0,0
94737,Rio de Janeiro,00:00.0,00:00.0,13/02/2017,Organic,Bicycle,4.4,15,33.1,54.5,86.1,86.1,12,49,102,169,251,251,2.75,3.26,3.08,3.1,2.92,2.92,,,,,,,,,,,,
94738,Rio de Janeiro,00:00.0,00:00.0,18/02/2017,Organic,Bicycle,2.3,2.3,2.3,2.3,2.3,2.3,1,1,1,1,1,1,0.43,0.43,0.43,0.43,0.43,0.43,,,,,,,,,,,,
94740,Rio de Janeiro,00:00.0,00:00.0,15/02/2017,Organic,Bicycle,8.7,8.7,24.4,47.5,51.3,51.3,15,15,57,128,140,140,1.72,1.72,2.33,2.7,2.73,2.73,,,,,,,,,,,,
94741,Rio de Janeiro,00:00.0,00:00.0,11/03/2017,Organic,Bicycle,32.8,86,213.6,381.6,437.4,729.7,98,243,587,1105,1271,2092,2.99,2.83,2.75,2.9,2.91,2.87,,,,,,,,,,,,
94746,Rio de Janeiro,,,14/02/2017,Unknown,Bicycle,47.4,62.2,99.8,176,262.4,467.9,118,166,253,411,609,1005,2.49,2.67,2.54,2.33,2.32,2.15,1,1,2,2,2,3,0,1,1,1,1,2
94752,New York,00:00.0,00:00.0,25/02/2017,Organic,Scooter / Motorcycle,37.5,61.1,159.7,373.5,612.1,1084.6,102,146,343,766,1261,2125,2.72,2.39,2.15,2.05,2.06,1.96,1,1,1,1,1,2,0,0,0,0,0,1
94777,New York,00:00.0,00:00.0,18/02/2017,Organic,Bicycle,19.2,30.3,44.1,66.8,66.8,66.8,25,38,52,68,68,68,1.3,1.26,1.18,1.02,1.02,1.02,,,,,,,,,,,,
94780,Rio de Janeiro,00:00.0,00:00.0,16/02/2017,Referral,Bicycle,20.2,40.5,73.6,184.2,266.5,421.6,50,93,157,389,565,797,2.47,2.3,2.13,2.11,2.12,1.89,,,2,3,3,5,,,0,0,0,1
94787,Rio de Janeiro,00:00.0,00:00.0,14/02/2017,Offline,Bicycle,12,18.5,48.7,65.4,65.4,65.4,25,39,102,134,134,134,2.08,2.1,2.1,2.05,2.05,2.05,,,,,1,1,,,,,0,1
94788,Rio de Janeiro,00:00.0,00:00.0,27/02/2017,Digital,Bicycle,37.8,60.3,161.5,222.1,222.1,424.4,92,139,426,606,606,1206,2.43,2.31,2.64,2.73,2.73,2.84,,,,,,,,,,,,
94790,New York,00:00.0,00:00.0,15/02/2017,Referral,Scooter / Motorcycle,40.5,75,101.5,117.8,276.3,603.9,65,135,188,222,552,1203,1.6,1.8,1.85,1.88,2,1.99,,,,,,,,,,,,
94791,Rio de Janeiro,,,12/02/2017,Unknown,Bicycle,28.1,67.6,100.4,101.8,113.6,113.6,64,155,226,227,249,249,2.28,2.29,2.25,2.23,2.19,2.19,,,,,,,,,,,,
94792,Rio de Janeiro,00:00.0,00:00.0,14/02/2017,Organic,Bicycle,22.4,29.5,38.9,91.2,91.6,91.6,56,79,103,269,270,270,2.5,2.68,2.65,2.95,2.95,2.95,1,1,1,1,1,1,0,0,0,0,0,0
94795,Rio de Janeiro,00:00.0,00:00.0,07/03/2017,Organic,Bicycle,12.9,20.8,33.1,99.8,168.3,310.2,37,55,91,279,434,855,2.86,2.64,2.75,2.79,2.58,2.76,,,,,,,,,,,,
94805,New York,00:00.0,00:00.0,17/02/2017,Offline,Scooter / Motorcycle,20.5,31.4,104.3,232,442.3,916.3,66,99,306,609,1136,2423,3.22,3.15,2.93,2.63,2.57,2.64,,,,,,2,,,,,,0
94807,New York,00:00.0,00:00.0,15/02/2017,Digital,Scooter / Motorcycle,21.6,37.5,88.5,177.1,274.4,294,49,90,209,426,666,729,2.27,2.4,2.36,2.41,2.43,2.48,1,1,1,1,1,1,0,0,0,1,1,1
94808,New York,00:00.0,00:00.0,14/02/2017,Organic,Scooter / Motorcycle,32.7,57.9,109,150.3,191,223.7,75,136,289,411,531,627,2.3,2.35,2.65,2.73,2.78,2.8,,,,,,,,,,,,
94810,Rio de Janeiro,00:00.0,00:00.0,13/02/2017,Organic,Bicycle,17.6,29.3,33.5,110.7,190.6,311.2,34,62,68,241,501,878,1.93,2.12,2.03,2.18,2.63,2.82,,,,,,1,,,,,,0
94819,New York,00:00.0,00:00.0,13/02/2017,Job Platforms,Scooter / Motorcycle,31.1,57,112.8,215.6,306.3,540.9,79,150,282,532,752,1287,2.54,2.63,2.5,2.47,2.45,2.38,,,,,,,,,,,,
94821,New York,00:00.0,00:00.0,17/02/2017,Referral,Scooter / Motorcycle,3.1,3.1,3.1,3.1,3.1,271.2,4,4,4,4,4,762,1.29,1.29,1.29,1.29,1.29,2.81,,,,,,1,,,,,,1
94822,New York,00:00.0,00:00.0,15/02/2017,Referral,Scooter / Motorcycle,55.5,96.2,121.6,121.6,121.6,532.4,145,264,328,328,328,992,2.61,2.74,2.7,2.7,2.7,1.86,,,,,,,,,,,,
94914,New York,00:00.0,00:00.0,22/02/2017,Organic,Bicycle,22.2,38.7,38.7,38.7,38.7,38.7,36,63,63,63,63,63,1.62,1.63,1.63,1.63,1.63,1.63,,,,,,,,,,,,
94927,New York,00:00.0,00:00.0,14/02/2017,Digital,Bicycle,11.2,19,40.8,66.7,120.2,188.2,33,56,120,186,300,412,2.93,2.94,2.94,2.79,2.5,2.19,,,,,,,,,,,,
94948,New York,00:00.0,00:00.0,17/02/2017,Referral,Scooter / Motorcycle,36.4,56.8,80.1,164.9,216.7,386.5,51,84,125,332,471,941,1.4,1.48,1.56,2.01,2.17,2.43,,,4,4,4,8,,,0,0,0,0
94970,New York,00:00.0,00:00.0,14/02/2017,Referral,Scooter / Motorcycle,29.7,49.6,99.6,199.1,294.9,550.3,59,95,181,352,518,1100,1.99,1.92,1.82,1.77,1.76,2,,,1,1,1,5,,,0,0,0,0
94981,New York,00:00.0,00:00.0,14/02/2017,Offline,Scooter / Motorcycle,48.4,97.6,176.9,268.9,352.2,573.7,109,221,413,609,810,1365,2.25,2.26,2.33,2.26,2.3,2.38,,,,,,,,,,,,
94983,New York,00:00.0,00:00.0,14/02/2017,Organic,Scooter / Motorcycle,30.8,48.7,78.8,146.1,207.7,389.1,54,89,134,230,306,587,1.75,1.83,1.7,1.57,1.47,1.51,,,,2,2,4,,,,0,1,1
94985,New York,00:00.0,00:00.0,14/02/2017,Referral,Bicycle,9.3,9.3,23.6,31.7,41,59.7,30,30,64,86,111,161,3.22,3.22,2.71,2.71,2.7,2.7,,,,,,1,,,,,,0
94986,New York,00:00.0,00:00.0,19/02/2017,Organic,Scooter / Motorcycle,15.1,18.6,37.8,80.4,100.1,162.8,35,42,87,175,221,360,2.31,2.25,2.3,2.18,2.21,2.21,,,,,,,,,,,,
95025,Rio de Janeiro,00:00.0,00:00.0,17/02/2017,Organic,Bicycle,3.6,3.6,10.9,15,15,15,7,7,24,39,39,39,1.95,1.95,2.21,2.6,2.6,2.6,,,,,,,,,,,,
95027,Rio de Janeiro,00:00.0,00:00.0,19/02/2017,Organic,Bicycle,5,11,24.2,36.6,124.9,149.6,8,18,42,63,193,226,1.58,1.64,1.74,1.72,1.55,1.51,,,,,,,,,,,,
95034,New York,00:00.0,00:00.0,16/02/2017,Offline,Scooter / Motorcycle,1.4,1.4,1.5,1.5,1.5,1.5,1,1,1,1,1,1,0.69,0.69,0.65,0.65,0.65,0.65,,,,,,,,,,,,
95053,New York,00:00.0,00:00.0,14/02/2017,Organic,Bicycle,15.2,15.2,37.8,37.8,59.9,217.8,44,44,102,102,154,486,2.9,2.9,2.7,2.7,2.57,2.23,,,,,,,,,,,,
95063,New York,00:00.0,00:00.0,15/02/2017,Organic,Bicycle,22.4,29.2,71,118.2,171,281.6,70,94,222,378,558,875,3.13,3.22,3.13,3.2,3.26,3.11,,,,,,,,,,,,
95083,New York,00:00.0,00:00.0,14/02/2017,Organic,Scooter / Motorcycle,21.3,30.2,41.3,41.3,41.3,41.3,48,67,90,90,90,90,2.25,2.22,2.18,2.18,2.18,2.18,,,,,,,,,,,,
95088,New York,00:00.0,00:00.0,15/02/2017,Organic,Bicycle,16.8,26.6,36.6,60.4,60.4,70.6,55,88,120,200,200,220,3.27,3.31,3.28,3.31,3.31,3.12,,,,,,,,,,,,
95092,New York,00:00.0,00:00.0,14/02/2017,Organic,Bicycle,32.7,32.7,32.7,32.7,32.7,77.5,81,81,81,81,81,160,2.48,2.48,2.48,2.48,2.48,2.07,2,3,3,3,3,31,0,0,0,0,0,5
95094,New York,00:00.0,00:00.0,14/02/2017,Organic,Bicycle,26.2,30,30,85.6,126.1,187,70,81,81,197,304,474,2.67,2.7,2.7,2.3,2.41,2.53,,,,,2,2,,,,,1,1
95095,New York,00:00.0,00:00.0,15/02/2017,Organic,Bicycle,11.5,16.4,38.2,90.9,134,280.4,27,39,86,207,281,547,2.34,2.38,2.25,2.28,2.1,1.95,,,,,,,,,,,,
95097,New York,00:00.0,00:00.0,16/02/2017,Digital,Bicycle,11.8,18.6,30,58.3,89.2,152.4,32,55,86,158,237,403,2.72,2.96,2.87,2.71,2.66,2.64,,,,,,2,,,,,,0
95141,Rio de Janeiro,00:00.0,00:00.0,19/02/2017,Organic,Bicycle,17.3,23.8,23.8,29.1,31.1,31.1,37,54,54,65,71,71,2.14,2.27,2.27,2.23,2.28,2.28,,,,,,,,,,,,
95142,Rio de Janeiro,00:00.0,00:00.0,15/02/2017,Referral,Bicycle,8.3,20,40.2,106.8,230.1,267.9,7,30,66,177,379,416,0.84,1.5,1.64,1.66,1.65,1.55,,,,,,,,,,,,
95143,Rio de Janeiro,00:00.0,00:00.0,12/03/2017,Organic,Bicycle,2.5,2.5,2.5,2.5,2.5,11.9,6,6,6,6,6,23,2.39,2.39,2.39,2.39,2.39,1.93,,,,,,,,,,,,
95145,Rio de Janeiro,00:00.0,00:00.0,18/02/2017,Organic,Bicycle,15.9,27.8,27.8,30.9,30.9,30.9,25,44,44,48,48,48,1.58,1.58,1.58,1.55,1.55,1.55,,,,,,,,,,,,
95146,Rio de Janeiro,00:00.0,00:00.0,01/03/2017,Organic,Bicycle,11.1,19.3,35,41.2,41.2,41.2,21,40,71,86,86,86,1.88,2.07,2.03,2.09,2.09,2.09,,,,,,,,,,,,
95169,New York,00:00.0,00:00.0,15/02/2017,Organic,Bicycle,23.8,38.2,78,142.6,194,344,83,135,275,479,663,1113,3.48,3.54,3.53,3.36,3.42,3.24,,,,,1,3,,,,,0,0
95170,New York,00:00.0,00:00.0,25/02/2017,Organic,Bicycle,38,57.8,87,176.1,267.5,549.6,109,171,245,509,749,1530,2.87,2.96,2.82,2.89,2.8,2.78,,,,,,,,,,,,
95196,New York,00:00.0,00:00.0,15/02/2017,Organic,Bicycle,16.8,23.2,37,64.9,71.5,71.5,37,54,78,141,151,151,2.21,2.33,2.11,2.17,2.11,2.11,,,,,,,,,,,,
95262,New York,00:00.0,00:00.0,15/02/2017,Referral,Scooter / Motorcycle,47.6,84.3,168.9,342.4,552.9,1124.1,129,241,509,1022,1658,3314,2.71,2.86,3.01,2.98,3,2.95,,,,,2,3,,,,,1,1
95283,New York,00:00.0,00:00.0,22/02/2017,Organic,Bicycle,15.6,16.2,28.9,45.4,71.3,83.7,52,53,90,139,216,248,3.34,3.28,3.11,3.06,3.03,2.96,,,,,,,,,,,,
95301,New York,00:00.0,00:00.0,11/03/2017,Organic,Bicycle,27.9,57.9,119.6,174,271.6,570.9,17,49,106,188,304,789,0.61,0.85,0.89,1.08,1.12,1.38,,,,1,2,8,,,,0,0,1
95314,New York,00:00.0,00:00.0,16/02/2017,Organic,Bicycle,13.7,18.1,25.6,28.6,28.6,29.6,15,25,32,40,40,40,1.1,1.38,1.25,1.4,1.4,1.35,,,,1,2,2,,,,0,0,0
95327,New York,00:00.0,00:00.0,17/02/2017,Digital,Bicycle,6.4,6.8,8.5,10.2,10.2,10.2,5,5,5,6,6,6,0.78,0.73,0.59,0.59,0.59,0.59,,,,,,,,,,,,
95330,New York,00:00.0,00:00.0,15/02/2017,Referral,Scooter / Motorcycle,24.8,37.9,48.8,83.2,130,245.4,48,68,75,104,140,346,1.94,1.79,1.54,1.25,1.08,1.41,,,,,,,,,,,,
95337,New York,00:00.0,00:00.0,07/03/2017,Organic,Bicycle,10.3,15.1,15.1,22,24,24,21,33,33,47,52,52,2.04,2.19,2.19,2.14,2.17,2.17,,,,,,,,,,,,
95338,New York,00:00.0,00:00.0,21/02/2017,Referral,Scooter / Motorcycle,10.8,18.1,31.7,60.5,89.1,181.4,32,52,95,181,264,480,2.95,2.88,3,2.99,2.96,2.65,,,,,,1,,,,,,1
95340,New York,00:00.0,00:00.0,22/02/2017,Referral,Bicycle,13.5,23.5,45.4,83.5,113.3,271.6,36,65,126,229,328,867,2.66,2.76,2.78,2.74,2.89,3.19,,,,,,,,,,,,
95373,New York,00:00.0,00:00.0,17/02/2017,Digital,Bicycle,21.3,39.3,68.4,119.4,177.7,255.9,64,129,227,415,620,892,3,3.28,3.32,3.48,3.49,3.49,,,,,,,,,,,,
95380,New York,00:00.0,00:00.0,15/02/2017,Digital,Bicycle,26.5,48.9,94.5,155.2,157.2,219.6,78,145,275,431,435,555,2.94,2.96,2.91,2.78,2.77,2.53,,,,,,,,,,,,
95381,New York,00:00.0,00:00.0,14/02/2017,Referral,Bicycle,17,21.1,21.2,33.4,56,129.3,51,64,64,91,137,257,2.99,3.03,3.03,2.72,2.45,1.99,,,,,,,,,,,,
95397,New York,00:00.0,00:00.0,14/02/2017,Referral,Bicycle,14.4,22.8,26.1,33.5,33.5,142.4,13,22,26,35,35,199,0.9,0.96,1,1.05,1.05,1.4,,,,,,1,,,,,,1
95398,New York,00:00.0,00:00.0,17/02/2017,Organic,Bicycle,6.4,12.8,12.8,12.8,12.8,12.8,14,29,29,29,29,29,2.19,2.26,2.26,2.26,2.26,2.26,,,,,,,,,,,,
95438,New York,00:00.0,00:00.0,17/02/2017,Referral,Scooter / Motorcycle,11.3,20,36.6,51.6,58.4,58.4,32,55,97,133,151,151,2.83,2.76,2.65,2.58,2.58,2.58,,,1,1,2,2,,,0,0,0,0
95440,New York,00:00.0,00:00.0,16/02/2017,Organic,Scooter / Motorcycle,0.3,0.4,0.4,0.4,176.9,369.6,0,0,0,0,511,1047,0,0,0,0,2.89,2.83,,,,,,,,,,,,
95441,New York,00:00.0,00:00.0,16/02/2017,Referral,Bicycle,5.7,5.7,7.2,7.2,7.2,7.2,14,14,14,14,14,14,2.45,2.44,1.94,1.94,1.94,1.94,,,,,,,,,,,,
95445,New York,00:00.0,00:00.0,15/02/2017,Offline,Bicycle,33.2,56.2,59.7,59.7,59.7,59.7,79,139,146,146,146,146,2.38,2.47,2.45,2.45,2.45,2.45,,,,,,,,,,,,
95523,New York,00:00.0,00:00.0,17/02/2017,Referral,Scooter / Motorcycle,38.6,52.3,94.4,172.9,243.4,346.8,51,57,128,280,418,614,1.32,1.09,1.36,1.62,1.72,1.77,,,,,,2,,,,,,0
95536,New York,00:00.0,00:00.0,19/02/2017,Digital,Bicycle,13.7,26.1,48.6,56.7,59.4,61.9,40,74,137,166,173,182,2.92,2.83,2.82,2.93,2.91,2.94,,,,,,,,,,,,
95574,New York,00:00.0,00:00.0,17/02/2017,Organic,Scooter / Motorcycle,32.6,56.8,124.8,263.5,351,500.5,52,94,207,473,638,887,1.59,1.66,1.66,1.79,1.82,1.77,,,,,,,,,,,,
95576,New York,00:00.0,00:00.0,20/02/2017,Offline,Scooter / Motorcycle,5.7,16.4,25,35.6,47.1,80.7,16,46,64,86,112,196,2.8,2.8,2.56,2.41,2.38,2.43,,,,,,5,,,,,,0
95582,New York,00:00.0,00:00.0,24/02/2017,Organic,Bicycle,29.2,51.9,78.8,78.8,78.8,78.8,93,145,212,212,212,212,3.19,2.79,2.69,2.69,2.69,2.69,,,,,,,,,,,,
95608,New York,00:00.0,00:00.0,18/02/2017,Organic,Bicycle,20.1,20.1,47.6,197,255,255,56,56,140,547,680,680,2.79,2.79,2.94,2.78,2.67,2.67,,,,,,,,,,,,
95622,New York,00:00.0,00:00.0,18/02/2017,Referral,Bicycle,7.7,7.7,7.7,44.1,91.7,413.1,19,19,19,64,144,781,2.45,2.45,2.45,1.45,1.57,1.89,1,1,1,1,1,1,0,0,0,0,0,0
95628,New York,00:00.0,00:00.0,21/02/2017,Referral,Scooter / Motorcycle,16.4,31,60.2,111.9,114,156.3,43,82,150,252,257,347,2.62,2.65,2.49,2.25,2.25,2.22,,,,,,,,,,,,
95633,New York,00:00.0,00:00.0,18/02/2017,Organic,Bicycle,7.3,7.3,7.3,7.3,7.3,7.3,24,24,24,24,24,24,3.29,3.29,3.29,3.29,3.29,3.29,,,,,,,,,,,,
95637,New York,00:00.0,00:00.0,21/02/2017,Organic,Bicycle,16.1,24,36.8,61.4,61.4,67.9,38,57,89,144,144,146,2.36,2.38,2.42,2.35,2.35,2.15,,,1,1,1,1,,,0,0,0,0
95641,New York,00:00.0,00:00.0,18/02/2017,Referral,Bicycle,28.4,41.7,75.1,89.1,89.1,89.1,50,73,123,143,143,143,1.76,1.75,1.64,1.61,1.61,1.61,,,,1,1,1,,,,0,0,0
95645,New York,00:00.0,00:00.0,18/02/2017,Organic,Bicycle,8.9,8.9,8.9,8.9,8.9,8.9,27,27,27,27,27,27,3.05,3.05,3.05,3.05,3.05,3.05,,,,,,,,,,,,
95654,New York,00:00.0,00:00.0,18/02/2017,Offline,Scooter / Motorcycle,26.7,31.1,31.1,31.1,31.1,31.3,49,54,54,54,54,54,1.83,1.73,1.73,1.73,1.73,1.72,,,,,,,,,,,,
95656,New York,00:00.0,00:00.0,17/02/2017,Organic,Bicycle,13.3,21.4,30.2,56.7,85.7,91.5,36,57,76,148,198,211,2.71,2.66,2.52,2.61,2.31,2.31,,,,,,,,,,,,
95660,New York,00:00.0,00:00.0,21/02/2017,Organic,Bicycle,11.1,22.5,58.5,109.6,199.5,454.4,34,67,180,312,582,1347,3.05,2.98,3.07,2.85,2.92,2.96,,,,,,,,,,,,
95662,New York,00:00.0,00:00.0,18/02/2017,Organic,Bicycle,13.8,13.8,13.8,13.8,13.8,13.8,23,23,23,23,23,23,1.66,1.66,1.66,1.66,1.66,1.66,,,,,,,,,,,,
95663,New York,00:00.0,00:00.0,21/02/2017,Organic,Scooter / Motorcycle,5.8,12.3,23.2,35.4,46,78.1,11,28,62,94,123,210,1.89,2.27,2.67,2.65,2.68,2.69,,,,,,,,,,,,
95667,New York,00:00.0,00:00.0,24/02/2017,Organic,Scooter / Motorcycle,17.4,17.4,17.4,17.4,17.4,17.4,31,31,31,31,31,31,1.78,1.78,1.78,1.78,1.78,1.78,,,,,,,,,,,,
95669,New York,00:00.0,00:00.0,21/02/2017,Digital,Bicycle,9,21.6,21.6,28.4,28.4,191.5,29,69,69,90,90,494,3.23,3.2,3.2,3.17,3.17,2.58,,,,,,,,,,,,
95672,New York,00:00.0,00:00.0,18/02/2017,Offline,Scooter / Motorcycle,35.1,55.8,69.6,69.6,69.6,69.6,67,109,138,138,138,138,1.91,1.95,1.98,1.98,1.98,1.98,,,,,,,,,,,,
95673,New York,00:00.0,00:00.0,17/02/2017,Organic,Bicycle,21.7,36.9,57.9,97.2,107,622.5,51,87,125,186,200,913,2.35,2.36,2.16,1.91,1.87,1.47,,,,,,,,,,,,
95675,New York,00:00.0,00:00.0,18/02/2017,Organic,Bicycle,31.8,55.1,103.8,200.6,260.8,265.3,73,132,264,513,664,679,2.3,2.39,2.54,2.56,2.55,2.56,,,,,,,,,,,,
95691,New York,00:00.0,00:00.0,19/02/2017,Organic,Scooter / Motorcycle,59.1,98.8,204.9,389.7,523.3,657.3,104,179,382,640,797,1032,1.76,1.81,1.86,1.64,1.52,1.57,,,,,,,,,,,,
95693,New York,00:00.0,00:00.0,18/02/2017,Organic,Bicycle,8.9,20.8,26.5,37.3,39.7,42.7,21,47,60,83,86,93,2.36,2.26,2.26,2.22,2.17,2.18,,,,2,2,2,,,,0,0,0
95694,New York,00:00.0,00:00.0,23/02/2017,Referral,Bicycle,9.4,9.4,13.9,34.5,83.5,511.6,24,24,35,84,186,1092,2.56,2.56,2.52,2.44,2.23,2.13,,,,,,,,,,,,
95695,New York,00:00.0,00:00.0,17/02/2017,Organic,Bicycle,4.6,8.5,11.8,19.1,19.1,25,10,18,27,43,43,56,2.17,2.11,2.3,2.26,2.26,2.24,,,,,,,,,,,,
95703,New York,,,18/02/2017,Organic,Bicycle,16.6,29.3,71.2,110.9,110.9,110.9,31,52,108,124,124,124,1.87,1.77,1.52,1.12,1.12,1.12,,,,,,,,,,,,
95710,New York,00:00.0,00:00.0,21/02/2017,Digital,Bicycle,10.2,10.2,21,47,80.1,80.1,26,26,53,118,209,209,2.54,2.54,2.53,2.51,2.61,2.61,,,,2,3,3,,,,0,0,0
95717,New York,00:00.0,00:00.0,22/02/2017,Organic,Scooter / Motorcycle,33.5,42.8,163.7,377.3,486,488.5,62,84,381,936,1235,1242,1.85,1.96,2.33,2.48,2.54,2.54,,,,,,,,,,,,
95764,New York,00:00.0,00:00.0,18/02/2017,Referral,Bicycle,18.4,44.7,62.1,140.1,244.2,744.8,35,97,132,373,697,2147,1.9,2.17,2.12,2.66,2.85,2.88,,,,,2,4,,,,,1,2
95768,New York,00:00.0,00:00.0,18/02/2017,Organic,Bicycle,9.5,14,14,14,14,14,26,37,37,37,37,37,2.74,2.65,2.65,2.65,2.65,2.65,,,,,,,,,,,,
95784,New York,00:00.0,00:00.0,18/02/2017,Digital,Bicycle,15.1,17.4,28.9,29.7,29.7,29.7,35,40,60,60,60,60,2.31,2.3,2.07,2.02,2.02,2.02,,,,,,,,,,,,
95791,New York,00:00.0,00:00.0,21/02/2017,Organic,Bicycle,2.1,2.1,2.1,2.1,2.1,2.1,6,6,6,6,6,6,2.85,2.85,2.85,2.85,2.85,2.85,,,,,,,,,,,,
95796,New York,00:00.0,00:00.0,21/02/2017,Job Platforms,Bicycle,12.4,17.1,30,51.4,57.7,57.7,20,27,47,82,95,95,1.61,1.58,1.57,1.59,1.65,1.65,,,,,,,,,,,,
95803,New York,00:00.0,00:00.0,25/02/2017,Organic,Scooter / Motorcycle,25.4,37.2,37.2,87.9,156.7,331.9,69,98,98,221,387,803,2.72,2.63,2.63,2.51,2.47,2.42,,,2,4,7,9,,,0,1,3,4
95824,New York,00:00.0,00:00.0,20/02/2017,Offline,Bicycle,30.4,46.4,80.5,191.6,298,591.4,77,109,168,450,759,1572,2.53,2.35,2.09,2.35,2.55,2.66,,,,,,,,,,,,
95825,New York,00:00.0,00:00.0,20/02/2017,Organic,Bicycle,3.7,7.9,7.9,7.9,7.9,7.9,3,7,7,7,7,7,0.8,0.89,0.89,0.89,0.89,0.89,,,,,,,,,,,,
95839,New York,,,20/02/2017,Organic,Scooter / Motorcycle,23.9,37.4,47.5,47.5,60,504.8,71,114,151,151,181,1366,2.97,3.05,3.18,3.18,3.02,2.71,,,,,,,,,,,,
95840,New York,00:00.0,00:00.0,19/02/2017,Offline,Scooter / Motorcycle,0.5,0.5,0.5,0.5,0.5,0.5,1,1,1,1,1,1,1.87,1.87,1.87,1.87,1.87,1.87,,,,,,,,,,,,
95843,New York,00:00.0,00:00.0,19/02/2017,Referral,Scooter / Motorcycle,19.5,29.4,76.3,81.6,81.6,81.6,29,40,79,79,79,79,1.49,1.36,1.04,0.97,0.97,0.97,,,,,,,,,,,,
95847,New York,00:00.0,00:00.0,19/02/2017,Organic,Bicycle,20,32.5,32.5,32.5,32.5,32.5,59,95,95,95,95,95,2.95,2.93,2.93,2.93,2.93,2.93,,,,,,,,,,,,
95848,New York,00:00.0,00:00.0,21/02/2017,Digital,Bicycle,28.8,49.3,73.8,100,100,267.9,73,130,199,264,264,670,2.53,2.64,2.69,2.64,2.64,2.5,,,,,,,,,,,,
95851,New York,00:00.0,00:00.0,20/02/2017,Digital,Scooter / Motorcycle,38.7,73.4,137.7,252,351.5,632.1,73,144,299,575,787,1456,1.89,1.96,2.17,2.28,2.24,2.3,,,,,,1,,,,,,1
95855,New York,00:00.0,00:00.0,19/02/2017,Organic,Bicycle,6.8,6.8,6.8,6.8,6.8,6.8,19,19,19,19,19,19,2.8,2.8,2.8,2.8,2.8,2.8,,,,,,,,,,,,
95858,New York,00:00.0,00:00.0,20/02/2017,Organic,Scooter / Motorcycle,20.3,32,74.6,103.8,103.8,103.8,42,69,172,234,234,234,2.07,2.16,2.3,2.26,2.26,2.26,,,,,,,,,,,,
95875,New York,,,21/02/2017,Unknown,Scooter / Motorcycle,25.6,47.4,76.1,118.6,118.6,118.6,35,62,95,136,136,136,1.37,1.31,1.25,1.15,1.15,1.15,,,,,,,,,,,,
95889,Cape Town,00:00.0,00:00.0,21/02/2017,Organic,Bicycle,18.4,34.1,49.8,74.3,113.1,147.5,32,66,105,160,245,323,1.74,1.94,2.11,2.15,2.17,2.19,,,,,,,,,,,,
95890,Cape Town,00:00.0,00:00.0,19/02/2017,Organic,Bicycle,13.1,30.4,42.4,60.1,60.1,60.1,26,59,88,126,126,126,1.98,1.94,2.08,2.1,2.1,2.1,,,,,,,,,,,,
95892,Cape Town,00:00.0,00:00.0,26/02/2017,Organic,Bicycle,31.1,58.1,99.1,146.4,209.8,342.3,56,118,224,349,496,830,1.8,2.03,2.26,2.38,2.36,2.42,,,,,,1,,,,,,0
95894,Cape Town,00:00.0,00:00.0,22/02/2017,Organic,Bicycle,9.2,25.5,40.3,46.8,58.8,58.8,21,49,77,89,112,112,2.29,1.92,1.91,1.9,1.9,1.9,,,,,,,,,,,,
95895,Cape Town,00:00.0,00:00.0,25/02/2017,Digital,Bicycle,18.8,42.2,95.2,154.1,170.1,259,27,69,161,275,304,474,1.44,1.64,1.69,1.79,1.79,1.83,,,,,,,,,,,,
95896,Cape Town,00:00.0,00:00.0,21/02/2017,Organic,Bicycle,9.3,17.1,25.1,46.1,90.9,90.9,13,26,40,75,176,176,1.4,1.52,1.59,1.63,1.94,1.94,,,,,,,,,,,,
95897,Cape Town,00:00.0,00:00.0,25/02/2017,Organic,Bicycle,14.3,24.5,35.4,43.4,75,102.1,23,43,63,79,146,210,1.6,1.75,1.78,1.82,1.95,2.06,,,,,,,,,,,,
95960,Cape Town,00:00.0,00:00.0,20/02/2017,Organic,Bicycle,16.8,27.1,27.1,27.1,31.5,68.3,38,60,60,60,70,156,2.27,2.21,2.21,2.21,2.22,2.29,,,,,,,,,,,,
95977,New York,00:00.0,00:00.0,25/02/2017,Organic,Bicycle,5.6,5.6,5.6,5.6,5.6,64.5,12,12,12,12,12,154,2.14,2.14,2.14,2.14,2.14,2.39,1,1,1,1,1,2,0,0,0,0,0,0
95979,New York,00:00.0,00:00.0,19/02/2017,Organic,Bicycle,16.8,26.3,36.4,90.9,103.6,162,44,70,95,229,264,430,2.61,2.66,2.61,2.52,2.55,2.65,,,,,,,,,,,,
95986,New York,00:00.0,00:00.0,26/02/2017,Organic,Bicycle,9.1,22.3,27.8,34.8,34.8,34.8,17,47,59,79,79,79,1.87,2.11,2.12,2.27,2.27,2.27,,,,,,,,,,,,
95989,New York,00:00.0,00:00.0,20/02/2017,Organic,Scooter / Motorcycle,36,36,36,36,36,36,77,77,77,77,77,77,2.14,2.14,2.14,2.14,2.14,2.14,,,,,,,,,,,,
95990,New York,00:00.0,00:00.0,22/02/2017,Referral,Bicycle,2.1,2.1,2.1,2.1,2.1,2.1,3,3,3,3,3,3,1.43,1.43,1.43,1.43,1.43,1.43,,,,,,,,,,,,
95991,New York,00:00.0,00:00.0,20/02/2017,Referral,Scooter / Motorcycle,43.3,78.9,176.9,347.6,522,1157.2,82,147,333,671,1034,2314,1.9,1.86,1.88,1.93,1.98,2,,,,,,,,,,,,
96006,New York,00:00.0,00:00.0,20/02/2017,Organic,Scooter / Motorcycle,28.9,54.2,109.2,237.3,340.8,509.2,70,130,278,600,908,1389,2.43,2.4,2.55,2.53,2.66,2.73,2,2,2,2,2,6,0,1,1,1,1,2
96009,New York,00:00.0,00:00.0,21/02/2017,Referral,Scooter / Motorcycle,31.4,56.9,104.8,193.7,288.4,445.1,72,125,195,301,406,597,2.29,2.2,1.86,1.55,1.41,1.34,,,,,,1,,,,,,0
96035,New York,00:00.0,00:00.0,22/02/2017,Organic,Scooter / Motorcycle,6.4,18.3,33.6,55,57,62.4,16,49,77,117,119,126,2.48,2.68,2.29,2.13,2.09,2.02,,,,1,1,2,,,,0,1,2
96041,New York,00:00.0,00:00.0,23/02/2017,Referral,Bicycle,15.1,19.2,49.7,115.6,173.3,263.7,32,39,115,311,501,756,2.11,2.03,2.31,2.69,2.89,2.87,,,,,,,,,,,,
96052,New York,00:00.0,00:00.0,24/02/2017,Organic,Scooter / Motorcycle,36.9,46.6,81.6,195.8,255.6,591.4,100,122,204,491,604,1332,2.71,2.62,2.5,2.51,2.36,2.25,,,,,,1,,,,,,1
96054,New York,00:00.0,00:00.0,20/02/2017,Organic,Bicycle,21.1,35.5,54.6,65,65,65,73,116,166,192,192,192,3.46,3.27,3.04,2.95,2.95,2.95,,,,,,,,,,,,
96056,New York,00:00.0,00:00.0,21/02/2017,Organic,Bicycle,24.6,40.1,64.6,116.4,123.6,123.6,68,113,168,297,316,316,2.76,2.82,2.6,2.55,2.56,2.56,,,,,,,,,,,,
96062,New York,00:00.0,00:00.0,20/02/2017,Organic,Scooter / Motorcycle,70.4,128.9,237,427,611.2,1064.9,89,174,330,560,764,1300,1.26,1.35,1.39,1.31,1.25,1.22,,,,1,1,3,,,,0,1,1
96078,New York,00:00.0,00:00.0,21/02/2017,Digital,Scooter / Motorcycle,13.3,25.9,86.8,168.4,182.1,182.1,40,74,139,241,271,271,3,2.86,1.6,1.43,1.49,1.49,1,1,1,1,1,1,1,1,1,1,1,1
96086,New York,00:00.0,00:00.0,20/02/2017,Organic,Bicycle,22.5,32.8,44.8,44.8,44.8,44.8,66,95,126,126,126,126,2.93,2.9,2.81,2.81,2.81,2.81,,,,,,,,,,,,
96087,New York,00:00.0,00:00.0,22/02/2017,Offline,Scooter / Motorcycle,11.4,30.5,77.3,161.1,204.2,298.4,28,73,197,436,557,822,2.46,2.4,2.55,2.71,2.73,2.75,,,,,,,,,,,,
96118,New York,00:00.0,00:00.0,20/02/2017,Digital,Scooter / Motorcycle,3.6,8.6,11.6,11.6,11.6,11.6,5,14,20,20,20,20,1.4,1.63,1.73,1.73,1.73,1.73,,,,,,,,,,,,
96154,New York,00:00.0,00:00.0,20/02/2017,Digital,Bicycle,22.9,33.9,40.7,83.4,87.1,157.7,65,101,115,222,232,397,2.83,2.98,2.83,2.66,2.66,2.52,,,,,,,,,,,,
96159,New York,00:00.0,00:00.0,21/03/2017,Organic,Scooter / Motorcycle,10.4,30.7,53.2,173.4,187.8,187.8,22,45,72,164,183,183,2.12,1.46,1.35,0.95,0.97,0.97,,,,,,,,,,,,
96162,New York,00:00.0,00:00.0,28/02/2017,Referral,Scooter / Motorcycle,15.7,26.4,57.2,88.4,146.3,388.4,58,92,208,328,541,1180,3.69,3.49,3.63,3.71,3.7,3.04,,,,1,2,3,,,,0,2,3
96163,New York,00:00.0,00:00.0,20/02/2017,Organic,Scooter / Motorcycle,4.1,4.1,4.1,4.1,4.1,181.1,9,9,9,9,9,504,2.22,2.22,2.22,2.22,2.2,2.78,,,,,,6,,,,,,5
96171,New York,00:00.0,00:00.0,04/04/2017,Organic,Bicycle,4,6.1,7,7,7,7,10,13,13,13,13,13,2.49,2.12,1.85,1.85,1.85,1.85,,,,,,,,,,,,
96195,New York,00:00.0,00:00.0,20/02/2017,Offline,Bicycle,31.8,73.3,143.7,259.2,288.4,288.4,89,154,331,613,699,699,2.79,2.1,2.3,2.36,2.42,2.42,,,,,,,,,,,,
96198,New York,00:00.0,00:00.0,22/02/2017,Organic,Bicycle,20.5,35.8,54.2,75.1,84,99.8,48,84,125,151,173,205,2.34,2.35,2.3,2.01,2.06,2.06,,,,,,,,,,,,
96199,New York,00:00.0,00:00.0,20/02/2017,Referral,Scooter / Motorcycle,70.7,123.8,205.8,421,421,551.9,119,217,329,676,676,878,1.68,1.75,1.6,1.61,1.61,1.59,,,,,,2,,,,,,2
96204,New York,00:00.0,00:00.0,20/02/2017,Organic,Bicycle,22.6,34.4,45.9,49.8,49.8,71.2,65,100,133,143,143,189,2.87,2.91,2.9,2.87,2.87,2.65,,,,1,1,1,,,,0,0,0
96221,New York,00:00.0,00:00.0,20/02/2017,Organic,Scooter / Motorcycle,45.8,96.1,111.5,118,221.9,310.1,31,47,56,58,168,316,0.68,0.49,0.5,0.49,0.76,1.02,,,,,2,2,,,,,1,1
96241,New York,00:00.0,00:00.0,23/02/2017,Referral,Bicycle,9.8,12.7,21.6,32.9,46.8,59,28,36,62,99,142,174,2.86,2.83,2.87,3.01,3.04,2.95,,,,,,,,,,,,
96243,New York,00:00.0,00:00.0,20/02/2017,Digital,Scooter / Motorcycle,46,86.4,151.4,274.8,396.2,838,119,237,421,765,1121,2326,2.59,2.74,2.78,2.78,2.83,2.78,,,,,,,,,,,,
96245,New York,00:00.0,00:00.0,22/02/2017,Referral,Bicycle,12.2,20,24.3,39.7,66.9,388.5,45,70,83,133,193,1124,3.68,3.49,3.42,3.35,2.89,2.89,,,,,,1,,,,,,0
96247,New York,00:00.0,00:00.0,22/02/2017,Organic,Bicycle,10.8,14.2,24.8,37.5,42.9,42.9,26,33,60,92,103,103,2.41,2.33,2.42,2.45,2.4,2.4,,,,,,,,,,,,
96256,New York,00:00.0,00:00.0,20/02/2017,Digital,Bicycle,2.2,2.2,2.3,50.1,63.1,63.8,2,2,2,76,101,102,0.92,0.92,0.87,1.52,1.6,1.6,,,,,,,,,,,,
96270,New York,00:00.0,00:00.0,19/02/2017,Digital,Bicycle,11.5,17,22.8,25.1,25.1,25.1,37,55,75,82,82,82,3.23,3.23,3.29,3.27,3.27,3.27,,,,,,,,,,,,
96271,New York,00:00.0,00:00.0,22/02/2017,Organic,Bicycle,10.6,13.3,13.3,13.3,13.3,13.3,18,21,21,21,21,21,1.7,1.58,1.58,1.58,1.58,1.58,,,,,,,,,,,,
96272,New York,00:00.0,00:00.0,22/02/2017,Digital,Bicycle,17.8,32.8,55.2,79.6,79.6,79.6,50,77,132,200,200,200,2.82,2.35,2.39,2.51,2.51,2.51,,,,,,,,,,,,
96362,New York,00:00.0,00:00.0,21/02/2017,Organic,Bicycle,13.7,13.7,13.7,13.7,13.7,13.7,32,32,32,32,32,32,2.34,2.34,2.34,2.34,2.34,2.34,,,,,,,,,,,,
96374,New York,00:00.0,00:00.0,21/02/2017,Organic,Bicycle,15.9,29.7,44.7,84.8,111.6,165.3,32,62,89,181,232,321,2.01,2.09,1.99,2.14,2.08,1.94,,,,,,,,,,,,
96423,New York,00:00.0,00:00.0,23/02/2017,Referral,Bicycle,19.2,39.9,75.8,132.8,209.9,378.5,36,75,141,242,384,670,1.88,1.88,1.86,1.82,1.83,1.77,,,,,,,,,,,,
96445,New York,00:00.0,00:00.0,24/02/2017,Organic,Bicycle,9,9,9,9,9,9,24,24,24,24,24,24,2.68,2.68,2.68,2.68,2.68,2.68,,,,,,,,,,,,
96448,New York,00:00.0,00:00.0,21/02/2017,Referral,Scooter / Motorcycle,47.4,89.1,157.4,319.5,470.7,616.9,95,180,320,514,519,523,2.01,2.02,2.03,1.61,1.1,0.85,,,,1,3,12,,,,0,0,2
96470,Rio de Janeiro,00:00.0,00:00.0,21/02/2017,Organic,Bicycle,24.2,31.1,70,139.5,155.4,163.3,52,67,155,321,353,377,2.15,2.15,2.21,2.3,2.27,2.31,,,,,,,,,,,,
96471,Rio de Janeiro,00:00.0,00:00.0,23/02/2017,Referral,Bicycle,21.5,32.1,47.6,103.6,134.8,161.5,47,71,100,229,298,358,2.18,2.21,2.1,2.21,2.21,2.22,,,,,,,,,,,,
96474,Rio de Janeiro,00:00.0,00:00.0,20/02/2017,Organic,Bicycle,28.7,44.7,74.1,82.3,87.6,109.7,46,73,129,145,158,205,1.6,1.63,1.74,1.76,1.8,1.87,,,,,,,,,,,,
96478,Rio de Janeiro,00:00.0,00:00.0,20/02/2017,Organic,Scooter / Motorcycle,3.7,3.7,33.9,112.1,131.8,207.2,4,4,42,158,180,301,1.08,1.08,1.24,1.41,1.37,1.45,,,,,,,,,,,,
96480,Rio de Janeiro,00:00.0,00:00.0,22/02/2017,Digital,Bicycle,30.2,43,62.7,62.7,62.7,62.7,65,87,133,133,133,133,2.15,2.02,2.12,2.12,2.12,2.12,,,,,,,,,,,,
96482,Rio de Janeiro,00:00.0,00:00.0,20/02/2017,Organic,Bicycle,20.3,25.7,28.8,30.7,49,53.2,53,69,77,79,134,146,2.61,2.68,2.67,2.57,2.74,2.75,,,,,,,,,,,,
96484,Rio de Janeiro,00:00.0,00:00.0,23/02/2017,Organic,Bicycle,17.9,21,31.1,95.4,301.8,881,42,43,78,227,776,2665,2.34,2.05,2.51,2.38,2.57,3.03,,,,,,1,,,,,,0
96495,Rio de Janeiro,00:00.0,00:00.0,21/02/2017,Referral,Bicycle,10.4,23.4,38.5,90.7,90.7,149.5,35,71,116,300,300,508,3.35,3.03,3.01,3.31,3.31,3.4,,,,,,,,,,,,
96505,New York,00:00.0,00:00.0,21/02/2017,Offline,Bicycle,19.6,37.2,70.3,73,73,73,39,75,140,146,146,146,1.99,2.02,1.99,2,2,2,,,,,,,,,,,,
96506,New York,00:00.0,00:00.0,21/02/2017,Referral,Scooter / Motorcycle,58.5,112.3,195.3,261.4,407.5,1055.4,121,230,371,481,743,2278,2.07,2.05,1.9,1.84,1.82,2.16,,,,,,,,,,,,
96514,New York,00:00.0,00:00.0,22/02/2017,Referral,Scooter / Motorcycle,51.3,97,194.7,345.4,398,743,92,173,373,668,796,1597,1.79,1.78,1.92,1.93,2,2.15,,,,,,1,,,,,,0
96519,Rio de Janeiro,00:00.0,00:00.0,22/02/2017,Organic,Bicycle,25.9,55.2,117.4,217,218,360.8,75,134,304,601,602,1034,2.89,2.43,2.59,2.77,2.76,2.87,,,,,,,,,,,,
96521,Rio de Janeiro,00:00.0,00:00.0,21/02/2017,Organic,Bicycle,28,60,82.3,94,110,120.1,67,116,150,166,194,209,2.4,1.93,1.82,1.77,1.76,1.74,1,1,2,2,4,4,0,0,0,0,0,1
96523,Rio de Janeiro,00:00.0,00:00.0,21/02/2017,Organic,Bicycle,57.4,106.5,208,262.4,301.2,473.6,139,251,511,644,749,1188,2.42,2.36,2.46,2.45,2.49,2.51,,,,,,,,,,,,
96531,New York,00:00.0,00:00.0,22/02/2017,Organic,Bicycle,3.7,3.7,3.7,4.9,4.9,4.9,6,6,6,6,6,6,1.61,1.61,1.61,1.23,1.23,1.23,,,,,,,,,,,,
96533,New York,00:00.0,00:00.0,23/02/2017,Organic,Bicycle,4,4,4,4,4,4,10,10,10,10,10,10,2.49,2.49,2.49,2.49,2.49,2.49,,,,,,,,,,,,
96534,New York,00:00.0,00:00.0,21/02/2017,Organic,Bicycle,13.8,18.1,18.1,18.1,18.1,18.1,30,39,39,39,39,39,2.17,2.15,2.15,2.15,2.15,2.15,,,,,,,,,,,,
96535,New York,00:00.0,00:00.0,21/02/2017,Referral,Scooter / Motorcycle,10.8,16.6,27.9,36.4,56.2,147.4,39,59,98,117,190,390,3.61,3.56,3.52,3.22,3.38,2.65,,,,,1,1,,,,,1,1
96538,New York,00:00.0,00:00.0,21/02/2017,Organic,Scooter / Motorcycle,37.7,82.6,118.9,221.2,274.1,376,51,127,198,380,459,673,1.35,1.54,1.67,1.72,1.67,1.79,,,,,,,,,,,,
96575,New York,00:00.0,00:00.0,22/02/2017,Organic,Bicycle,15.8,19.3,23.4,23.4,39.5,41.2,42,50,58,58,97,104,2.66,2.6,2.48,2.48,2.46,2.52,,,,,,,,,,,,
96576,New York,00:00.0,00:00.0,21/02/2017,Digital,Bicycle,6.5,6.5,12.4,15.9,15.9,15.9,12,12,20,23,23,23,1.84,1.84,1.61,1.45,1.45,1.45,,,,,,,,,,,,
96579,New York,00:00.0,00:00.0,22/02/2017,Organic,Bicycle,12.6,17.5,28.5,63.8,63.8,63.8,30,42,70,142,142,142,2.39,2.41,2.46,2.23,2.23,2.23,,,,1,2,2,,,,0,0,0
96582,New York,00:00.0,00:00.0,28/02/2017,Organic,Bicycle,8.4,11,13.3,18,27.7,27.7,21,30,37,49,70,70,2.5,2.72,2.78,2.73,2.53,2.53,,,,,,,,,,,,
96584,New York,00:00.0,00:00.0,21/02/2017,Digital,Scooter / Motorcycle,25.3,45.7,77.1,112.6,147.9,292.6,69,141,257,390,489,895,2.73,3.09,3.33,3.46,3.31,3.06,,,,,,,,,,,,
96592,New York,00:00.0,00:00.0,23/02/2017,Job Platforms,Scooter / Motorcycle,67.2,122.2,232.2,294.2,400.3,813.4,125,233,476,619,848,1775,1.86,1.91,2.05,2.1,2.12,2.18,,,,,,1,,,,,,1
96593,New York,00:00.0,00:00.0,23/02/2017,Organic,Scooter / Motorcycle,15.5,25.8,52.1,100.3,110.3,254.4,44,81,165,306,337,681,2.84,3.14,3.16,3.05,3.06,2.68,1,1,1,2,3,4,0,0,1,1,1,2
96609,New York,00:00.0,00:00.0,21/02/2017,Referral,Scooter / Motorcycle,21.7,38.1,68,131.1,131.1,131.1,47,90,161,338,338,338,2.16,2.36,2.37,2.58,2.58,2.58,,,,,,,,,,,,
96621,New York,00:00.0,00:00.0,21/02/2017,Digital,Scooter / Motorcycle,40.4,95.6,194.3,269.8,334.9,485.8,55,149,365,514,602,832,1.36,1.56,1.88,1.91,1.8,1.71,,2,2,2,2,2,,0,0,0,0,0
96622,New York,00:00.0,00:00.0,21/02/2017,Referral,Scooter / Motorcycle,18.7,42.1,92.2,216.8,289.6,607.2,44,94,207,453,637,1449,2.35,2.23,2.25,2.09,2.2,2.39,,,,,,,,,,,,
96626,New York,00:00.0,00:00.0,22/02/2017,Organic,Bicycle,12.1,12.1,24.2,26.7,26.7,26.7,10,10,12,12,12,12,0.82,0.82,0.5,0.45,0.45,0.45,,,,,,,,,,,,
96639,New York,00:00.0,00:00.0,23/02/2017,Organic,Bicycle,20.3,29.4,49.5,54.2,54.2,54.2,49,76,137,147,147,147,2.42,2.58,2.77,2.71,2.71,2.71,,,,,,,,,,,,
96652,New York,00:00.0,00:00.0,22/02/2017,Organic,Bicycle,19.5,31.9,64,83.8,88.4,114.9,37,66,152,201,215,295,1.9,2.07,2.38,2.4,2.43,2.57,,,,,,,,,,,,
96669,New York,00:00.0,00:00.0,21/02/2017,Referral,Scooter / Motorcycle,15.6,40.8,85.6,228,395.3,763,46,121,265,698,1234,2258,2.95,2.97,3.1,3.06,3.12,2.96,,,,2,3,4,,,,1,1,1
96683,New York,00:00.0,00:00.0,22/02/2017,Digital,Bicycle,16.4,23.4,32.1,44.1,44.1,44.1,43,57,77,94,94,94,2.62,2.44,2.4,2.13,2.13,2.13,,,,,,,,,,,,
96700,New York,00:00.0,00:00.0,21/02/2017,Organic,Scooter / Motorcycle,75.7,143.3,288,419.6,630.5,1106.9,191,363,753,1064,1507,2721,2.52,2.53,2.61,2.54,2.39,2.46,,,,,,,,,,,,
96703,New York,00:00.0,00:00.0,21/02/2017,Organic,Bicycle,10.1,15.9,24.1,33.4,33.4,134.5,27,42,59,78,78,332,2.67,2.64,2.45,2.33,2.33,2.47,,,,1,1,1,,,,0,0,0
96708,New York,00:00.0,00:00.0,22/02/2017,Organic,Bicycle,13.8,21.6,29,34.3,36.1,36.1,42,65,92,109,114,114,3.04,3.01,3.17,3.18,3.16,3.16,,,,,,,,,,,,
96709,New York,00:00.0,00:00.0,20/02/2017,Organic,Bicycle,10.7,26.9,55,82.5,82.5,82.5,27,78,158,225,225,225,2.53,2.9,2.87,2.73,2.73,2.73,,,,,,,,,,,,
96711,New York,00:00.0,00:00.0,21/02/2017,Referral,Scooter / Motorcycle,44.6,74.5,129.1,206.1,294.1,551.4,109,173,299,452,579,1222,2.45,2.32,2.32,2.19,1.97,2.22,,,,,,2,,,,,,1
96712,Rio de Janeiro,00:00.0,00:00.0,21/02/2017,Organic,Bicycle,34.7,52.1,73.3,83,120.4,229.9,71,100,133,158,232,475,2.05,1.92,1.81,1.9,1.93,2.07,,,,,,,,,,,,
96713,New York,00:00.0,00:00.0,24/02/2017,Organic,Scooter / Motorcycle,4.9,5.1,5.1,5.1,5.1,5.1,9,9,9,9,9,9,1.83,1.77,1.77,1.77,1.77,1.77,,,,,,,,,,,,
96765,New York,00:00.0,00:00.0,21/02/2017,Referral,Scooter / Motorcycle,42.4,89,189.6,379.9,499.8,860.6,120,249,563,1102,1405,2336,2.83,2.8,2.97,2.9,2.81,2.71,,,1,1,1,4,,,0,0,0,2
96773,New York,00:00.0,00:00.0,22/02/2017,Organic,Bicycle,5.1,7.9,7.9,7.9,7.9,11.7,9,17,17,17,17,22,1.76,2.16,2.16,2.16,2.16,1.89,,,,2,2,2,,,,0,0,0
96777,New York,00:00.0,00:00.0,04/03/2017,Referral,Bicycle,5.7,9,14.4,14.4,14.4,14.4,7,13,19,19,19,19,1.23,1.45,1.32,1.32,1.32,1.32,,,,,1,1,,,,,0,0
96783,New York,00:00.0,00:00.0,22/02/2017,Organic,Bicycle,15.5,22.2,39,45,46.5,46.5,33,50,96,106,109,109,2.13,2.25,2.46,2.36,2.34,2.34,1,2,2,2,2,2,0,0,2,2,2,2
96784,New York,00:00.0,00:00.0,22/02/2017,Organic,Bicycle,32.2,50.4,57.7,66.9,66.9,66.9,78,119,129,150,150,150,2.42,2.36,2.24,2.24,2.24,2.24,,,,,,,,,,,,
96803,New York,00:00.0,00:00.0,22/02/2017,Digital,Scooter / Motorcycle,43.2,71.8,124.1,242.4,328.6,569,109,188,329,643,901,1618,2.52,2.62,2.65,2.65,2.74,2.84,,,,,,,,,,,,
96818,New York,00:00.0,00:00.0,23/02/2017,Organic,Bicycle,2.8,2.8,29.4,74.2,74.2,74.2,6,6,36,116,116,116,2.13,2.13,1.22,1.56,1.56,1.56,,,2,2,2,2,,,0,0,0,0
96825,New York,00:00.0,00:00.0,22/02/2017,Job Platforms,Scooter / Motorcycle,11.5,11.5,11.5,11.5,11.5,11.5,30,30,30,30,30,30,2.6,2.6,2.6,2.6,2.6,2.6,,,,,,,,,,,,
96833,Rio de Janeiro,00:00.0,00:00.0,27/02/2017,Organic,Bicycle,23,30,38.3,38.3,38.3,38.3,54,75,90,90,90,90,2.35,2.5,2.35,2.35,2.35,2.35,,1,1,1,1,1,,0,0,0,0,0
96834,New York,00:00.0,00:00.0,22/02/2017,Organic,Scooter / Motorcycle,22.2,37.4,48.8,48.8,48.8,153.8,52,95,130,130,130,404,2.35,2.54,2.66,2.66,2.66,2.63,,1,1,1,1,1,,0,0,0,0,0
96836,Rio de Janeiro,00:00.0,00:00.0,09/03/2017,Organic,Bicycle,3.3,3.3,3.3,3.3,3.3,3.3,6,6,6,6,6,6,1.83,1.83,1.83,1.83,1.83,1.83,,,,,,,,,,,,
96842,Rio de Janeiro,00:00.0,00:00.0,23/02/2017,Organic,Bicycle,5.3,15.9,18.2,20.5,20.5,20.5,18,45,54,61,61,61,3.39,2.84,2.97,2.97,2.97,2.97,,,,,,,,,,,,
96844,Rio de Janeiro,00:00.0,00:00.0,01/03/2017,Digital,Bicycle,8.1,13.9,29,49.8,49.8,49.8,12,29,73,133,133,133,1.49,2.09,2.51,2.67,2.67,2.67,,,,,,,,,,,,
96845,New York,00:00.0,00:00.0,22/02/2017,Referral,Bicycle,34.5,55.7,118.6,126.9,126.9,126.9,86,133,308,329,329,329,2.5,2.39,2.6,2.59,2.59,2.59,,,,,,,,,,,,
96846,Rio de Janeiro,00:00.0,00:00.0,25/02/2017,Organic,Bicycle,11.8,23.2,25.4,25.4,34.5,36.6,18,36,42,42,58,62,1.52,1.55,1.66,1.66,1.68,1.7,,,,,,,,,,,,
96848,Rio de Janeiro,00:00.0,00:00.0,02/03/2017,Organic,Bicycle,23.4,47.7,102.8,176.7,297.1,531.8,32,79,190,374,679,1283,1.37,1.66,1.85,2.12,2.29,2.41,,,,,,,,,,,,
96852,Rio de Janeiro,00:00.0,00:00.0,22/02/2017,Organic,Bicycle,27.9,44.7,71.9,133.7,133.7,133.7,44,79,139,277,277,277,1.58,1.77,1.93,2.07,2.07,2.07,,,,,,,,,,,,
96854,Rio de Janeiro,00:00.0,00:00.0,22/02/2017,Offline,Bicycle,21.1,41.4,78.5,94.6,127.6,456.1,47,77,166,202,289,1127,2.23,1.86,2.12,2.14,2.26,2.47,,,,,,1,,,,,,0
96856,Rio de Janeiro,00:00.0,00:00.0,22/02/2017,Referral,Bicycle,22.7,34.3,74.9,137.7,137.7,137.7,46,65,148,304,304,304,2.02,1.89,1.98,2.21,2.21,2.21,,,,,1,3,,,,,0,0
96858,Rio de Janeiro,00:00.0,00:00.0,27/02/2017,Organic,Bicycle,5.6,8.6,13.1,24.9,26.7,26.7,11,21,32,65,70,70,1.95,2.45,2.45,2.61,2.62,2.62,,,,,1,1,,,,,0,0
96866,New York,00:00.0,00:00.0,24/02/2017,Digital,Scooter / Motorcycle,9.1,11.2,12.9,27.8,27.8,27.8,20,25,28,69,69,69,2.2,2.23,2.17,2.48,2.48,2.48,,,,1,2,2,,,,0,1,1
96882,New York,00:00.0,00:00.0,21/02/2017,Organic,Bicycle,18.4,21.3,21.3,21.3,21.3,21.3,53,62,62,62,62,62,2.89,2.91,2.91,2.91,2.91,2.91,,,,,,,,,,,,
96886,New York,00:00.0,00:00.0,21/02/2017,Digital,Bicycle,13.7,19,31.7,31.7,31.7,108.8,24,32,61,61,61,187,1.75,1.69,1.92,1.92,1.92,1.72,,,,,,,,,,,,
96891,Rio de Janeiro,00:00.0,00:00.0,21/02/2017,Offline,Bicycle,25.8,25.8,25.8,132,194.1,486.8,40,40,40,222,337,984,1.55,1.55,1.55,1.68,1.74,2.02,,,,,,,,,,,,
96894,New York,,,22/02/2017,Digital,Scooter / Motorcycle,30.5,67.3,81.7,81.7,81.7,81.7,58,119,150,150,150,150,1.9,1.77,1.84,1.84,1.84,1.84,,,,,,,,,,,,
96928,New York,00:00.0,00:00.0,23/02/2017,Referral,Scooter / Motorcycle,81.8,152.3,297.6,572.1,848.6,1629.7,122,208,388,772,1188,2029,1.49,1.37,1.3,1.35,1.4,1.25,,,,,,2,,,,,,1
96934,New York,00:00.0,00:00.0,26/02/2017,Organic,Scooter / Motorcycle,6.8,20.6,29.3,90.3,159.1,296.3,24,62,88,271,449,773,3.51,3.01,3.01,3,2.82,2.61,,,1,4,5,5,,,0,1,2,2
96956,New York,00:00.0,00:00.0,22/02/2017,Organic,Scooter / Motorcycle,27.4,47.6,47.6,48.9,48.9,65.3,62,106,106,107,107,145,2.27,2.23,2.23,2.19,2.19,2.22,,,,,,,,,,,,
96963,New York,00:00.0,00:00.0,22/02/2017,Organic,Bicycle,3.3,3.3,3.3,3.3,3.3,3.3,7,7,7,7,7,7,2.11,2.11,2.11,2.11,2.11,2.11,,,,,,,,,,,,
96967,New York,00:00.0,00:00.0,25/02/2017,Referral,Scooter / Motorcycle,43.4,77.9,141.8,290.2,449,951.7,114,202,370,737,1168,2576,2.63,2.59,2.61,2.54,2.6,2.71,,,2,2,2,3,,,0,0,0,0
96970,New York,00:00.0,00:00.0,22/02/2017,Referral,Bicycle,9.6,16.1,28.4,52.7,76.5,146.9,23,40,72,140,213,421,2.4,2.48,2.53,2.66,2.78,2.87,,,,,,,,,,,,
96973,New York,00:00.0,00:00.0,23/02/2017,Digital,Bicycle,22.3,31,31,31,31,31,43,57,57,57,57,57,1.93,1.84,1.84,1.84,1.84,1.84,,,,,,,,,,,,
96975,New York,00:00.0,00:00.0,22/02/2017,Offline,Bicycle,7.3,10.7,41.4,116.5,128.6,161.4,16,26,106,276,303,377,2.21,2.43,2.56,2.37,2.36,2.34,,,,,,,,,,,,
97032,New York,00:00.0,00:00.0,22/02/2017,Organic,Bicycle,11.2,22.4,23.8,28.5,30.5,30.5,34,66,71,83,89,89,3.04,2.94,2.98,2.91,2.91,2.91,,,,,,,,,,,,
97035,New York,00:00.0,00:00.0,23/02/2017,Organic,Bicycle,12.1,22.4,37.8,72.1,110.5,289.8,25,44,62,115,179,465,2.07,1.97,1.64,1.59,1.62,1.6,1,1,1,1,1,2,0,0,0,0,0,1
97044,New York,00:00.0,00:00.0,22/02/2017,Referral,Bicycle,4,4,4,4,4,4,5,5,5,5,5,5,1.27,1.27,1.27,1.27,1.27,1.27,,,,,,,,,,,,
97053,New York,00:00.0,00:00.0,22/02/2017,Organic,Bicycle,0.3,0.3,0.3,0.3,0.3,0.3,0,0,0,0,0,0,0,0,0,0,0,0,,,,,,,,,,,,
97056,New York,00:00.0,00:00.0,22/02/2017,Digital,Bicycle,14.1,20.2,20.2,20.2,20.2,20.2,32,45,45,45,45,45,2.26,2.22,2.22,2.22,2.22,2.22,,,,,,,,,,,,
97058,New York,00:00.0,00:00.0,23/02/2017,Organic,Bicycle,22.2,22.2,22.2,22.2,22.2,59.3,32,32,32,32,32,75,1.44,1.44,1.44,1.44,1.44,1.26,,,,,,,,,,,,
97066,New York,00:00.0,00:00.0,22/02/2017,Referral,Bicycle,2.8,2.8,2.8,2.8,2.8,2.8,6,6,6,6,6,6,2.16,2.16,2.16,2.16,2.16,2.16,,,,,,,,,,,,
97067,New York,00:00.0,00:00.0,22/02/2017,Digital,Bicycle,11.6,17.3,31.6,50.6,50.6,50.6,22,31,47,77,77,77,1.9,1.79,1.49,1.52,1.52,1.52,,,,,,,,,,,,
97075,New York,00:00.0,00:00.0,23/02/2017,Organic,Bicycle,3,3,3,3,3,3,9,9,9,9,9,9,3.01,3.01,3.01,3.01,3.01,3.01,,,,,,,,,,,,
97076,New York,00:00.0,00:00.0,23/02/2017,Organic,Bicycle,10.7,14.6,36.7,43.9,43.9,43.9,24,32,78,89,89,89,2.24,2.18,2.12,2.03,2.03,2.03,,,,,,,,,,,,
97077,New York,00:00.0,00:00.0,28/02/2017,Digital,Bicycle,11.3,24,41.9,106,190,378.4,31,71,123,339,620,1151,2.74,2.96,2.94,3.2,3.26,3.04,,,,,,,,,,,,
97083,New York,00:00.0,00:00.0,23/02/2017,Organic,Scooter / Motorcycle,49.8,68.8,134.2,279.4,425.5,721.4,104,150,290,584,886,1562,2.09,2.18,2.16,2.09,2.08,2.17,,,,,,1,,,,,,1
97084,New York,00:00.0,00:00.0,22/02/2017,Referral,Bicycle,1.5,1.5,1.5,1.5,1.5,1.5,6,6,6,6,6,6,3.91,3.91,3.91,3.91,3.91,3.91,,,,,,,,,,,,
97143,New York,00:00.0,00:00.0,08/04/2017,Organic,Bicycle,4.6,4.6,4.6,4.6,4.6,4.6,9,9,9,9,9,9,1.96,1.96,1.96,1.96,1.96,1.96,,,,,,,,,,,,
97151,New York,00:00.0,00:00.0,24/02/2017,Digital,Bicycle,17.7,34.8,62.2,86,114.5,210,30,57,106,153,217,433,1.69,1.64,1.7,1.78,1.89,2.06,,,,,,,,,,,,
97164,New York,00:00.0,00:00.0,28/02/2017,Organic,Bicycle,9.5,15.8,19.8,41.4,63.2,270.5,32,49,62,134,202,864,3.37,3.11,3.13,3.24,3.19,3.19,,,,,,,,,,,,
97213,New York,00:00.0,00:00.0,26/02/2017,Digital,Bicycle,3.2,7.2,22.1,35.2,40.6,88.2,5,9,36,54,62,147,1.56,1.25,1.63,1.54,1.53,1.67,,,,,,,,,,,,
97219,New York,00:00.0,00:00.0,25/02/2017,Digital,Bicycle,13,13,19.4,53.5,104.1,195.5,33,33,47,113,228,461,2.53,2.53,2.43,2.11,2.19,2.36,,,,,,,,,,,,
97235,New York,00:00.0,00:00.0,25/02/2017,Referral,Bicycle,12.4,21.8,23.4,31.5,37.9,37.9,46,81,87,112,129,129,3.7,3.71,3.72,3.56,3.4,3.4,,,,,,,,,,,,
97239,New York,,,28/02/2017,Organic,Bicycle,13.1,13.1,16.3,58.9,84.7,242.5,27,27,31,104,154,433,2.06,2.06,1.91,1.77,1.82,1.79,,,,1,1,1,,,,0,0,0
97241,New York,00:00.0,00:00.0,01/03/2017,Digital,Bicycle,23.7,44.6,78.9,133.2,200.7,446.6,30,65,124,242,417,1058,1.26,1.46,1.57,1.82,2.08,2.37,,,,,,,,,,,,
97256,New York,00:00.0,00:00.0,25/02/2017,Organic,Scooter / Motorcycle,71.6,131.9,253.7,496.8,702,1252.9,161,321,631,1206,1706,2996,2.25,2.43,2.49,2.43,2.43,2.39,,,,,,4,,,,,,3
97264,New York,00:00.0,00:00.0,07/03/2017,Organic,Bicycle,20.2,60.3,124.7,187.5,187.5,187.5,43,113,196,266,266,266,2.13,1.88,1.57,1.42,1.42,1.42,,,,,,,,,,,,
97268,New York,00:00.0,00:00.0,25/02/2017,Referral,Bicycle,28.6,45.3,77.2,88.2,153.2,238.2,69,109,177,181,223,283,2.41,2.41,2.29,2.05,1.46,1.19,,,,,1,1,,,,,0,1
97269,New York,00:00.0,00:00.0,27/02/2017,Digital,Bicycle,12.2,15.5,15.5,28.8,28.8,28.8,26,34,34,67,67,67,2.13,2.2,2.2,2.33,2.33,2.33,,,,,,,,,,,,
97275,New York,00:00.0,00:00.0,25/02/2017,Referral,Scooter / Motorcycle,21.2,57.3,113.4,270.1,303.9,322.1,45,128,240,596,680,727,2.13,2.23,2.12,2.21,2.24,2.26,,,,1,1,2,,,,0,0,0
97282,New York,00:00.0,00:00.0,01/03/2017,Referral,Bicycle,10.4,19.6,32.9,48.2,48.2,48.2,23,41,66,92,92,92,2.21,2.09,2.01,1.91,1.91,1.91,,,1,1,1,1,,,0,0,0,0
97284,New York,00:00.0,00:00.0,24/02/2017,Organic,Bicycle,1.4,1.4,1.4,1.4,1.4,1.4,0,0,0,0,0,0,0,0,0,0,0,0,,,,,,,,,,,,
97285,New York,00:00.0,00:00.0,26/02/2017,Organic,Bicycle,26.4,49.6,81.3,149.2,177.3,185.2,68,135,233,391,463,467,2.58,2.72,2.87,2.62,2.61,2.52,,2,3,7,8,9,,0,0,0,0,0
97287,New York,00:00.0,00:00.0,25/02/2017,Organic,Bicycle,33.7,63,109.1,188.5,218.5,218.5,62,134,232,404,489,489,1.84,2.13,2.13,2.14,2.24,2.24,2,2,2,3,3,3,1,1,1,1,1,1
97289,New York,00:00.0,00:00.0,28/02/2017,Offline,Scooter / Motorcycle,51.2,92.2,155.4,270.4,394.9,877.8,98,164,270,393,517,916,1.91,1.78,1.74,1.45,1.31,1.04,1,1,1,1,1,1,1,1,1,1,1,1
97291,New York,00:00.0,00:00.0,24/02/2017,Organic,Bicycle,17.9,34.6,60,78.9,78.9,78.9,33,57,98,108,108,108,1.84,1.65,1.63,1.37,1.37,1.37,,2,2,2,2,2,,0,0,0,0,0
97295,New York,00:00.0,00:00.0,25/02/2017,Referral,Scooter / Motorcycle,3.7,3.7,3.7,3.7,3.7,3.7,4,4,4,4,4,4,1.09,1.09,1.09,1.09,1.09,1.09,,,,,,,,,,,,
97301,New York,00:00.0,00:00.0,24/02/2017,Organic,Bicycle,13.4,14.6,14.6,14.6,14.6,14.6,19,21,21,21,21,21,1.42,1.44,1.44,1.44,1.44,1.44,,,,,,,,,,,,
97308,New York,00:00.0,00:00.0,04/03/2017,Referral,Scooter / Motorcycle,56.7,100.3,188.1,361.3,519.1,1041.5,86,159,296,557,727,1482,1.52,1.59,1.57,1.54,1.4,1.42,,,,1,2,5,,,,0,1,1
97309,New York,00:00.0,00:00.0,26/02/2017,Digital,Scooter / Motorcycle,36.9,71.6,131,187.5,295.1,545.4,97,200,355,505,809,1567,2.63,2.79,2.71,2.69,2.74,2.87,,,,,,,,,,,,
97312,New York,00:00.0,00:00.0,07/03/2017,Referral,Bicycle,9.1,9.1,11.6,11.6,11.6,11.6,3,3,6,6,6,6,0.33,0.33,0.52,0.52,0.52,0.52,,,,,,,,,,,,
97317,New York,00:00.0,00:00.0,24/02/2017,Digital,Bicycle,10.8,20,32.1,71.7,71.7,71.7,34,65,101,213,213,213,3.16,3.24,3.15,2.97,2.97,2.97,,,,,,,,,,,,
97323,New York,00:00.0,00:00.0,27/02/2017,Organic,Bicycle,18.3,30.4,46.6,49,56.4,56.4,65,103,156,162,185,185,3.55,3.39,3.35,3.31,3.28,3.28,,,,,,,,,,,,
97329,New York,00:00.0,00:00.0,25/02/2017,Organic,Bicycle,40.4,62.8,122.2,266.9,305.5,307.2,111,173,334,686,787,792,2.75,2.76,2.73,2.57,2.58,2.58,,,,,,,,,,,,
97333,New York,00:00.0,00:00.0,28/02/2017,Referral,Bicycle,7.3,17.7,32.7,42.2,42.2,42.2,16,28,48,60,60,60,2.2,1.58,1.47,1.42,1.42,1.42,,,,,,,,,,,,
97334,New York,00:00.0,00:00.0,28/02/2017,Referral,Bicycle,8.6,20,37.2,60.3,80.1,100.7,15,33,59,88,119,146,1.75,1.65,1.59,1.46,1.49,1.45,,,,,,,,,,,,
97335,New York,00:00.0,00:00.0,25/02/2017,Organic,Bicycle,24.4,31.9,58.2,80.2,80.2,83.2,74,93,164,217,217,220,3.03,2.91,2.82,2.7,2.7,2.64,,,,,,,,,,,,
97336,New York,00:00.0,00:00.0,25/02/2017,Offline,Scooter / Motorcycle,35.3,77.1,148.5,274.7,445.3,1016.7,94,205,385,691,1162,2629,2.66,2.66,2.59,2.52,2.61,2.59,,,,,,3,,,,,,1
97338,New York,00:00.0,00:00.0,25/02/2017,Organic,Bicycle,1.8,11.3,18,23.7,28.7,28.7,3,24,43,57,67,67,1.63,2.13,2.39,2.4,2.34,2.34,,,,,,,,,,,,
97368,New York,00:00.0,00:00.0,04/03/2017,Organic,Scooter / Motorcycle,14.3,23.6,29.3,29.3,29.3,146.2,41,72,90,90,90,288,2.87,3.05,3.07,3.07,3.07,1.97,,,,,,,,,,,,
97458,New York,00:00.0,00:00.0,26/02/2017,Referral,Bicycle,8.7,8.7,8.7,8.7,8.7,8.7,18,18,18,18,18,18,2.06,2.06,2.06,2.06,2.06,2.06,,,,,,,,,,,,
97462,New York,00:00.0,00:00.0,26/02/2017,Offline,Bicycle,24.1,40.3,72,72,72,72,44,73,126,126,126,126,1.83,1.81,1.75,1.75,1.75,1.75,,,,,,,,,,,,
97463,New York,00:00.0,00:00.0,26/02/2017,Offline,Scooter / Motorcycle,10.4,10.4,16,19.8,19.8,19.8,20,20,27,29,29,29,1.92,1.92,1.68,1.46,1.46,1.46,,,,,,,,,,,,
97476,New York,,,26/02/2017,Unknown,Bicycle,2,2,2,2,2,48.9,4,4,4,4,4,118,1.97,1.97,1.97,1.97,1.97,2.41,,,,,,1,,,,,,1
97478,New York,00:00.0,00:00.0,22/03/2017,Offline,Bicycle,9.6,9.6,15.7,15.7,15.7,15.7,15,15,23,23,23,23,1.57,1.57,1.46,1.46,1.46,1.46,1,1,1,1,1,1,0,0,0,0,0,0
97486,New York,00:00.0,00:00.0,28/02/2017,Organic,Bicycle,9.1,21,44.9,78.8,94.4,122.7,19,35,75,148,181,229,2.1,1.66,1.67,1.88,1.92,1.87,,,,,,,,,,,,
97511,New York,00:00.0,00:00.0,25/02/2017,Organic,Bicycle,25.6,36.9,50.7,50.7,50.7,50.7,62,90,124,124,124,124,2.42,2.44,2.45,2.45,2.45,2.45,,,,,,,,,,,,
97515,New York,00:00.0,00:00.0,02/03/2017,Referral,Bicycle,2.8,4.7,4.7,4.7,4.7,4.7,7,8,8,8,8,8,2.47,1.7,1.7,1.7,1.7,1.7,,,,,,,,,,,,
97525,New York,00:00.0,00:00.0,25/02/2017,Organic,Scooter / Motorcycle,53.1,110,203.2,317,317,438.8,98,231,450,764,764,1044,1.85,2.1,2.21,2.41,2.41,2.38,,,,,,,,,,,,
97530,New York,00:00.0,00:00.0,25/02/2017,Offline,Bicycle,6.7,11,11,12.8,56.4,74.4,8,12,12,12,34,37,1.2,1.09,1.09,0.94,0.6,0.5,,,,,,1,,,,,,1
97532,New York,00:00.0,00:00.0,01/03/2017,Referral,Bicycle,7.3,10.2,22.1,31.7,31.7,37,13,17,36,50,50,56,1.78,1.67,1.63,1.58,1.58,1.51,,,,,,,,,,,,
97533,New York,00:00.0,00:00.0,25/02/2017,Referral,Scooter / Motorcycle,35.1,63.2,122.4,261.7,347.5,763.2,87,162,312,594,768,1908,2.48,2.56,2.55,2.27,2.21,2.5,,,,,,,,,,,,
97539,New York,00:00.0,00:00.0,28/02/2017,Organic,Bicycle,15.3,29.4,46.5,66.1,95.7,130.3,39,67,102,152,230,320,2.55,2.28,2.2,2.3,2.4,2.46,,,,,,,,,,,,
97542,New York,00:00.0,00:00.0,01/03/2017,Organic,Bicycle,3.7,3.7,3.7,3.7,3.7,35.1,10,10,10,10,10,81,2.67,2.67,2.67,2.67,2.67,2.31,,,,,,1,,,,,,0
97543,New York,00:00.0,00:00.0,27/02/2017,Referral,Scooter / Motorcycle,48.2,83.6,142.3,253.9,307.3,482.6,131,246,429,759,901,1417,2.72,2.94,3.02,2.99,2.93,2.94,,,,,,6,,,,,,1
97554,New York,00:00.0,00:00.0,26/02/2017,Referral,Bicycle,23.5,41.6,76.6,141.2,222.9,469.9,54,98,151,265,432,970,2.29,2.36,1.97,1.88,1.94,2.06,,,,,,1,,,,,,1
97564,New York,00:00.0,00:00.0,26/02/2017,Organic,Bicycle,35.4,59.6,87.5,87.5,87.5,87.5,94,157,226,226,226,226,2.66,2.63,2.58,2.58,2.58,2.58,,,,,,,,,,,,
97569,New York,00:00.0,00:00.0,27/02/2017,Referral,Scooter / Motorcycle,2.8,11.6,11.6,14.4,14.4,45.8,3,15,15,19,19,60,1.07,1.29,1.29,1.32,1.32,1.31,2,2,2,4,5,7,0,0,0,0,0,2
97570,New York,00:00.0,00:00.0,25/02/2017,Organic,Bicycle,14.6,18.1,18.1,21.3,32.3,32.3,29,37,37,44,71,71,1.99,2.04,2.04,2.07,2.2,2.2,,,,,,,,,,,,
97572,New York,00:00.0,00:00.0,26/02/2017,Digital,Bicycle,26.9,39.6,39.6,62,118.8,177.4,75,106,106,166,314,458,2.79,2.68,2.68,2.68,2.64,2.58,,1,1,1,1,1,,0,0,0,0,0
97577,New York,00:00.0,00:00.0,26/02/2017,Organic,Scooter / Motorcycle,12,12,12,12,12,12.3,19,19,19,19,19,20,1.59,1.59,1.59,1.59,1.59,1.62,,,,,,,,,,,,
97582,New York,00:00.0,00:00.0,26/02/2017,Referral,Bicycle,16.9,23.9,39.4,56.2,56.2,56.2,36,50,86,123,123,123,2.13,2.09,2.18,2.19,2.19,2.19,,,,,,,,,,,,
97594,New York,00:00.0,00:00.0,27/02/2017,Organic,Bicycle,11,14.4,14.4,14.4,14.4,14.4,29,34,34,34,34,34,2.64,2.36,2.36,2.36,2.36,2.36,,,,,,,,,,,,
97596,New York,00:00.0,00:00.0,26/02/2017,Referral,Scooter / Motorcycle,29.5,37.6,37.6,37.6,37.6,37.6,62,82,82,82,82,82,2.1,2.18,2.18,2.18,2.18,2.18,,2,2,2,2,2,,0,0,0,0,0
97599,New York,00:00.0,00:00.0,26/02/2017,Job Platforms,Bicycle,33.5,55.6,86.3,159.5,206.6,215.5,52,74,129,271,360,383,1.55,1.33,1.49,1.7,1.74,1.78,,,,,,,,,,,,
97607,New York,00:00.0,00:00.0,26/02/2017,Organic,Bicycle,3.3,3.3,3.3,3.3,3.3,3.3,5,5,5,5,5,5,1.53,1.53,1.53,1.53,1.53,1.53,,,,,,,,,,,,
97609,New York,00:00.0,00:00.0,26/02/2017,Organic,Bicycle,5.5,9.2,19.1,19.1,19.1,19.1,12,19,34,34,34,34,2.18,2.08,1.78,1.78,1.78,1.78,,,,,,,,,,,,
97614,New York,00:00.0,00:00.0,01/03/2017,Organic,Scooter / Motorcycle,41.7,79,144.9,350.8,569,1232.7,85,164,282,607,924,1966,2.04,2.08,1.95,1.73,1.62,1.59,,,,,,,,,,,,
97622,New York,00:00.0,00:00.0,02/03/2017,Organic,Bicycle,5.2,5.4,5.4,5.4,5.4,5.4,11,11,11,11,11,11,2.13,2.03,2.03,2.03,2.03,2.03,,,,,,,,,,,,
97624,New York,00:00.0,00:00.0,27/02/2017,Referral,Scooter / Motorcycle,0.2,0.2,0.2,0.2,0.2,0.2,0,0,0,0,0,0,0,0,0,0,0,0,,,,,,,,,,,,
97626,New York,00:00.0,00:00.0,03/03/2017,Referral,Scooter / Motorcycle,34.7,78.2,188.3,398.1,619.2,1095.4,30,96,272,664,1096,2067,0.86,1.23,1.44,1.67,1.77,1.89,,,,,,,,,,,,
97635,New York,00:00.0,00:00.0,07/03/2017,Organic,Bicycle,6.8,10.2,12.1,12.1,12.1,12.1,16,23,27,27,27,27,2.36,2.25,2.23,2.23,2.22,2.22,,,,,,,,,,,,
97637,New York,00:00.0,00:00.0,26/02/2017,Organic,Bicycle,2.3,2.3,2.3,2.3,2.3,2.3,4,4,4,4,4,4,1.76,1.76,1.76,1.76,1.76,1.76,,,,,,,,,,,,
97638,New York,00:00.0,00:00.0,26/02/2017,Digital,Scooter / Motorcycle,36,47,47,47,53.8,70.9,102,138,138,138,154,192,2.84,2.93,2.93,2.93,2.86,2.71,,,,,,,,,,,,
97640,New York,00:00.0,00:00.0,01/03/2017,Organic,Bicycle,6.7,8.8,14.1,14.4,14.4,14.4,15,20,32,32,32,32,2.25,2.28,2.27,2.23,2.23,2.23,,,,,,,,,,,,
97641,New York,00:00.0,00:00.0,25/02/2017,Digital,Bicycle,6.5,6.5,6.5,6.5,6.5,6.5,20,20,20,20,20,20,3.06,3.06,3.06,3.06,3.06,3.06,,,,,,,,,,,,
97642,New York,00:00.0,00:00.0,28/02/2017,Organic,Bicycle,7.6,7.6,7.6,7.6,7.6,7.6,12,12,12,12,12,12,1.57,1.57,1.57,1.57,1.57,1.57,,,,,,,,,,,,
97694,Cape Town,00:00.0,00:00.0,01/03/2017,Organic,Bicycle,43.6,57.7,99.9,155.3,199.3,300.3,92,123,221,354,449,688,2.11,2.13,2.21,2.28,2.25,2.29,,,,,,,,,,,,
97697,Cape Town,00:00.0,00:00.0,27/02/2017,Referral,Bicycle,62.3,101.6,171.1,265.6,294.9,294.9,107,160,271,444,493,493,1.72,1.58,1.58,1.67,1.67,1.67,,,,,,1,,,,,,0
97698,Cape Town,00:00.0,00:00.0,13/03/2017,Organic,Bicycle,7.8,7.8,12.9,12.9,12.9,12.9,7,7,13,13,13,13,0.9,0.9,1.01,1.01,1.01,1.01,,,,,,,,,,,,
97699,Cape Town,00:00.0,00:00.0,27/02/2017,Organic,Bicycle,12.7,22.4,40.1,87,117.7,237.5,22,49,102,239,314,667,1.74,2.19,2.55,2.75,2.67,2.81,,,,,,,,,,,,
97703,Cape Town,00:00.0,00:00.0,26/02/2017,Organic,Bicycle,43.3,79.2,164.9,283.5,410.5,611.5,90,172,354,637,903,1377,2.08,2.17,2.15,2.25,2.2,2.25,,,,,,,,,,,,
97709,New York,00:00.0,00:00.0,28/02/2017,Digital,Bicycle,14.2,21.2,21.2,21.2,21.2,21.2,26,38,38,38,38,38,1.83,1.8,1.8,1.8,1.8,1.8,,,,,,,,,,,,
97713,New York,00:00.0,00:00.0,27/02/2017,Referral,Scooter / Motorcycle,17.2,29.4,59.1,100.6,117.2,157.3,31,57,125,212,246,314,1.8,1.94,2.11,2.11,2.1,2,,,,,,,,,,,,
97716,New York,00:00.0,00:00.0,28/02/2017,Referral,Bicycle,7,9.5,9.5,9.5,9.5,9.5,20,27,27,27,27,27,2.85,2.83,2.83,2.83,2.83,2.83,,,,,,,,,,,,
97733,New York,00:00.0,00:00.0,26/02/2017,Digital,Bicycle,14.5,24.8,33.6,50,52.6,52.6,31,56,76,111,114,114,2.14,2.26,2.26,2.22,2.17,2.17,,,,,,,,,,,,
97734,New York,00:00.0,00:00.0,28/02/2017,Organic,Bicycle,7.4,13.4,13.4,13.4,13.4,13.4,15,22,22,22,22,22,2.03,1.64,1.64,1.64,1.64,1.64,,,1,1,1,1,,,0,0,0,0
97735,New York,00:00.0,00:00.0,04/03/2017,Digital,Bicycle,5.2,5.2,5.2,5.2,5.2,5.2,12,12,12,12,12,12,2.33,2.33,2.33,2.33,2.33,2.33,,,,,,,,,,,,
97750,Cape Town,00:00.0,00:00.0,26/02/2017,Organic,Bicycle,11.4,11.4,32.7,63.4,108.1,162.1,18,18,65,133,225,343,1.58,1.58,1.99,2.1,2.08,2.12,,,,,,1,,,,,,1
97764,New York,00:00.0,00:00.0,02/03/2017,Referral,Bicycle,18.3,33.2,54.3,109,144.9,257.2,42,81,126,252,331,597,2.29,2.44,2.32,2.31,2.28,2.32,,,2,2,3,4,,,0,0,0,1
97766,New York,00:00.0,00:00.0,28/02/2017,Referral,Bicycle,14.7,35.1,56.2,102.5,120.6,135.3,25,76,133,249,282,306,1.7,2.16,2.37,2.43,2.34,2.26,,,,,,,,,,,,
97767,New York,00:00.0,00:00.0,27/02/2017,Offline,Bicycle,14.9,22.9,22.9,76.2,164.9,179.9,27,41,41,168,391,425,1.81,1.79,1.79,2.21,2.37,2.36,1,1,1,3,4,4,1,1,1,1,1,2
97771,Rio de Janeiro,00:00.0,00:00.0,02/03/2017,Organic,Bicycle,13.5,17,19.9,24.9,24.9,24.9,23,28,30,40,40,40,1.71,1.65,1.5,1.61,1.61,1.61,,,1,3,3,3,,,0,0,0,0
97777,Rio de Janeiro,00:00.0,00:00.0,06/03/2017,Organic,Bicycle,6.3,6.3,9.5,9.5,9.5,9.5,13,13,21,21,21,21,2.05,2.05,2.21,2.21,2.21,2.21,,,,,,,,,,,,
97780,Rio de Janeiro,00:00.0,00:00.0,27/02/2017,Organic,Bicycle,10.6,62.8,131.8,264.4,338,719.4,23,121,295,649,873,1948,2.17,1.93,2.24,2.45,2.58,2.71,,,,,,4,,,,,,0
97785,New York,00:00.0,00:00.0,27/02/2017,Organic,Bicycle,20.6,42,62,91.3,102.5,102.5,34,83,122,179,201,201,1.65,1.98,1.97,1.96,1.96,1.96,,,,,,,,,,,,
97787,Rio de Janeiro,00:00.0,00:00.0,27/02/2017,Digital,Bicycle,8.5,9.5,12.6,12.6,12.6,12.6,11,14,22,22,22,22,1.29,1.47,1.74,1.74,1.74,1.74,1,1,1,1,1,1,0,0,0,0,0,0
97791,Rio de Janeiro,00:00.0,00:00.0,28/02/2017,Organic,Bicycle,14.6,20.7,21.2,21.2,21.2,21.2,25,38,39,39,39,39,1.72,1.83,1.84,1.84,1.84,1.84,,,,,,,,,,,,
97799,Rio de Janeiro,00:00.0,00:00.0,02/03/2017,Organic,Bicycle,2,2,2,2,66.7,70.7,1,1,1,1,132,135,0.5,0.5,0.5,0.5,1.98,1.91,,,,,,,,,,,,
97800,Rio de Janeiro,00:00.0,00:00.0,26/02/2017,Referral,Bicycle,7.5,9.8,24.1,41.5,43.9,48.6,16,22,52,93,99,107,2.12,2.25,2.16,2.24,2.26,2.2,,,,,,,,,,,,
97802,Rio de Janeiro,00:00.0,00:00.0,26/02/2017,Organic,Bicycle,19.5,25.1,72.9,114.8,119.5,126.8,42,54,165,264,277,296,2.15,2.15,2.26,2.3,2.32,2.33,,,,,,,,,,,,
97803,Rio de Janeiro,00:00.0,00:00.0,28/02/2017,Organic,Bicycle,2.3,6.3,6.3,7.3,7.3,17.6,2,14,14,17,17,46,0.88,2.22,2.22,2.33,2.33,2.61,,,,,,,,,,,,
97804,Rio de Janeiro,00:00.0,00:00.0,28/02/2017,Organic,Bicycle,9.5,17.2,27,27,27,27,15,28,40,40,40,40,1.59,1.63,1.48,1.48,1.48,1.48,,,,,,,,,,,,
97805,New York,00:00.0,00:00.0,26/02/2017,Digital,Bicycle,2.5,2.5,2.5,2.5,2.5,2.5,1,1,1,1,1,1,0.4,0.4,0.4,0.4,0.4,0.4,,,,,,,,,,,,
97810,New York,00:00.0,00:00.0,05/03/2017,Referral,Scooter / Motorcycle,37.4,63.3,182.7,413.8,570.8,1096.8,94,156,471,1107,1535,2971,2.51,2.46,2.58,2.68,2.69,2.71,,2,2,4,4,7,,0,1,3,3,4
97817,New York,00:00.0,00:00.0,02/03/2017,Referral,Scooter / Motorcycle,14.9,24.4,38.7,41.5,41.5,41.5,35,61,100,107,107,107,2.36,2.5,2.58,2.58,2.58,2.58,,,,,,,,,,,,
97821,New York,00:00.0,00:00.0,26/02/2017,Referral,Bicycle,33.1,47.9,47.9,78.3,78.3,195.2,90,132,132,202,202,477,2.72,2.76,2.76,2.58,2.58,2.44,,,,1,1,1,,,,0,0,0
97833,New York,00:00.0,00:00.0,27/02/2017,Organic,Scooter / Motorcycle,28.4,40.2,58.5,95.7,172.8,351.6,65,92,127,211,385,838,2.29,2.29,2.17,2.21,2.23,2.38,,,,1,1,3,,,,0,0,1
97834,New York,00:00.0,00:00.0,04/03/2017,Referral,Bicycle,10.4,10.4,20.3,54.1,54.1,54.1,22,22,45,121,121,121,2.11,2.11,2.22,2.24,2.24,2.24,,,,,,,,,,,,
97838,Rio de Janeiro,00:00.0,00:00.0,26/02/2017,Organic,Bicycle,21.9,21.9,21.9,21.9,21.9,21.9,56,56,56,56,56,56,2.56,2.56,2.56,2.56,2.55,2.55,,,,,,,,,,,,
97844,New York,00:00.0,00:00.0,27/02/2017,Organic,Bicycle,6,11.9,17.7,17.7,17.7,17.7,19,33,53,53,53,53,3.15,2.78,2.99,2.99,2.99,2.99,,,,,,,,,,,,
97845,Rio de Janeiro,00:00.0,00:00.0,01/03/2017,Organic,Bicycle,4.5,4.5,4.5,4.5,4.5,4.5,8,8,8,8,8,8,1.78,1.78,1.78,1.78,1.78,1.78,,,,,,,,,,,,
97849,Rio de Janeiro,00:00.0,00:00.0,27/02/2017,Organic,Bicycle,3.3,6.3,21.7,58,63.7,96.7,7,14,59,172,187,297,2.09,2.22,2.72,2.97,2.94,3.07,,,,,1,2,,,,,0,0
97850,Rio de Janeiro,00:00.0,00:00.0,26/02/2017,Organic,Bicycle,48.6,48.6,132.4,269.6,364.7,740.5,137,137,373,755,1040,2236,2.82,2.82,2.82,2.8,2.85,3.02,,,,1,2,6,,,,0,0,0
97853,Rio de Janeiro,00:00.0,00:00.0,27/02/2017,Organic,Bicycle,8.5,17.4,34.4,97.7,161.4,236.6,15,38,87,278,476,702,1.76,2.18,2.53,2.85,2.95,2.97,,,,1,2,2,,,,0,0,2
97854,New York,00:00.0,00:00.0,28/02/2017,Job Platforms,Bicycle,7.4,14.5,14.5,14.5,14.5,14.5,13,20,20,20,20,20,1.75,1.38,1.38,1.38,1.38,1.38,,,,,,,,,,,,
97861,New York,00:00.0,00:00.0,28/02/2017,Digital,Scooter / Motorcycle,44.4,80.6,152.1,298,447.6,900.5,88,187,393,806,1268,2621,1.98,2.32,2.58,2.7,2.83,2.91,,,,,,,,,,,,
97863,Rio de Janeiro,00:00.0,00:00.0,27/02/2017,Organic,Bicycle,13.9,13.9,28.8,86.4,148.1,444.1,37,37,81,254,426,1206,2.66,2.66,2.81,2.94,2.88,2.72,,,,,,,,,,,,
97864,New York,00:00.0,00:00.0,27/02/2017,Organic,Bicycle,12.3,12.3,12.3,17.7,20.8,105.9,28,28,28,36,41,158,2.29,2.28,2.28,2.03,1.97,1.49,,,,,,,,,,,,
97865,Rio de Janeiro,00:00.0,00:00.0,01/03/2017,Organic,Bicycle,4.3,10.3,18.4,56.9,83.4,91.2,8,21,38,130,191,212,1.86,2.04,2.06,2.29,2.29,2.32,,,,,,,,,,,,
97866,New York,00:00.0,00:00.0,03/03/2017,Referral,Bicycle,6.1,6.1,6.1,6.1,6.1,6.1,19,19,19,19,19,19,3.1,3.1,3.1,3.1,3.1,3.1,,,,,,,,,,,,
97872,New York,00:00.0,00:00.0,01/03/2017,Referral,Bicycle,35.5,55.9,87.2,101.8,101.8,101.8,72,126,196,226,226,226,2.03,2.25,2.25,2.22,2.22,2.22,,1,1,3,3,3,,0,0,0,0,1
97876,New York,00:00.0,00:00.0,09/03/2017,Digital,Scooter / Motorcycle,3.5,19.7,74.6,202.4,249,775.3,10,51,180,465,556,1767,2.85,2.59,2.41,2.3,2.23,2.28,,,,,,,,,,,,
97877,New York,00:00.0,00:00.0,27/02/2017,Organic,Scooter / Motorcycle,39.7,80.4,150.3,281.2,427.3,874.5,91,195,365,668,1040,2378,2.29,2.42,2.43,2.38,2.43,2.72,,,,,,,,,,,,
97879,New York,00:00.0,00:00.0,27/02/2017,Organic,Scooter / Motorcycle,25.8,42.8,68.1,137.7,185,185,61,101,167,348,474,474,2.36,2.36,2.45,2.53,2.56,2.56,,,,,,,,,,,,
97913,Rio de Janeiro,00:00.0,00:00.0,27/02/2017,Organic,Bicycle,12.8,20.1,70.5,130.3,130.3,133.5,29,48,183,364,364,374,2.27,2.38,2.59,2.79,2.79,2.8,,,,,,,,,,,,
97916,Rio de Janeiro,00:00.0,00:00.0,08/03/2017,Organic,Bicycle,15.9,44.1,98.6,149.5,266.1,378.8,38,96,213,335,578,822,2.38,2.18,2.16,2.24,2.17,2.17,,,,1,1,1,,,,0,0,0
97937,New York,00:00.0,00:00.0,28/02/2017,Referral,Bicycle,28.2,39.8,65.9,134.4,184.1,244.9,82,117,200,408,565,720,2.91,2.94,3.04,3.04,3.07,2.94,,,1,2,2,3,,,0,0,1,1
97940,Rio de Janeiro,00:00.0,00:00.0,02/03/2017,Organic,Bicycle,4.4,6.3,6.3,6.3,6.3,12.6,10,13,13,13,13,32,2.26,2.05,2.05,2.05,2.05,2.55,,,,,,,,,,,,
97941,New York,00:00.0,00:00.0,28/02/2017,Organic,Bicycle,12,21.8,51.9,114,203.5,518.3,38,75,176,402,750,1878,3.17,3.44,3.39,3.53,3.69,3.62,,,,,,1,,,,,,0
97951,New York,00:00.0,00:00.0,01/03/2017,Digital,Bicycle,5,5,5,5,5,5,9,9,9,9,9,9,1.79,1.79,1.79,1.79,1.79,1.79,,,,,,,,,,,,
97958,New York,00:00.0,00:00.0,27/02/2017,Referral,Bicycle,9.5,15.9,58,102.4,160.1,349.4,12,22,97,165,288,665,1.26,1.38,1.67,1.61,1.8,1.9,,,,,,,,,,,,
97961,New York,00:00.0,00:00.0,01/03/2017,Organic,Bicycle,19.8,29.9,34.5,45.9,45.9,45.9,55,85,94,126,126,126,2.78,2.84,2.72,2.74,2.74,2.74,,,,,,,,,,,,
97963,New York,00:00.0,00:00.0,01/03/2017,Organic,Bicycle,6.5,9.4,9.4,9.4,9.4,36.1,7,16,16,16,16,63,1.07,1.7,1.7,1.7,1.7,1.74,,,,,,,,,,,,
97969,New York,00:00.0,00:00.0,28/02/2017,Referral,Scooter / Motorcycle,59,106,186.3,319.5,372.7,607,143,259,427,746,852,1326,2.42,2.44,2.29,2.33,2.29,2.18,,,,,,1,,,,,,0
97989,New York,00:00.0,00:00.0,28/02/2017,Digital,Scooter / Motorcycle,22.4,44,71.3,110.5,121.8,233,61,118,199,309,336,654,2.72,2.68,2.79,2.8,2.76,2.81,,,,,,,,,,,,
98013,New York,00:00.0,00:00.0,28/02/2017,Organic,Bicycle,27.7,51.5,72.4,107.1,129.9,165.3,67,123,179,251,310,408,2.42,2.39,2.47,2.34,2.39,2.47,,,,,,,,,,,,
98022,New York,00:00.0,00:00.0,01/03/2017,Organic,Bicycle,15.3,28.1,57.5,57.5,57.5,57.5,38,78,153,153,153,153,2.48,2.78,2.66,2.66,2.66,2.66,,,,,,,,,,,,
98023,New York,00:00.0,00:00.0,11/03/2017,Digital,Bicycle,9.4,20.4,35.7,47.5,47.5,47.5,21,51,83,112,112,112,2.24,2.5,2.32,2.36,2.36,2.36,,,,,,,,,,,,
98029,Rio de Janeiro,00:00.0,00:00.0,09/03/2017,Organic,Bicycle,17.2,52.1,122.9,129.4,139,357.8,41,125,287,306,326,891,2.38,2.4,2.33,2.36,2.34,2.49,,,,,,,,,,,,
98030,New York,00:00.0,00:00.0,28/02/2017,Referral,Bicycle,29.5,50.7,56.5,56.5,56.5,56.5,65,108,123,123,123,123,2.21,2.13,2.18,2.18,2.18,2.18,,,,,,,,,,,,
98050,New York,00:00.0,00:00.0,28/02/2017,Referral,Scooter / Motorcycle,16,23.7,36.3,55.3,74.6,151.8,38,58,94,134,183,382,2.38,2.45,2.59,2.42,2.45,2.52,,,,,,3,,,,,,2
98064,New York,00:00.0,00:00.0,28/02/2017,Organic,Bicycle,25.7,46.5,65.8,98.9,98.9,100.7,88,156,213,304,304,309,3.42,3.35,3.24,3.07,3.07,3.07,3,4,4,4,4,4,0,1,1,1,1,1
98065,New York,00:00.0,00:00.0,28/02/2017,Organic,Scooter / Motorcycle,41.9,77.2,142,328.2,611.9,1360.4,83,170,355,799,1528,3336,1.98,2.2,2.5,2.43,2.5,2.45,,,,,,,,,,,,
98066,New York,00:00.0,00:00.0,28/02/2017,Organic,Bicycle,21.9,43.3,61.1,119.3,144.1,268.4,68,134,175,281,316,517,3.11,3.09,2.87,2.36,2.19,1.93,,,,,,,,,,,,
98077,New York,00:00.0,00:00.0,28/02/2017,Digital,Scooter / Motorcycle,9.4,19.7,42,50,50,50,25,53,107,123,123,123,2.67,2.69,2.55,2.46,2.46,2.46,,,,,,,,,,,,
98079,New York,00:00.0,00:00.0,03/03/2017,Referral,Scooter / Motorcycle,3.7,3.7,3.7,3.7,3.7,3.7,7,7,7,7,7,7,1.91,1.91,1.91,1.91,1.91,1.91,,,,,,,,,,,,
98088,New York,00:00.0,00:00.0,28/02/2017,Organic,Bicycle,14.4,20.7,40.1,40.1,40.1,40.1,39,59,123,123,123,123,2.71,2.85,3.07,3.07,3.07,3.07,,,,,,,,,,,,
98091,New York,00:00.0,00:00.0,28/02/2017,Referral,Scooter / Motorcycle,33.6,71.2,164.2,371.1,547.5,867.9,113,230,532,1082,1623,2589,3.36,3.23,3.24,2.92,2.96,2.98,,,,,,2,,,,,,0
98099,New York,00:00.0,00:00.0,03/03/2017,Organic,Bicycle,9.1,19.3,33.5,38,38,172.3,22,44,81,93,93,455,2.41,2.27,2.42,2.45,2.45,2.64,,,1,1,1,2,,,0,0,0,1
98106,New York,00:00.0,00:00.0,28/02/2017,Organic,Bicycle,4.9,4.9,4.9,4.9,4.9,4.9,10,10,10,10,10,10,2.03,2.03,2.03,2.03,2.03,2.03,,,,,,,,,,,,
98107,New York,00:00.0,00:00.0,28/02/2017,Referral,Scooter / Motorcycle,15.3,15.3,15.3,15.3,15.3,15.3,35,35,35,35,35,35,2.28,2.28,2.28,2.28,2.28,2.28,,,,,,,,,,,,
98114,New York,00:00.0,00:00.0,27/02/2017,Organic,Bicycle,4,7.6,7.6,7.6,7.6,7.6,8,19,19,19,19,19,1.98,2.5,2.5,2.5,2.5,2.5,,,,,,,,,,,,
98120,New York,00:00.0,00:00.0,01/03/2017,Digital,Scooter / Motorcycle,5.6,26.6,26.6,26.6,32.3,91.3,11,60,60,60,76,208,1.96,2.25,2.25,2.25,2.35,2.28,,,,,,,,,,,,
98121,New York,00:00.0,00:00.0,28/02/2017,Organic,Scooter / Motorcycle,30.2,33.6,33.6,33.6,33.6,33.6,51,60,60,60,60,60,1.69,1.79,1.79,1.79,1.79,1.79,,,,,,,,,,,,
98129,New York,00:00.0,00:00.0,01/03/2017,Referral,Bicycle,22.3,38.7,47.5,57.5,96.9,187.3,57,97,122,150,216,233,2.56,2.5,2.57,2.61,2.23,1.24,,,,,,,,,,,,
98132,New York,00:00.0,00:00.0,03/03/2017,Referral,Bicycle,8.2,17.2,34.4,37.6,37.6,37.6,16,24,32,32,32,32,1.94,1.4,0.93,0.85,0.85,0.85,,,,,,,,,,,,
98133,New York,00:00.0,00:00.0,03/03/2017,Organic,Bicycle,6.2,21.5,35.1,35.1,35.1,35.1,10,25,35,35,35,35,1.6,1.16,1,1,1,1,,,,,,,,,,,,
98141,New York,00:00.0,00:00.0,28/02/2017,Digital,Bicycle,2.4,3.2,11.7,11.7,11.7,11.7,6,6,23,23,23,23,2.52,1.86,1.97,1.97,1.97,1.97,,,,,,,,,,,,
98144,New York,00:00.0,00:00.0,28/02/2017,Organic,Bicycle,9.8,9.8,23.2,26,26,26,23,23,40,42,42,42,2.36,2.36,1.72,1.62,1.62,1.62,,,,,,,,,,,,
98147,New York,00:00.0,00:00.0,27/02/2017,Organic,Bicycle,0.3,0.3,0.3,0.3,0.3,0.3,0,0,0,0,0,0,0,0,0,0,0,0,,,,,,,,,,,,
98149,New York,00:00.0,00:00.0,01/03/2017,Digital,Bicycle,7,8.3,8.3,8.3,8.3,8.3,22,27,27,27,27,27,3.13,3.27,3.27,3.27,3.27,3.27,,,,,,,,,,,,
98167,New York,00:00.0,00:00.0,28/02/2017,Digital,Bicycle,17.9,29.7,61.5,99,130.5,152.9,32,48,103,169,216,241,1.78,1.62,1.68,1.71,1.65,1.58,,,,,,3,,,,,,0
98169,New York,00:00.0,00:00.0,28/02/2017,Organic,Bicycle,10.7,16.7,30.5,30.5,30.5,73.9,23,33,63,63,63,138,2.15,1.98,2.06,2.06,2.06,1.87,,,,,,,,,,,,
98170,New York,00:00.0,00:00.0,03/03/2017,Referral,Scooter / Motorcycle,31.8,48.7,81.5,107.5,107.5,153.9,79,121,193,253,253,364,2.49,2.49,2.37,2.35,2.35,2.36,,,3,3,3,5,,,0,0,0,1
98210,Rio de Janeiro,00:00.0,00:00.0,01/03/2017,Organic,Bicycle,22.2,26.3,26.3,42,44.7,44.7,34,40,40,71,73,73,1.53,1.52,1.52,1.69,1.63,1.63,1,1,1,1,1,1,0,0,0,0,1,1
98213,Rio de Janeiro,00:00.0,00:00.0,15/03/2017,Referral,Bicycle,18.6,24.7,61,93.1,120.4,195.9,39,54,129,210,249,352,2.09,2.19,2.11,2.26,2.07,1.8,,,1,2,2,2,,,0,0,0,0
98214,Rio de Janeiro,00:00.0,00:00.0,09/03/2017,Referral,Bicycle,40.1,87.7,194.4,420.1,487.4,646.8,116,263,589,1311,1482,2038,2.89,3,3.03,3.12,3.04,3.15,,,1,4,9,24,,,0,0,0,3
98216,Rio de Janeiro,00:00.0,00:00.0,02/03/2017,Organic,Bicycle,7.1,9.1,53.3,143.5,174.1,205.3,18,24,159,402,482,570,2.54,2.64,2.98,2.8,2.77,2.78,,,,,,,,,,,,
98234,New York,00:00.0,00:00.0,04/03/2017,Offline,Bicycle,21.9,31.4,59.5,59.5,70.7,108.9,55,84,172,172,191,260,2.52,2.68,2.89,2.89,2.7,2.39,,,,,,,,,,,,
98240,New York,00:00.0,00:00.0,02/03/2017,Organic,Bicycle,5.6,5.6,5.6,5.6,5.6,5.6,14,14,14,14,14,14,2.49,2.49,2.49,2.49,2.49,2.49,,,,,,,,,,,,
98247,Rio de Janeiro,00:00.0,00:00.0,02/03/2017,Organic,Bicycle,9.3,15.2,36.8,36.8,36.8,36.8,16,27,82,82,82,82,1.72,1.77,2.23,2.23,2.23,2.23,,,,,,,,,,,,
98250,New York,00:00.0,00:00.0,02/03/2017,Digital,Bicycle,18.9,29.2,46.5,53.1,74.8,74.8,34,56,89,101,136,136,1.8,1.91,1.91,1.9,1.82,1.82,,,,,,,,,,,,
98251,New York,00:00.0,00:00.0,01/03/2017,Referral,Bicycle,19.7,19.7,19.7,19.7,19.7,19.7,42,42,42,42,42,42,2.13,2.13,2.13,2.13,2.13,2.13,,,,,,,,,,,,
98256,New York,00:00.0,00:00.0,02/03/2017,Offline,Bicycle,18.6,18.6,23.2,32,32,32,50,50,65,88,88,88,2.68,2.68,2.81,2.75,2.75,2.75,,,,,,,,,,,,
98266,New York,00:00.0,00:00.0,02/03/2017,Offline,Bicycle,6.9,6.9,21.3,43.8,43.8,51.4,10,10,34,67,67,72,1.45,1.45,1.6,1.53,1.53,1.4,,,,,,,,,,,,
98274,New York,00:00.0,00:00.0,01/03/2017,Referral,Bicycle,3.2,3.3,3.3,3.3,3.3,3.3,3,3,3,3,3,3,0.94,0.92,0.92,0.92,0.92,0.92,,,,,,,,,,,,
98302,New York,00:00.0,00:00.0,01/03/2017,Offline,Scooter / Motorcycle,45.1,76.6,112,114.6,148.7,371.7,131,196,275,279,327,734,2.9,2.56,2.45,2.43,2.2,1.97,1,1,1,1,1,3,0,0,0,1,1,2
98325,New York,00:00.0,00:00.0,01/03/2017,Referral,Scooter / Motorcycle,41.5,77.7,140,418.3,770.1,1413.6,119,233,423,1138,2091,3795,2.87,3,3.02,2.72,2.72,2.68,,,1,1,1,6,,,0,1,1,4
98329,New York,00:00.0,00:00.0,28/02/2017,Referral,Scooter / Motorcycle,38.1,62.3,99.2,127.1,134.7,134.7,60,106,181,235,250,250,1.57,1.7,1.82,1.85,1.86,1.86,,,,,,,,,,,,
98334,New York,00:00.0,00:00.0,05/03/2017,Offline,Bicycle,20.6,28.5,28.5,28.5,28.5,28.5,47,65,65,65,65,65,2.28,2.28,2.28,2.28,2.28,2.28,,,,,,,,,,,,
98335,New York,00:00.0,00:00.0,01/03/2017,Referral,Bicycle,16.2,28.1,28.1,28.1,28.1,28.1,32,58,58,58,58,58,1.97,2.06,2.06,2.06,2.06,2.06,,,,,,,,,,,,
98336,New York,00:00.0,00:00.0,02/03/2017,Organic,Bicycle,13.7,13.7,29,29,29,29,40,40,77,77,77,77,2.92,2.92,2.65,2.65,2.65,2.65,,,,2,2,2,,,,0,0,0
98337,New York,00:00.0,00:00.0,16/03/2017,Organic,Bicycle,15.9,31.7,53.2,97.1,141.4,266.7,37,76,130,254,375,768,2.33,2.4,2.44,2.62,2.65,2.88,,,,,,,,,,,,
98340,New York,00:00.0,00:00.0,04/03/2017,Referral,Bicycle,24.3,47,102.2,129.3,129.3,129.3,9,28,54,66,66,66,0.37,0.6,0.53,0.51,0.51,0.51,,,,,,,,,,,,
98343,New York,00:00.0,00:00.0,02/03/2017,Organic,Bicycle,12.1,27.6,35.6,43.7,43.7,43.7,37,76,94,113,113,113,3.07,2.75,2.64,2.59,2.59,2.59,,,,,1,1,,,,,0,1
98346,New York,00:00.0,00:00.0,03/03/2017,Organic,Bicycle,21.7,26.3,38.5,65.7,73.6,161.8,39,46,66,114,131,303,1.79,1.75,1.71,1.74,1.78,1.87,,,,,,,,,,,,
98348,New York,00:00.0,00:00.0,28/02/2017,Referral,Scooter / Motorcycle,16.4,26.5,35.2,67.9,67.9,67.9,24,38,53,103,103,103,1.47,1.43,1.5,1.52,1.52,1.52,,,,,,1,,,,,,0
98350,New York,00:00.0,00:00.0,02/03/2017,Digital,Bicycle,4.1,4.1,4.1,4.1,4.1,4.1,6,6,6,6,6,6,1.48,1.48,1.48,1.48,1.48,1.48,,,,,,,,,,,,
98351,New York,00:00.0,00:00.0,02/03/2017,Organic,Bicycle,23.7,36.7,44.1,62,80.7,80.7,44,58,72,107,133,133,1.86,1.58,1.63,1.73,1.65,1.65,,,,,,,,,,,,
98352,New York,00:00.0,00:00.0,07/03/2017,Offline,Bicycle,4.3,4.3,4.3,4.3,4.3,4.3,4,4,4,4,4,4,0.94,0.94,0.94,0.94,0.94,0.94,,,,,,,,,,,,
98366,New York,00:00.0,00:00.0,01/03/2017,Organic,Scooter / Motorcycle,21.5,37.8,72.2,132.6,165.3,492.9,55,103,199,361,443,1384,2.56,2.73,2.75,2.72,2.68,2.81,,,,,1,8,,,,,0,4
98367,New York,00:00.0,00:00.0,01/03/2017,Organic,Scooter / Motorcycle,56.5,97.7,126.6,126.6,126.6,126.6,95,162,216,216,216,216,1.68,1.66,1.71,1.71,1.71,1.71,,,,,,,,,,,,
98368,New York,00:00.0,00:00.0,01/03/2017,Referral,Bicycle,7.7,18.5,44.2,72.4,72.5,89.4,16,47,118,201,201,246,2.08,2.54,2.67,2.78,2.77,2.75,,,,,,,,,,,,
98369,New York,00:00.0,00:00.0,03/03/2017,Organic,Bicycle,20.8,35.4,73.3,90,145.1,216.4,47,86,191,224,365,533,2.26,2.43,2.6,2.49,2.52,2.46,,,,,,,,,,,,
98370,New York,00:00.0,00:00.0,03/03/2017,Organic,Bicycle,25.7,45,74.8,130.2,183.7,293.5,54,104,177,310,462,734,2.1,2.31,2.37,2.38,2.52,2.5,,,2,4,4,5,,,0,1,1,2
98372,New York,00:00.0,00:00.0,01/03/2017,Referral,Bicycle,7.5,13.2,16.3,26.8,26.8,44.1,13,26,30,51,51,95,1.74,1.97,1.84,1.9,1.9,2.16,,,,,,1,,,,,,0
98373,New York,00:00.0,00:00.0,02/03/2017,Organic,Scooter / Motorcycle,44.7,81.4,141.4,254.3,332.7,500.4,82,169,305,554,717,976,1.83,2.08,2.16,2.18,2.16,1.95,,,,,,,,,,,,
98374,New York,00:00.0,00:00.0,05/03/2017,Referral,Scooter / Motorcycle,2.5,5.3,9.5,9.5,10.9,10.9,9,15,26,26,28,28,3.57,2.84,2.75,2.75,2.58,2.58,,,,,,,,,,,,
98378,New York,00:00.0,00:00.0,02/03/2017,Digital,Bicycle,13.5,24.7,47.4,98.7,106.1,154.4,34,63,122,231,240,343,2.52,2.55,2.58,2.34,2.26,2.22,,,,,,,,,,,,
98379,New York,00:00.0,00:00.0,05/03/2017,Organic,Bicycle,14.3,14.3,14.3,14.3,14.3,14.3,23,23,23,23,23,23,1.6,1.6,1.6,1.6,1.6,1.6,,,,,,,,,,,,
98382,New York,00:00.0,00:00.0,06/03/2017,Digital,Scooter / Motorcycle,2.7,30.5,94.5,207,207,225.8,2,57,177,426,426,462,0.73,1.87,1.87,2.06,2.06,2.05,,,,,,3,,,,,,0
98391,New York,00:00.0,00:00.0,01/03/2017,Referral,Bicycle,19.1,19.1,19.1,19.1,19.1,19.1,37,37,37,37,37,37,1.94,1.94,1.94,1.94,1.94,1.94,,,,,,,,,,,,
98396,New York,00:00.0,00:00.0,02/03/2017,Referral,Bicycle,7.7,10.7,10.7,10.7,64.5,506.5,12,20,20,20,114,1035,1.56,1.87,1.87,1.87,1.77,2.04,,,,,,1,,,,,,1
98401,New York,00:00.0,00:00.0,12/03/2017,Referral,Bicycle,14.1,14.1,14.1,14.1,14.1,14.1,41,41,41,41,41,41,2.91,2.91,2.91,2.91,2.91,2.91,,,,,,,,,,,,
98403,New York,00:00.0,00:00.0,02/03/2017,Referral,Bicycle,11.3,17.7,23.8,23.8,23.8,23.8,24,31,40,40,40,40,2.12,1.75,1.68,1.68,1.68,1.68,,,,,,,,,,,,
98454,New York,00:00.0,00:00.0,02/03/2017,Referral,Bicycle,4,6.5,16.9,29.9,29.9,31.9,4,7,12,21,21,25,1,1.08,0.71,0.7,0.7,0.78,,,,,,,,,,,,
98457,New York,00:00.0,00:00.0,02/03/2017,Digital,Bicycle,27.4,27.4,27.4,29.7,29.7,29.7,52,52,52,55,55,55,1.9,1.9,1.9,1.85,1.85,1.85,,,,,,,,,,,,
98458,New York,00:00.0,00:00.0,02/03/2017,Organic,Bicycle,7.8,18.1,26.8,39,39,39,19,47,73,111,111,111,2.45,2.6,2.72,2.84,2.84,2.84,,,,,,,,,,,,
98461,New York,00:00.0,00:00.0,01/03/2017,Organic,Bicycle,6.4,6.5,6.5,6.5,6.5,6.5,14,14,14,14,14,14,2.18,2.15,2.15,2.15,2.15,2.15,,,,,,,,,,,,
98462,New York,00:00.0,00:00.0,05/03/2017,Referral,Scooter / Motorcycle,72.4,80,80,80,80,80,90,93,93,93,93,93,1.24,1.16,1.16,1.16,1.16,1.16,,,,,,,,,,,,
98465,New York,00:00.0,00:00.0,03/03/2017,Digital,Bicycle,4,4,6.2,6.2,6.2,6.2,6,6,10,10,10,10,1.51,1.51,1.61,1.61,1.61,1.61,,,,,,,,,,,,
98467,New York,00:00.0,00:00.0,02/03/2017,Digital,Bicycle,14.7,18.3,27.9,31.1,31.1,31.1,31,39,69,74,74,74,2.11,2.13,2.47,2.38,2.38,2.38,,,,,,,,,,,,
98468,New York,00:00.0,00:00.0,01/03/2017,Digital,Bicycle,27.8,45.1,96.8,262.4,358.6,516.7,71,133,247,649,962,1406,2.55,2.95,2.55,2.47,2.68,2.72,,,,,,,,,,,,
98469,New York,00:00.0,00:00.0,04/03/2017,Digital,Bicycle,11.9,16.5,32.4,44.2,62.7,95.8,29,42,85,112,157,233,2.44,2.55,2.62,2.53,2.5,2.43,,,,,,,,,,,,
98470,New York,00:00.0,00:00.0,04/03/2017,Referral,Bicycle,17.9,25.1,55.5,93.9,97.5,204.2,35,47,96,159,164,222,1.95,1.87,1.73,1.69,1.68,1.09,,,,,,2,,,,,,0
98479,New York,00:00.0,00:00.0,07/03/2017,Referral,Bicycle,9.4,12.8,16.6,16.6,16.6,16.6,22,30,37,37,37,37,2.34,2.35,2.23,2.23,2.23,2.23,,,,,,,,,,,,
98480,New York,00:00.0,00:00.0,01/03/2017,Offline,Bicycle,27.6,45.3,63.9,63.9,63.9,69.2,75,129,180,180,180,198,2.72,2.85,2.82,2.82,2.82,2.86,,,,,,,,,,,,
98481,New York,00:00.0,00:00.0,02/03/2017,Organic,Bicycle,10.7,19.1,29.4,38.4,38.4,44.4,32,51,69,95,95,104,3,2.67,2.35,2.47,2.47,2.34,,,,,,,,,,,,
98483,New York,00:00.0,00:00.0,01/03/2017,Organic,Bicycle,15.8,24.1,34.7,65,66,91.7,28,40,54,105,107,160,1.77,1.66,1.55,1.62,1.62,1.74,,,,,,,,,,,,
98566,New York,00:00.0,00:00.0,05/03/2017,Digital,Bicycle,13.1,21.2,34.2,74.3,91,98.3,39,68,98,200,237,246,2.97,3.21,2.87,2.69,2.6,2.5,,,,,,,,,,,,
98591,New York,00:00.0,00:00.0,04/03/2017,Organic,Scooter / Motorcycle,42,52.5,52.5,52.5,52.5,61.2,114,140,140,140,140,157,2.72,2.67,2.67,2.67,2.67,2.56,,,,,,,,,,,,
98592,New York,00:00.0,00:00.0,04/03/2017,Digital,Bicycle,19,24.3,25.1,25.1,25.1,25.1,26,33,33,33,33,33,1.37,1.36,1.32,1.32,1.32,1.32,,,,,,,,,,,,
98593,New York,00:00.0,00:00.0,04/03/2017,Referral,Bicycle,52.8,123.6,163.7,163.7,163.7,163.7,118,292,380,380,380,380,2.24,2.36,2.32,2.32,2.32,2.32,1,1,2,2,2,2,0,0,0,0,0,0
98595,New York,00:00.0,00:00.0,05/03/2017,Offline,Scooter / Motorcycle,41.5,74.9,74.9,74.9,74.9,74.9,101,201,201,201,201,201,2.44,2.68,2.68,2.68,2.68,2.68,,,,,,,,,,,,
98596,New York,00:00.0,00:00.0,04/03/2017,Organic,Bicycle,9.8,9.8,9.8,9.8,9.8,9.8,11,11,11,11,11,11,1.12,1.12,1.12,1.12,1.12,1.12,,,,,,,,,,,,
98598,New York,00:00.0,00:00.0,07/03/2017,Referral,Bicycle,8.1,16.3,22,22,22,22,12,32,44,44,44,44,1.47,1.97,2,2,2,2,,,,,,,,,,,,
98600,New York,00:00.0,00:00.0,04/03/2017,Referral,Bicycle,7.1,15.8,20.4,22.2,23.3,23.3,19,45,59,63,67,67,2.67,2.85,2.89,2.83,2.87,2.87,,,,,,1,,,,,,0
98602,New York,00:00.0,00:00.0,04/03/2017,Referral,Scooter / Motorcycle,17.8,32,42.8,42.8,42.8,201.8,32,55,70,70,70,550,1.8,1.72,1.63,1.63,1.63,2.73,,,,,,3,,,,,,2
98603,New York,00:00.0,00:00.0,04/03/2017,Organic,Bicycle,2.9,13.6,30.1,38.7,38.7,38.7,6,28,62,83,83,83,2.04,2.06,2.06,2.15,2.15,2.15,,,,,,,,,,,,
98605,New York,00:00.0,00:00.0,03/03/2017,Digital,Bicycle,23.3,41.6,60.2,60.2,60.2,60.2,75,123,186,186,186,186,3.21,2.95,3.09,3.09,3.09,3.09,,,,,,,,,,,,
98608,New York,00:00.0,00:00.0,05/03/2017,Organic,Bicycle,30.1,47.3,80.7,136,177.7,266.6,54,89,155,275,365,535,1.79,1.88,1.92,2.02,2.05,2.01,,,,,,,,,,,,
98609,New York,00:00.0,00:00.0,04/03/2017,Digital,Scooter / Motorcycle,89.5,167.6,326.2,616.8,904,1222,205,423,841,1735,2730,3424,2.29,2.52,2.58,2.81,3.02,2.8,,,,,,,,,,,,
98610,Rio de Janeiro,00:00.0,00:00.0,05/03/2017,Organic,Bicycle,21.3,28.8,33.1,33.1,33.1,33.1,48,66,78,78,78,78,2.25,2.29,2.35,2.35,2.35,2.35,,,,,,,,,,,,
98611,Rio de Janeiro,00:00.0,00:00.0,16/03/2017,Organic,Bicycle,11.8,32.8,43,71.2,71.2,71.2,21,70,93,160,160,160,1.79,2.14,2.16,2.25,2.25,2.25,,,,,,,,,,,,
98612,Rio de Janeiro,00:00.0,00:00.0,07/03/2017,Organic,Bicycle,33.3,33.3,33.3,33.3,33.3,33.3,53,53,53,53,53,53,1.59,1.59,1.59,1.59,1.59,1.59,,,,,,,,,,,,
98614,New York,00:00.0,00:00.0,05/03/2017,Referral,Scooter / Motorcycle,15.7,15.7,15.7,15.7,15.7,15.7,40,40,40,40,40,40,2.55,2.55,2.55,2.55,2.55,2.55,,,,,,,,,,,,
98615,New York,00:00.0,00:00.0,14/03/2017,Referral,Scooter / Motorcycle,37.9,69.1,101.4,115.8,145.4,149.5,95,168,254,289,380,389,2.51,2.43,2.5,2.5,2.61,2.6,1,1,1,1,2,6,0,0,0,0,1,4
98616,Rio de Janeiro,00:00.0,00:00.0,07/03/2017,Organic,Bicycle,10.7,10.7,10.7,10.7,10.7,10.7,14,14,14,14,14,14,1.31,1.31,1.31,1.31,1.31,1.31,,,,,,,,,,,,
98620,Rio de Janeiro,00:00.0,00:00.0,06/03/2017,Organic,Bicycle,10.2,21.1,56.5,116.9,174.8,175.8,15,45,127,273,423,426,1.48,2.13,2.25,2.33,2.42,2.42,,,1,1,1,1,,,0,0,0,0
98621,Rio de Janeiro,00:00.0,00:00.0,13/03/2017,Organic,Bicycle,47.3,89.7,152.1,289.1,389.9,611.8,125,231,404,856,1187,1819,2.64,2.58,2.66,2.96,3.04,2.97,,,,,,,,,,,,
98623,Rio de Janeiro,00:00.0,00:00.0,09/03/2017,Organic,Bicycle,6.3,7.8,18.8,66.8,66.8,119.2,12,16,47,171,171,317,1.91,2.05,2.51,2.56,2.56,2.66,,,,,,,,,,,,
98626,Rio de Janeiro,00:00.0,00:00.0,07/03/2017,Organic,Bicycle,12.8,16,32,37.9,40,40,14,20,47,54,58,58,1.1,1.25,1.47,1.42,1.45,1.45,,,,,,,,,,,,
98628,Rio de Janeiro,00:00.0,00:00.0,04/03/2017,Organic,Bicycle,21.2,45.3,84.2,189.9,200.2,369,67,147,269,661,696,1254,3.16,3.24,3.19,3.48,3.48,3.4,,,,,,,,,,,,
98630,New York,00:00.0,00:00.0,19/03/2017,Organic,Bicycle,12.1,15.4,18.3,18.3,18.3,34.5,26,33,39,39,39,53,2.14,2.15,2.13,2.13,2.13,1.54,,,,,,,,,,,,
98632,New York,00:00.0,00:00.0,03/03/2017,Referral,Bicycle,15.7,15.7,15.7,15.7,23.6,23.6,11,11,11,11,23,23,0.7,0.7,0.7,0.7,0.97,0.97,,,,,,,,,,,,
98638,New York,00:00.0,00:00.0,09/03/2017,Referral,Bicycle,24.6,24.6,24.6,24.6,24.6,24.6,69,69,69,69,69,69,2.8,2.8,2.8,2.8,2.8,2.8,,,1,2,2,3,,,0,0,0,1
98640,New York,00:00.0,00:00.0,08/03/2017,Offline,Bicycle,13,16.7,19.2,19.2,19.2,19.2,20,28,33,33,33,33,1.54,1.68,1.72,1.72,1.72,1.72,,,,,,,,,,,,
98646,New York,00:00.0,00:00.0,04/03/2017,Digital,Bicycle,12,12,47,50.4,50.4,50.4,4,4,23,23,23,23,0.33,0.33,0.49,0.46,0.46,0.46,,,,,,,,,,,,
98649,New York,00:00.0,00:00.0,05/03/2017,Digital,Bicycle,6.5,6.5,6.5,6.5,6.5,9.1,9,9,9,9,9,12,1.38,1.38,1.38,1.38,1.38,1.32,,,,,,,,,,,,
98650,New York,00:00.0,00:00.0,04/03/2017,Referral,Bicycle,42.8,77.3,152.5,301.5,461,894.4,97,167,311,557,787,1535,2.27,2.16,2.04,1.85,1.71,1.72,,,,,,,,,,,,
98652,New York,00:00.0,00:00.0,06/03/2017,Organic,Bicycle,21.4,32.1,51.4,66.7,75.8,89.2,51,70,98,131,148,177,2.38,2.18,1.91,1.96,1.95,1.98,,,1,3,3,3,,,0,0,0,0
98656,New York,00:00.0,00:00.0,06/03/2017,Offline,Bicycle,8.8,17.6,28.9,34.6,34.6,34.6,10,20,33,39,39,39,1.13,1.14,1.14,1.13,1.13,1.13,,,,,,,,,,,,
98661,New York,00:00.0,00:00.0,04/03/2017,Organic,Bicycle,29.6,42.1,42.1,76.4,97.4,97.4,64,84,84,155,194,194,2.16,1.99,1.99,2.03,1.99,1.99,,,,,,,,,,,,
98664,New York,00:00.0,00:00.0,04/03/2017,Referral,Scooter / Motorcycle,44.1,59.3,107.6,208.1,310.5,373,109,148,259,550,820,960,2.47,2.5,2.41,2.64,2.64,2.57,,,,,,2,,,,,,1
98665,New York,00:00.0,00:00.0,05/03/2017,Organic,Bicycle,31.1,58.1,99.6,171.2,200.8,233.9,77,127,212,378,463,552,2.48,2.18,2.13,2.21,2.31,2.36,,,,,,,,,,,,
98666,New York,00:00.0,00:00.0,03/03/2017,Organic,Bicycle,19.1,21.1,41.3,108.2,203.2,295.5,34,38,88,250,451,719,1.78,1.8,2.13,2.31,2.22,2.43,,,,,,,,,,,,
98667,New York,00:00.0,00:00.0,04/03/2017,Referral,Bicycle,16.1,35.6,72.6,130.7,180.7,183.9,36,74,147,273,380,380,2.24,2.08,2.02,2.09,2.1,2.07,,,,1,1,1,,,,0,0,0
98670,New York,00:00.0,00:00.0,04/03/2017,Digital,Bicycle,23,39.3,62.7,113.3,116.2,116.2,48,84,112,163,163,163,2.08,2.14,1.79,1.44,1.4,1.4,,,,,,,,,,,,
98673,New York,00:00.0,00:00.0,04/03/2017,Digital,Bicycle,23.2,43,74.6,153.4,334.9,938,66,129,227,420,832,2126,2.85,3,3.04,2.74,2.48,2.27,,,,,,,,,,,,
98674,New York,00:00.0,00:00.0,13/03/2017,Organic,Bicycle,12.7,21.9,32.5,66.6,86.7,197.3,34,58,92,160,177,280,2.68,2.65,2.83,2.4,2.04,1.42,,,,,,,,,,,,
98678,New York,00:00.0,00:00.0,05/03/2017,Referral,Scooter / Motorcycle,37.7,66.1,118.9,244,401.2,954.6,102,188,323,614,1044,2484,2.7,2.85,2.72,2.52,2.6,2.6,,,,2,2,2,,,,0,0,0
98679,New York,00:00.0,00:00.0,05/03/2017,Organic,Bicycle,9.5,34.5,42.9,42.9,42.9,42.9,9,55,69,69,69,69,0.95,1.59,1.61,1.61,1.61,1.61,,,,,,,,,,,,
98755,New York,00:00.0,00:00.0,04/03/2017,Referral,Bicycle,17.1,25.8,44.6,44.6,44.6,69.6,43,57,89,89,89,153,2.51,2.21,2,2,2,2.2,,,,,,,,,,,,
98756,New York,00:00.0,00:00.0,05/03/2017,Digital,Scooter / Motorcycle,65.4,112.1,172.2,276,370.2,370.2,85,129,203,302,378,378,1.3,1.15,1.18,1.09,1.02,1.02,,,,,,,,,,,,
98758,New York,00:00.0,00:00.0,06/03/2017,Referral,Bicycle,15,15,15,15,15,15,37,37,37,37,37,37,2.46,2.46,2.46,2.46,2.46,2.46,,,,,,,,,,,,
98761,New York,00:00.0,00:00.0,11/03/2017,Organic,Bicycle,14.1,14.1,14.1,14.1,14.1,40.8,36,36,36,36,36,87,2.56,2.56,2.56,2.56,2.56,2.13,,,,,,,,,,,,
98766,New York,00:00.0,00:00.0,07/03/2017,Organic,Bicycle,14,24,46.5,89.2,121.9,223.9,35,65,123,253,350,690,2.51,2.7,2.65,2.84,2.87,3.08,,,,,,,,,,,,
98777,New York,,,05/03/2017,Referral,Scooter / Motorcycle,54.3,96.8,184.8,362.3,535,1046.2,153,285,568,1177,1750,3334,2.82,2.94,3.07,3.25,3.27,3.19,,,,,,,,,,,,
98782,New York,00:00.0,00:00.0,04/03/2017,Organic,Bicycle,6.8,6.8,6.8,6.8,6.8,6.8,9,9,9,9,9,9,1.32,1.32,1.32,1.32,1.32,1.32,,,,,,,,,,,,
98788,New York,00:00.0,00:00.0,07/03/2017,Organic,Bicycle,7.7,19.1,23.2,33.7,33.7,41.7,19,40,48,59,59,66,2.45,2.1,2.07,1.75,1.75,1.58,,,,,,,,,,,,
98791,New York,00:00.0,00:00.0,05/03/2017,Organic,Bicycle,22.3,25.4,25.4,25.4,25.4,25.4,55,63,63,63,63,63,2.47,2.48,2.48,2.48,2.48,2.48,,,,,,,,,,,,
98793,New York,00:00.0,00:00.0,04/03/2017,Organic,Bicycle,13.4,13.4,15.6,27.3,27.3,27.3,33,33,38,65,65,65,2.46,2.46,2.43,2.38,2.38,2.38,,,,,,,,,,,,
98794,New York,00:00.0,00:00.0,06/03/2017,Organic,Bicycle,21.5,40.9,74.1,121.3,145.2,157.8,42,80,126,216,287,315,1.96,1.96,1.7,1.78,1.98,2,1,1,2,2,2,2,0,1,1,1,1,1
98795,New York,00:00.0,00:00.0,05/03/2017,Organic,Bicycle,12.1,16.3,19.2,23.2,26.3,26.3,30,40,47,58,67,67,2.48,2.45,2.45,2.5,2.55,2.55,,,,1,1,2,,,,0,0,0
98796,New York,00:00.0,00:00.0,06/03/2017,Digital,Bicycle,24.6,47.2,97,125.7,125.7,125.7,19,41,63,82,82,82,0.77,0.87,0.65,0.65,0.65,0.65,,,,,,,,,,,,
98797,New York,00:00.0,00:00.0,06/03/2017,Referral,Scooter / Motorcycle,44.2,48.7,64.4,183.5,322.2,805,95,102,135,403,733,1943,2.15,2.09,2.1,2.2,2.28,2.41,1,1,1,2,2,2,0,0,0,0,2,2
98799,New York,00:00.0,00:00.0,05/03/2017,Organic,Bicycle,30.4,47.6,102.7,208.5,266.7,266.7,57,91,199,392,509,509,1.88,1.91,1.94,1.88,1.91,1.91,,,,,,,,,,,,
98800,New York,00:00.0,00:00.0,06/03/2017,Referral,Scooter / Motorcycle,19.2,34,51.8,81,148.7,148.9,49,92,129,215,397,397,2.56,2.71,2.49,2.65,2.67,2.67,1,1,2,3,3,3,0,1,1,1,2,2
98801,Rio de Janeiro,00:00.0,00:00.0,04/03/2017,Digital,Bicycle,18.8,26.4,65.9,87.9,94,94,33,43,111,152,163,163,1.75,1.63,1.68,1.73,1.73,1.73,,,,,,,,,,,,
98802,New York,00:00.0,00:00.0,04/03/2017,Referral,Scooter / Motorcycle,45.1,74.7,132.6,223.3,347,876.8,112,184,316,526,813,2002,2.48,2.46,2.38,2.36,2.34,2.28,,,,,,,,,,,,
98803,New York,00:00.0,00:00.0,09/03/2017,Referral,Bicycle,17.8,19.8,19.8,19.8,19.8,19.8,47,51,51,51,51,51,2.64,2.58,2.58,2.58,2.58,2.58,,,,2,2,2,,,,0,0,0
98805,Rio de Janeiro,00:00.0,00:00.0,09/03/2017,Organic,Bicycle,10.3,15.3,20.7,57,76.1,199.8,17,25,29,109,161,455,1.64,1.64,1.4,1.91,2.12,2.28,,,,,,,,,,,,
98807,New York,00:00.0,00:00.0,13/03/2017,Organic,Bicycle,30.7,53.6,100.5,166.2,205.6,283.4,39,63,113,165,175,185,1.27,1.18,1.12,0.99,0.85,0.65,,,,,,,,,,,,
98808,Rio de Janeiro,00:00.0,00:00.0,09/03/2017,Referral,Bicycle,6.7,12.7,25.8,38.7,38.7,38.7,8,19,43,71,71,71,1.2,1.49,1.67,1.84,1.84,1.84,,,,,,,,,,,,
98809,New York,00:00.0,00:00.0,07/03/2017,Referral,Bicycle,6.7,10.1,13.1,20.4,23.4,23.4,18,27,35,49,57,57,2.68,2.67,2.68,2.4,2.44,2.44,,,,,,1,,,,,,0
98819,New York,00:00.0,00:00.0,06/03/2017,Digital,Scooter / Motorcycle,15.3,15.6,16.2,88.9,172.1,235.7,42,42,43,231,451,635,2.74,2.69,2.66,2.6,2.62,2.69,,,,,,,,,,,,
98821,New York,00:00.0,00:00.0,06/03/2017,Organic,Bicycle,0.2,0.2,0.2,0.2,0.2,0.2,0,0,0,0,0,0,0,0,0,0,0,0,,,,,,,,,,,,
98822,Rio de Janeiro,00:00.0,00:00.0,05/03/2017,Referral,Bicycle,7.7,23.5,62.5,74.3,74.3,74.3,14,54,171,206,206,206,1.82,2.3,2.73,2.77,2.77,2.77,,,,,,,,,,,,
98833,Rio de Janeiro,00:00.0,00:00.0,09/03/2017,Organic,Bicycle,12.5,25.1,49.9,114.7,166.9,330.6,25,54,109,281,417,809,2,2.15,2.19,2.45,2.5,2.45,,,,,,4,,,,,,1
98835,Rio de Janeiro,00:00.0,00:00.0,07/03/2017,Organic,Bicycle,11.4,24.6,47.7,86,91.1,91.1,25,60,113,201,214,214,2.2,2.44,2.37,2.34,2.35,2.35,,,,,,,,,,,,
98836,New York,00:00.0,00:00.0,07/03/2017,Organic,Bicycle,3.9,9.9,9.9,9.9,9.9,9.9,4,12,12,12,12,12,1.04,1.21,1.21,1.21,1.21,1.21,,,,,,,,,,,,
98855,Rio de Janeiro,00:00.0,00:00.0,08/03/2017,Organic,Bicycle,7.8,11.1,13.1,13.1,13.1,13.1,14,19,22,22,22,22,1.79,1.72,1.68,1.68,1.68,1.68,,,,,,,,,,,,
98860,Rio de Janeiro,,,08/03/2017,Organic,Bicycle,13.3,47.8,75.4,124.5,165.6,242.5,37,135,203,330,437,633,2.79,2.82,2.69,2.65,2.64,2.61,,,,,,,,,,,,
98862,New York,00:00.0,00:00.0,05/03/2017,Referral,Scooter / Motorcycle,52.2,98.5,180.7,343.7,482.7,823.6,121,230,446,875,1243,2220,2.32,2.33,2.47,2.55,2.58,2.7,,,,,,,,,,,,
98863,New York,00:00.0,00:00.0,06/03/2017,Digital,Bicycle,12.9,20.8,25.8,25.8,25.8,25.8,28,39,49,49,49,49,2.18,1.88,1.9,1.9,1.9,1.9,,,,,,,,,,,,
98865,New York,00:00.0,00:00.0,07/03/2017,Digital,Bicycle,22.5,40.5,72.4,121.4,121.4,121.4,63,116,198,314,314,314,2.8,2.87,2.74,2.59,2.59,2.59,,,,,,,,,,,,
98869,New York,00:00.0,00:00.0,07/03/2017,Organic,Scooter / Motorcycle,19.8,33.9,63.6,184.2,319.8,611.9,58,101,193,517,892,1583,2.93,2.98,3.03,2.81,2.79,2.59,,,,,,1,,,,,,1
98876,New York,00:00.0,00:00.0,05/03/2017,Organic,Bicycle,9.1,14,22.4,23.8,25.5,25.5,14,20,20,20,20,20,1.53,1.43,0.89,0.84,0.78,0.78,,,,,,,,,,,,
98878,New York,00:00.0,00:00.0,07/03/2017,Digital,Scooter / Motorcycle,10,16.7,53.2,94.2,138.7,271.6,33,50,162,286,436,852,3.3,2.99,3.05,3.03,3.14,3.14,,,,,,,,,,,,
98880,New York,00:00.0,00:00.0,06/03/2017,Digital,Bicycle,20.4,38.6,76.1,122.6,164.7,380.5,62,117,227,362,455,969,3.04,3.03,2.98,2.95,2.76,2.55,,,1,1,1,1,,,0,0,0,0
98882,New York,00:00.0,00:00.0,06/03/2017,Organic,Scooter / Motorcycle,11.8,17.9,38,65.2,84.7,117.5,31,44,71,121,156,229,2.63,2.46,1.87,1.86,1.84,1.95,1,1,1,2,2,2,0,0,0,0,0,1
98883,New York,00:00.0,00:00.0,06/03/2017,Organic,Scooter / Motorcycle,46.2,79.7,107.3,259.2,436.8,711.4,123,209,276,677,1121,1821,2.66,2.62,2.57,2.61,2.57,2.56,,,,,,,,,,,,
98884,New York,00:00.0,00:00.0,07/03/2017,Organic,Bicycle,10.4,13.3,25.6,29.6,37.6,37.6,23,32,61,68,87,87,2.21,2.4,2.38,2.3,2.31,2.31,,,,,,,,,,,,
98885,New York,00:00.0,00:00.0,05/03/2017,Digital,Bicycle,21.3,21.3,21.3,21.3,21.3,40,47,47,47,47,47,95,2.2,2.2,2.2,2.2,2.2,2.38,,,,,,,,,,,,
98887,New York,00:00.0,00:00.0,04/03/2017,Referral,Scooter / Motorcycle,49,95.1,178.7,313.7,479,950,52,96,217,424,627,1111,1.06,1.01,1.21,1.35,1.31,1.17,,,1,1,1,1,,,0,0,0,1
98890,New York,00:00.0,00:00.0,05/03/2017,Digital,Scooter / Motorcycle,27.3,51,116,272,478.4,910.8,72,129,276,694,1262,2539,2.63,2.53,2.38,2.55,2.64,2.79,1,2,3,6,6,7,1,1,1,1,2,3
98893,New York,00:00.0,00:00.0,07/03/2017,Referral,Scooter / Motorcycle,25.8,46.1,74.1,91.3,91.3,91.3,70,120,192,243,243,243,2.72,2.6,2.59,2.66,2.66,2.66,1,1,1,1,1,1,0,0,1,1,1,1
98895,New York,00:00.0,00:00.0,07/03/2017,Digital,Bicycle,23.5,23.5,23.5,23.5,23.5,23.5,35,35,35,35,35,35,1.49,1.49,1.49,1.49,1.49,1.49,,,,,,,,,,,,
98896,New York,00:00.0,00:00.0,07/03/2017,Digital,Bicycle,11.8,15.3,29.6,47.9,54.7,61.2,32,42,84,136,157,178,2.7,2.74,2.84,2.84,2.87,2.91,,,,,,,,,,,,
98966,Cape Town,00:00.0,00:00.0,06/03/2017,Digital,Bicycle,42.4,66.9,131.4,182.2,227.2,549.5,75,125,235,350,441,1171,1.77,1.87,1.79,1.92,1.94,2.13,,,,,,,,,,,,
98974,Cape Town,00:00.0,00:00.0,05/03/2017,Organic,Bicycle,45,45,63.5,98.4,102.9,119.8,95,95,139,238,245,288,2.11,2.11,2.19,2.42,2.38,2.4,,,,,,,,,,,,
98977,Rio de Janeiro,00:00.0,00:00.0,09/03/2017,Digital,Bicycle,11.4,18.6,58.7,65.2,84.1,182.6,28,48,143,156,191,471,2.45,2.58,2.44,2.39,2.27,2.58,1,1,1,1,1,1,0,0,0,0,0,0
98980,Cape Town,00:00.0,00:00.0,05/03/2017,Organic,Bicycle,21,36.2,53.2,63.6,63.6,63.6,45,77,113,136,136,136,2.14,2.13,2.13,2.14,2.14,2.14,,,,,,,,,,,,
98981,Rio de Janeiro,00:00.0,00:00.0,30/03/2017,Organic,Bicycle,0.5,0.5,0.5,0.5,0.5,0.5,0,0,0,0,0,0,0,0,0,0,0,0,,,,,,,,,,,,
98982,Rio de Janeiro,00:00.0,00:00.0,10/03/2017,Organic,Bicycle,34.7,85.5,179,307.8,479.1,581.8,72,182,373,648,954,1133,2.08,2.13,2.08,2.11,1.99,1.95,,,,,,,,,,,,
98983,Rio de Janeiro,00:00.0,00:00.0,10/03/2017,Referral,Bicycle,15.4,27.8,57.9,122,156.6,191.7,44,78,150,308,392,472,2.86,2.8,2.59,2.52,2.5,2.46,,,,1,2,13,,,,0,0,2
98984,Rio de Janeiro,00:00.0,00:00.0,13/03/2017,Organic,Bicycle,19.6,45.6,98.7,170.5,283.4,619.5,4,24,62,106,162,724,0.2,0.53,0.63,0.62,0.57,1.17,,,,,,,,,,,,
98985,Rio de Janeiro,00:00.0,00:00.0,06/03/2017,Digital,Bicycle,6.1,16.4,28.5,110.8,145.3,176.1,9,36,59,225,301,384,1.48,2.19,2.07,2.03,2.07,2.18,,,,,,,,,,,,
98986,Rio de Janeiro,00:00.0,00:00.0,06/03/2017,Organic,Bicycle,3,5.8,15.4,80.8,172.8,469.7,6,11,27,153,322,991,2.02,1.88,1.75,1.89,1.86,2.11,,,,,,4,,,,,,0
98987,Rio de Janeiro,00:00.0,00:00.0,06/03/2017,Organic,Bicycle,14.7,27.4,49,61.6,61.6,61.6,30,57,115,146,146,146,2.04,2.08,2.35,2.37,2.37,2.37,,,,,,,,,,,,
98988,Rio de Janeiro,00:00.0,00:00.0,06/03/2017,Organic,Bicycle,22.5,45,82.5,183.2,243.2,374.8,37,81,147,341,459,694,1.65,1.8,1.78,1.86,1.89,1.85,,,,,,,,,,,,
99017,New York,00:00.0,00:00.0,05/03/2017,Referral,Bicycle,23.6,32.8,68.5,167.5,239.8,255.5,69,95,188,478,640,698,2.92,2.9,2.75,2.85,2.67,2.73,,,,,,,,,,,,
99027,Cape Town,00:00.0,00:00.0,10/03/2017,Organic,Bicycle,7.9,7.9,11.1,20,20,20,17,17,24,43,43,43,2.14,2.14,2.16,2.15,2.15,2.15,,,,,,,,,,,,
99028,New York,00:00.0,00:00.0,05/03/2017,Offline,Scooter / Motorcycle,14.6,23.9,145.7,250,290.9,434.4,47,85,440,801,949,1446,3.22,3.56,3.02,3.2,3.26,3.33,,,1,1,1,2,,,1,1,1,1
99033,New York,00:00.0,00:00.0,07/03/2017,Organic,Bicycle,8.9,12.4,31.2,51.4,70.4,73.9,12,17,46,87,124,134,1.35,1.37,1.48,1.69,1.76,1.81,,,,,,,,,,,,
99034,New York,00:00.0,00:00.0,06/03/2017,Digital,Bicycle,11.7,14.7,53.5,107,109.8,163.2,30,36,107,231,240,377,2.57,2.44,2,2.16,2.19,2.31,,,,,,,,,,,,
99043,New York,00:00.0,00:00.0,07/03/2017,Organic,Bicycle,7.1,10.3,10.3,10.3,10.3,10.3,12,19,19,19,19,19,1.7,1.85,1.85,1.85,1.85,1.85,,,,,,,,,,,,
99048,New York,00:00.0,00:00.0,07/03/2017,Referral,Scooter / Motorcycle,14.7,14.7,134.4,284.3,352.8,517.2,51,51,272,580,762,1193,3.46,3.46,2.02,2.04,2.16,2.31,,,,1,1,7,,,,0,0,1
99051,New York,00:00.0,00:00.0,06/03/2017,Organic,Bicycle,0.8,4.3,4.3,4.3,4.3,4.3,1,6,6,6,6,6,1.22,1.41,1.41,1.41,1.41,1.41,,,,,,,,,,,,
99058,New York,00:00.0,00:00.0,05/03/2017,Organic,Bicycle,25,40,40,94.7,120.7,120.7,77,119,119,265,352,352,3.08,2.97,2.97,2.8,2.92,2.92,,,,,,,,,,,,
99059,New York,00:00.0,00:00.0,08/03/2017,Referral,Scooter / Motorcycle,20.8,36.2,64.6,64.6,64.6,132.4,20,38,67,67,67,168,0.96,1.05,1.04,1.04,1.04,1.27,,,,,,,,,,,,
99060,New York,00:00.0,00:00.0,07/03/2017,Referral,Scooter / Motorcycle,20.7,55.5,108.7,343.1,621.4,1450.1,34,103,209,664,1242,2995,1.64,1.85,1.92,1.94,2,2.07,,,,,,,,,,,,
99068,New York,00:00.0,00:00.0,06/03/2017,Digital,Scooter / Motorcycle,14,83,182.8,404.1,563.3,668.1,29,227,498,1104,1541,1824,2.08,2.73,2.72,2.73,2.74,2.73,,,,,3,5,,,,,0,1
99074,New York,00:00.0,00:00.0,06/03/2017,Digital,Scooter / Motorcycle,13,21.3,25.3,25.3,29.4,33.7,32,56,67,67,79,92,2.46,2.63,2.65,2.65,2.69,2.73,,,,,,,,,,,,
99077,New York,00:00.0,00:00.0,05/03/2017,Referral,Bicycle,4.8,4.8,4.8,4.8,4.8,4.8,9,9,9,9,9,9,1.89,1.89,1.89,1.89,1.89,1.89,,,,,,,,,,,,
99082,New York,00:00.0,00:00.0,07/03/2017,Referral,Bicycle,7.3,10.7,17.1,17.1,17.1,17.1,15,22,32,32,32,32,2.06,2.05,1.87,1.87,1.87,1.87,1,1,1,1,1,1,0,0,0,0,0,0
99083,New York,00:00.0,00:00.0,06/03/2017,Digital,Bicycle,22.5,22.5,22.5,22.5,22.5,22.5,68,68,68,68,68,68,3.02,3.02,3.02,3.02,3.02,3.02,,,,,,,,,,,,
99084,New York,00:00.0,00:00.0,06/03/2017,Referral,Bicycle,38.7,72.8,75.7,75.7,75.7,112.5,118,233,243,243,243,383,3.05,3.2,3.21,3.21,3.21,3.4,,,,,,,,,,,,
99085,New York,00:00.0,00:00.0,05/03/2017,Organic,Bicycle,24.1,31.2,43,67.6,67.6,67.6,62,77,107,171,171,171,2.57,2.47,2.49,2.53,2.53,2.53,,,,,,,,,,,,
99087,New York,00:00.0,00:00.0,06/03/2017,Organic,Bicycle,10.5,14.2,24,24,24,24,13,21,39,39,39,39,1.24,1.48,1.62,1.62,1.62,1.62,,,,,,,,,,,,
99088,New York,00:00.0,00:00.0,16/03/2017,Organic,Bicycle,24.7,45.3,83.7,154.9,199.3,298.6,48,72,121,225,286,455,1.95,1.59,1.45,1.45,1.43,1.52,,,,,,,,,,,,
99089,New York,00:00.0,00:00.0,05/03/2017,Referral,Bicycle,16.9,33.6,63.3,63.3,63.3,63.3,47,91,166,166,166,166,2.78,2.71,2.62,2.62,2.62,2.62,,,,,,,,,,,,
99090,New York,00:00.0,00:00.0,07/03/2017,Organic,Bicycle,12.4,18.8,32.8,32.8,32.8,37.4,35,57,92,92,92,104,2.81,3.04,2.81,2.81,2.81,2.78,,,,,,,,,,,,
99103,New York,00:00.0,00:00.0,07/03/2017,Referral,Scooter / Motorcycle,38.2,66.9,86,86,86,86,82,143,180,180,180,180,2.15,2.14,2.09,2.09,2.09,2.09,,,,1,1,1,,,,0,0,0
99108,New York,00:00.0,00:00.0,06/03/2017,Organic,Bicycle,11.3,21.1,27.8,29.9,29.9,29.9,28,55,76,81,81,81,2.48,2.61,2.73,2.71,2.71,2.71,1,1,1,1,1,1,0,0,0,0,0,0
99113,Rio de Janeiro,00:00.0,00:00.0,13/03/2017,Digital,Bicycle,20.9,31.2,49.4,57.4,60.5,60.5,34,49,85,100,110,110,1.63,1.57,1.72,1.74,1.82,1.82,,,,,,,,,,,,
99116,Rio de Janeiro,00:00.0,00:00.0,26/03/2017,Organic,Bicycle,4.2,6.6,13.1,23.2,23.2,23.2,10,17,35,58,58,58,2.36,2.59,2.68,2.5,2.5,2.5,,,,,,,,,,,,
99117,Rio de Janeiro,00:00.0,00:00.0,05/03/2017,Organic,Bicycle,11.1,20.9,32.6,50.1,101.3,144.1,23,46,75,119,221,333,2.06,2.21,2.3,2.38,2.18,2.31,,,,,,,,,,,,
99119,Rio de Janeiro,00:00.0,00:00.0,07/03/2017,Organic,Bicycle,13.9,25.2,31.5,38.8,38.8,48.7,28,55,73,89,89,116,2.01,2.18,2.31,2.3,2.3,2.38,,,,,,,,,,,,
99120,Rio de Janeiro,00:00.0,00:00.0,06/03/2017,Organic,Bicycle,10.5,28.8,69,111.6,150.1,177.3,23,64,167,294,381,448,2.18,2.22,2.42,2.63,2.54,2.53,,,,,,,,,,,,
99122,New York,00:00.0,00:00.0,08/03/2017,Referral,Scooter / Motorcycle,7.3,16,33.2,166.3,276.8,360.8,13,34,76,409,703,955,1.78,2.12,2.29,2.46,2.54,2.65,,,,,,,,,,,,
99124,Rio de Janeiro,00:00.0,00:00.0,06/03/2017,Organic,Bicycle,14.9,34,66.3,159.9,231.9,432.5,41,94,203,519,730,1348,2.75,2.77,3.06,3.25,3.15,3.12,,,,1,2,2,,,,0,0,1
99132,Rio de Janeiro,00:00.0,00:00.0,05/03/2017,Organic,Bicycle,24.2,45.8,88.5,167.2,244.3,366.8,44,84,179,347,505,784,1.82,1.83,2.02,2.08,2.07,2.14,,,,,,7,,,,,,1
99135,Rio de Janeiro,00:00.0,00:00.0,05/03/2017,Organic,Bicycle,12,24,49,96.9,116.4,162.2,32,68,139,264,301,424,2.67,2.83,2.84,2.72,2.59,2.61,,,,,,,,,,,,
99137,New York,00:00.0,00:00.0,07/03/2017,Referral,Bicycle,4.7,4.7,4.7,4.7,4.7,4.7,5,5,5,5,5,5,1.06,1.06,1.06,1.06,1.06,1.06,,1,1,1,1,1,,0,0,0,0,0
99138,Rio de Janeiro,,,08/03/2017,Unknown,Bicycle,21.1,51,110.5,165,217.3,313.7,56,124,278,430,515,778,2.65,2.43,2.52,2.61,2.37,2.48,,1,1,1,1,1,,0,0,0,0,0
99151,New York,00:00.0,00:00.0,12/03/2017,Referral,Scooter / Motorcycle,43.8,81.9,148.9,227.4,236.3,236.3,90,173,312,483,507,507,2.05,2.11,2.1,2.12,2.15,2.15,,,,,,,,,,,,
99176,Rio de Janeiro,00:00.0,00:00.0,05/03/2017,Organic,Bicycle,29.6,64.1,133.6,148.5,148.5,148.5,77,171,369,411,411,411,2.6,2.67,2.76,2.77,2.77,2.77,,,,,,,,,,,,
99180,New York,00:00.0,00:00.0,09/03/2017,Offline,Bicycle,0.3,0.3,0.3,0.3,0.3,0.3,0,0,0,0,0,0,0,0,0,0,0,0,,,,,,,,,,,,
99181,New York,00:00.0,00:00.0,07/03/2017,Referral,Bicycle,12,16.1,36,93.7,100.8,294.4,30,41,87,221,233,549,2.49,2.55,2.42,2.36,2.31,1.86,,,,,,,,,,,,
99183,New York,00:00.0,00:00.0,06/03/2017,Referral,Bicycle,14.9,22.7,33.3,33.5,41,51.7,48,71,99,99,113,140,3.23,3.12,2.97,2.96,2.75,2.71,,,2,4,4,4,,,0,0,1,1
99200,New York,00:00.0,00:00.0,06/03/2017,Organic,Bicycle,8.9,29.2,73.8,73.8,73.8,73.8,24,73,182,182,182,182,2.71,2.5,2.47,2.47,2.47,2.47,,,,,,,,,,,,
99201,New York,00:00.0,00:00.0,06/03/2017,Organic,Bicycle,16.7,20.1,20.1,20.1,20.1,20.1,27,30,30,30,30,30,1.61,1.49,1.49,1.49,1.49,1.49,,,,,,,,,,,,
99202,New York,00:00.0,00:00.0,07/03/2017,Organic,Bicycle,9.8,19.2,49.3,52.3,52.3,52.3,21,46,112,117,117,117,2.15,2.39,2.27,2.24,2.24,2.24,,,,,,,,,,,,
99205,New York,00:00.0,00:00.0,10/03/2017,Organic,Bicycle,7.7,7.7,7.7,7.7,7.7,7.7,19,19,19,19,19,19,2.47,2.47,2.47,2.47,2.47,2.47,,,,,,,,,,,,
99206,New York,00:00.0,00:00.0,06/03/2017,Organic,Bicycle,15.9,21.5,55.1,128.4,251.8,442.8,44,58,142,342,611,1115,2.77,2.69,2.58,2.66,2.43,2.52,,,,,,1,,,,,,1
99311,New York,00:00.0,00:00.0,07/03/2017,Organic,Scooter / Motorcycle,37.6,69.6,132.1,257.8,386.5,849.6,95,180,355,708,1060,2351,2.53,2.59,2.69,2.75,2.74,2.77,,,,,,,,,,,,
99317,New York,00:00.0,00:00.0,06/03/2017,Referral,Scooter / Motorcycle,58.3,124.7,176.2,380.1,527.6,736.6,73,168,263,583,745,976,1.25,1.35,1.49,1.53,1.41,1.33,,,,,,,,,,,,
99319,New York,00:00.0,00:00.0,13/03/2017,Organic,Bicycle,12.9,12.9,25.5,25.5,25.5,25.5,14,14,23,23,23,23,1.09,1.09,0.9,0.9,0.9,0.9,,,,,,,,,,,,
99320,New York,00:00.0,00:00.0,23/03/2017,Organic,Bicycle,19.1,19.1,19.1,19.1,19.1,39.4,56,56,56,56,56,123,2.94,2.94,2.94,2.94,2.94,3.12,,,,,,,,,,,,
99323,New York,00:00.0,00:00.0,10/03/2017,Offline,Scooter / Motorcycle,89.2,130.6,261.2,367,442.9,473.8,102,146,288,408,488,510,1.14,1.12,1.1,1.11,1.1,1.08,,,,,,,,,,,,
99331,New York,00:00.0,00:00.0,06/03/2017,Organic,Bicycle,1.5,1.5,1.5,12.2,17.7,17.7,5,5,5,21,28,28,3.26,3.26,3.26,1.72,1.59,1.59,,,,,,,,,,,,
99341,New York,00:00.0,00:00.0,06/03/2017,Referral,Scooter / Motorcycle,47.6,89.8,141.8,327.3,505.4,1074.8,70,137,204,535,825,1707,1.47,1.53,1.44,1.63,1.63,1.59,,,,,,,,,,,,
99345,New York,00:00.0,00:00.0,06/03/2017,Referral,Scooter / Motorcycle,48,94.2,107.7,288,451.9,1023,78,156,170,498,801,1740,1.63,1.66,1.58,1.73,1.77,1.7,,,1,1,1,2,,,0,0,0,0
99355,New York,00:00.0,00:00.0,06/03/2017,Digital,Scooter / Motorcycle,48,71,129,227.8,357.7,567.9,31,63,132,282,441,776,0.65,0.89,1.02,1.24,1.23,1.37,,,,,,,,,,,,
99363,New York,00:00.0,00:00.0,10/03/2017,Referral,Scooter / Motorcycle,39.6,59.5,101.4,190.1,266.7,426.5,103,165,270,454,643,1050,2.6,2.77,2.66,2.39,2.41,2.46,1,2,2,2,3,5,0,0,0,0,0,0
99371,New York,00:00.0,00:00.0,07/03/2017,Organic,Bicycle,8.6,8.6,8.6,8.6,8.6,8.6,13,13,13,13,13,13,1.5,1.5,1.5,1.5,1.5,1.5,,,,,,,,,,,,
99373,New York,00:00.0,00:00.0,06/03/2017,Referral,Bicycle,5.4,10.5,26.9,42.1,49.7,49.7,15,29,72,105,128,128,2.76,2.77,2.68,2.5,2.58,2.58,,,,,1,1,,,,,1,1
99374,New York,00:00.0,00:00.0,09/03/2017,Organic,Bicycle,21.3,21.3,37.1,71.7,105.7,242.8,51,51,90,172,249,505,2.4,2.4,2.43,2.4,2.36,2.08,,,,,,1,,,,,,1
99378,New York,00:00.0,00:00.0,07/03/2017,Referral,Bicycle,24.1,38.2,53.1,53.1,53.1,55.7,48,73,96,96,96,96,1.99,1.91,1.81,1.81,1.81,1.72,,,,1,1,1,,,,0,1,1
99383,New York,00:00.0,00:00.0,08/03/2017,Organic,Scooter / Motorcycle,10,10,10,10,10,10,21,21,21,21,21,21,2.1,2.1,2.1,2.1,2.1,2.1,,,,,,,,,,,,
99389,New York,00:00.0,00:00.0,07/03/2017,Referral,Scooter / Motorcycle,23.3,33.4,38.4,61.7,109.3,124.5,66,94,110,166,260,287,2.84,2.81,2.86,2.69,2.38,2.31,,,,,,,,,,,,
99401,New York,00:00.0,00:00.0,14/03/2017,Referral,Bicycle,6.2,6.2,6.2,6.2,6.2,14.4,13,13,13,13,13,35,2.11,2.11,2.11,2.11,2.11,2.44,,,,,,,,,,,,
99404,New York,00:00.0,00:00.0,07/03/2017,Organic,Bicycle,6.7,6.7,6.7,6.7,6.7,6.7,15,15,15,15,15,15,2.24,2.24,2.24,2.24,2.24,2.24,,,,,1,1,,,,,1,1
99413,New York,00:00.0,00:00.0,08/03/2017,Organic,Scooter / Motorcycle,24.4,37.7,75.7,131.1,176.7,310.2,44,73,162,303,429,817,1.81,1.94,2.14,2.31,2.43,2.63,,,,,,,,,,,,
99422,New York,00:00.0,00:00.0,13/03/2017,Referral,Scooter / Motorcycle,28.8,53.1,71.4,212.9,337.8,645.7,71,138,186,556,874,1748,2.46,2.6,2.61,2.61,2.59,2.71,,,2,2,2,2,,,0,0,0,0
99423,New York,00:00.0,00:00.0,09/03/2017,Digital,Bicycle,10.5,10.5,10.5,10.5,10.5,10.5,22,22,22,22,22,22,2.09,2.09,2.09,2.09,2.09,2.09,,,,,,,,,,,,
99424,New York,00:00.0,00:00.0,25/03/2017,Referral,Scooter / Motorcycle,56.8,91.6,127.8,127.8,141,141,121,197,274,274,306,306,2.13,2.15,2.14,2.14,2.17,2.17,,,,1,1,1,,,,0,1,1
99491,New York,00:00.0,00:00.0,18/03/2017,Organic,Scooter / Motorcycle,73.2,170.8,233.7,259.5,320.1,394.1,69,148,213,252,311,419,0.94,0.87,0.91,0.97,0.97,1.06,,1,1,1,1,2,,0,0,0,0,0
99519,New York,,00:00.0,14/03/2017,Referral,Pedestrian / Walker,1.1,1.1,1.1,1.1,1.1,1.1,2,2,2,2,2,2,1.82,1.82,1.82,1.82,1.82,1.82,,,,,,,,,,,,
99534,New York,00:00.0,00:00.0,07/03/2017,Digital,Bicycle,11,14.6,24.7,40.3,45,51.3,25,35,53,92,104,119,2.27,2.4,2.15,2.28,2.31,2.32,1,1,1,2,2,2,0,1,1,1,1,1
99543,New York,00:00.0,00:00.0,08/03/2017,Offline,Bicycle,12.8,18.1,33.5,50.6,55.9,60.5,34,49,83,130,142,158,2.66,2.7,2.48,2.57,2.54,2.61,,,,,,,,,,,,
99544,New York,00:00.0,00:00.0,08/03/2017,Digital,Bicycle,30.3,50.1,85.5,160.2,211.8,316.2,26,37,60,99,118,153,0.86,0.74,0.7,0.62,0.56,0.48,,,,,,,,,,,,
99553,New York,00:00.0,00:00.0,08/03/2017,Referral,Bicycle,11.4,14.4,15.1,15.1,15.1,15.1,11,15,15,15,15,15,0.96,1.05,0.99,0.99,0.99,0.99,,,,,,,,,,,,
99554,New York,00:00.0,00:00.0,08/03/2017,Organic,Bicycle,14.3,23.3,36.4,43.8,43.8,77,34,49,87,106,106,177,2.37,2.1,2.39,2.42,2.42,2.3,,,,,,,,,,,,
99556,New York,00:00.0,00:00.0,11/03/2017,Organic,Bicycle,2.7,8.2,12.7,43.6,85.3,96.1,2,12,18,64,96,109,0.75,1.47,1.41,1.47,1.13,1.13,,,,1,2,5,,,,0,0,1
99561,New York,00:00.0,00:00.0,08/03/2017,Organic,Scooter / Motorcycle,11.4,27.9,33.7,105.5,167.8,452.7,40,105,123,312,462,1155,3.52,3.77,3.65,2.96,2.75,2.55,,,,,,,,,,,,
99562,New York,,,22/03/2017,Unknown,Scooter / Motorcycle,8.3,39.1,60.9,104.8,105.1,156.1,15,102,169,293,293,428,1.82,2.61,2.78,2.8,2.79,2.74,,,,,,,,,,,,
99569,New York,00:00.0,00:00.0,08/03/2017,Referral,Bicycle,23.5,36.9,60.5,119.3,174.6,185.8,31,55,85,155,199,202,1.32,1.49,1.41,1.3,1.14,1.09,,,,,,,,,,,,
99572,New York,00:00.0,00:00.0,08/03/2017,Referral,Bicycle,6.9,14.1,27,69.1,131.4,151.4,13,21,44,142,255,289,1.88,1.49,1.63,2.06,1.94,1.91,,,,,,,,,,,,
99573,New York,00:00.0,00:00.0,07/03/2017,Organic,Bicycle,2.4,2.4,2.4,2.4,2.4,2.4,0,0,0,0,0,0,0,0,0,0,0,0,,,,,,,,,,,,
99574,New York,00:00.0,00:00.0,08/03/2017,Digital,Bicycle,21.7,37.4,72.7,139,201.9,373.6,37,60,120,249,370,681,1.71,1.6,1.65,1.79,1.83,1.82,,,,,,,,,,,,
99581,New York,00:00.0,00:00.0,09/03/2017,Organic,Bicycle,16.2,19,19,19,19,19,32,40,40,40,40,40,1.97,2.11,2.11,2.11,2.11,2.11,,,,,,,,,,,,
99582,New York,00:00.0,00:00.0,10/03/2017,Digital,Bicycle,11.4,11.4,26.6,29.4,29.4,29.4,25,25,53,58,58,58,2.2,2.2,1.99,1.98,1.98,1.98,,,,,,,,,,,,
99593,New York,00:00.0,00:00.0,10/03/2017,Organic,Bicycle,3.7,3.7,3.7,3.7,3.7,3.7,10,10,10,10,10,10,2.7,2.7,2.7,2.7,2.7,2.7,,,,,,,,,,,,
99594,New York,00:00.0,00:00.0,08/03/2017,Organic,Bicycle,27.9,32,42.1,110.2,166.4,172,62,77,97,245,343,358,2.22,2.4,2.3,2.22,2.06,2.08,,,,1,1,1,,,,0,0,0
99598,Rio de Janeiro,00:00.0,00:00.0,09/03/2017,Referral,Bicycle,13.2,27,53.6,86,105.7,242.1,27,55,107,198,248,581,2.04,2.04,2,2.3,2.35,2.4,,,,,,,,,,,,
99599,New York,00:00.0,00:00.0,14/03/2017,Offline,Bicycle,10.1,23.5,37.3,37.3,37.3,37.3,23,58,94,94,94,94,2.28,2.47,2.52,2.52,2.52,2.52,,,,,,,,,,,,
99600,New York,00:00.0,00:00.0,09/03/2017,Organic,Bicycle,11,26.4,42.3,47,47,47,37,72,114,126,126,126,3.36,2.73,2.7,2.68,2.68,2.68,,,,1,1,1,,,,0,0,0
99601,New York,00:00.0,00:00.0,09/03/2017,Organic,Bicycle,7.7,7.7,17.1,27.8,44,247.7,23,23,41,78,91,433,2.97,2.97,2.4,2.8,2.07,1.75,,,,,,,,,,,,
99602,New York,00:00.0,00:00.0,08/03/2017,Offline,Scooter / Motorcycle,28.4,44.9,74.2,183.7,304.9,651.3,71,127,234,646,1059,2064,2.5,2.83,3.16,3.52,3.47,3.17,,,,,,,,,,,,
99604,New York,00:00.0,00:00.0,08/03/2017,Organic,Bicycle,22.3,27.5,44,44.5,44.5,44.5,50,63,101,102,102,102,2.24,2.29,2.29,2.29,2.29,2.29,,,,,,,,,,,,
99610,New York,00:00.0,00:00.0,11/03/2017,Organic,Scooter / Motorcycle,42.5,72.4,152.1,303.6,414.6,518.3,56,113,233,504,709,909,1.32,1.56,1.53,1.66,1.71,1.75,,,,,,,,,,,,
99611,New York,00:00.0,00:00.0,08/03/2017,Organic,Bicycle,27.4,49.6,91.8,156.4,166.9,166.9,55,106,190,356,385,385,2.01,2.14,2.07,2.28,2.31,2.31,,,,,,,,,,,,
99612,New York,00:00.0,00:00.0,08/03/2017,Referral,Scooter / Motorcycle,48.1,83.4,138,141,182.9,182.9,60,89,153,160,235,235,1.25,1.07,1.11,1.13,1.28,1.28,,,,,,,,,,,,
99615,New York,00:00.0,00:00.0,11/03/2017,Referral,Scooter / Motorcycle,7.2,10.3,44.8,207,360.9,865.3,17,25,122,507,889,2130,2.36,2.44,2.72,2.45,2.46,2.46,,,,,,,,,,,,
99616,New York,00:00.0,00:00.0,07/03/2017,Referral,Scooter / Motorcycle,18,31.2,59.5,91.5,155.2,242.7,40,73,153,255,451,717,2.23,2.34,2.57,2.79,2.91,2.95,,,,1,1,1,,,,0,0,0
99617,New York,,,09/03/2017,Unknown,Bicycle,10.6,21.3,35.7,36.1,36.1,36.1,37,66,107,107,107,107,3.49,3.09,2.99,2.97,2.97,2.97,,,,,,,,,,,,
99618,New York,00:00.0,00:00.0,08/03/2017,Organic,Bicycle,18.7,18.7,23.1,23.1,23.1,23.1,38,38,51,51,51,51,2.03,2.03,2.21,2.21,2.21,2.21,,,,,,,,,,,,
99619,New York,00:00.0,00:00.0,08/03/2017,Referral,Bicycle,12.3,24.4,39,149.8,256.4,588.1,30,63,108,306,487,1091,2.43,2.58,2.77,2.04,1.9,1.86,,,,,,,,,,,,
99621,New York,00:00.0,00:00.0,08/03/2017,Organic,Bicycle,14,19.8,37.1,57.2,76,183.2,23,36,74,122,157,385,1.64,1.82,2,2.13,2.07,2.1,,,,,,,,,,,,
99834,Rio de Janeiro,00:00.0,00:00.0,13/03/2017,Organic,Bicycle,18.8,38.7,60.5,86.3,98.1,117.9,28,61,106,163,182,210,1.49,1.58,1.75,1.89,1.86,1.78,,,,,,,,,,,,
99835,Rio de Janeiro,00:00.0,00:00.0,12/03/2017,Organic,Bicycle,16.7,31.7,58.1,125.1,128.5,192.3,43,79,150,323,334,500,2.58,2.49,2.58,2.58,2.6,2.6,,,,,,1,,,,,,0
99842,Rio de Janeiro,00:00.0,00:00.0,13/03/2017,Organic,Bicycle,19.4,38,70.7,144.9,144.9,144.9,49,91,179,374,374,374,2.53,2.39,2.53,2.58,2.58,2.58,,,,,,,,,,,,
99843,Rio de Janeiro,00:00.0,00:00.0,11/03/2017,Organic,Bicycle,20,37.9,74.8,169.7,243,402.6,65,121,248,529,723,1208,3.24,3.19,3.31,3.12,2.98,3,,,,,,,,,,,,
99845,Rio de Janeiro,00:00.0,00:00.0,11/03/2017,Organic,Bicycle,42.1,77.4,146.9,188.2,268.1,382.8,80,152,298,422,609,860,1.9,1.96,2.03,2.24,2.27,2.25,,,,,,2,,,,,,0
99846,Rio de Janeiro,00:00.0,00:00.0,27/03/2017,Organic,Bicycle,2,2,2,2,2.9,46.7,1,1,1,1,2,82,0.51,0.51,0.51,0.51,0.68,1.76,,,,,,,,,,,,
99847,Rio de Janeiro,00:00.0,00:00.0,13/03/2017,Organic,Bicycle,9,21.3,47.9,70.5,73.9,112.4,10,30,75,118,125,208,1.11,1.41,1.57,1.67,1.69,1.85,,1,1,1,1,1,,0,0,0,0,0
99848,Rio de Janeiro,00:00.0,00:00.0,11/03/2017,Digital,Bicycle,18.3,49.6,148,290.5,290.5,462.1,29,99,310,652,652,1142,1.58,1.99,2.09,2.24,2.24,2.47,,,,,,,,,,,,
99851,Rio de Janeiro,00:00.0,00:00.0,12/03/2017,Referral,Bicycle,19.6,19.6,19.6,19.6,36.7,37.2,64,64,64,64,102,102,3.26,3.26,3.26,3.26,2.78,2.74,,,,,1,1,,,,,0,0
99865,New York,00:00.0,00:00.0,12/03/2017,Referral,Bicycle,6.4,9,10.7,10.7,10.7,10.7,14,20,26,26,26,26,2.17,2.23,2.43,2.43,2.43,2.43,,,,,,,,,,,,
99866,New York,00:00.0,00:00.0,12/03/2017,Organic,Bicycle,12.7,21.4,21.4,21.4,21.4,21.4,37,60,60,60,60,60,2.91,2.81,2.81,2.81,2.81,2.81,,,,,,,,,,,,
99869,New York,00:00.0,00:00.0,12/03/2017,Organic,Scooter / Motorcycle,10.3,10.3,10.3,10.3,10.3,10.3,30,30,30,30,30,30,2.93,2.93,2.93,2.93,2.93,2.93,,,,,,,,,,,,
99871,New York,00:00.0,00:00.0,11/03/2017,Organic,Scooter / Motorcycle,34.1,69.6,122.8,234.3,264.4,264.4,77,158,291,548,628,628,2.25,2.27,2.37,2.34,2.38,2.38,,,,,,,,,,,,
99872,New York,00:00.0,00:00.0,12/03/2017,Referral,Scooter / Motorcycle,25.2,53.6,109.1,234.7,339,614.8,46,103,215,473,706,1512,1.83,1.92,1.97,2.01,2.08,2.46,,,,,,2,,,,,,1
99873,New York,00:00.0,00:00.0,12/03/2017,Organic,Scooter / Motorcycle,12.8,12.8,22.6,38.3,49.7,73.5,27,27,52,87,112,154,2.12,2.12,2.3,2.27,2.26,2.1,,1,1,1,4,5,,0,0,0,1,2
99874,New York,00:00.0,00:00.0,12/03/2017,Referral,Bicycle,13,17.5,20.6,21.9,21.9,21.9,30,41,45,49,49,49,2.3,2.34,2.19,2.24,2.24,2.24,1,1,1,1,1,1,0,0,0,0,0,0
99875,New York,00:00.0,00:00.0,11/03/2017,Referral,Scooter / Motorcycle,56.3,90.3,90.3,90.3,90.3,90.3,85,141,141,141,141,141,1.51,1.56,1.56,1.56,1.56,1.56,,,,,,,,,,,,
99876,New York,00:00.0,00:00.0,12/03/2017,Digital,Bicycle,40.6,67.5,128.5,208.7,240,248.1,59,89,133,165,190,195,1.45,1.32,1.03,0.79,0.79,0.79,,,,,,,,,,,,
99881,New York,00:00.0,00:00.0,14/03/2017,Referral,Scooter / Motorcycle,12.2,15.2,18,139.3,260.9,321.1,16,20,23,241,419,519,1.31,1.32,1.28,1.73,1.61,1.62,,,,,1,2,,,,,0,0
99883,New York,00:00.0,00:00.0,12/03/2017,Referral,Scooter / Motorcycle,24.1,40,107.1,243.5,352.1,466.2,61,109,263,626,947,1244,2.53,2.72,2.46,2.57,2.69,2.67,,,,,,2,,,,,,1
99884,New York,00:00.0,00:00.0,12/03/2017,Organic,Scooter / Motorcycle,19.1,34,79.5,119.5,147.3,232.9,48,85,203,307,359,594,2.51,2.5,2.55,2.57,2.44,2.55,,,,,,,,,,,,
99886,New York,00:00.0,00:00.0,11/03/2017,Organic,Bicycle,3.2,3.2,3.2,3.2,3.2,3.2,4,4,4,4,4,4,1.27,1.27,1.27,1.27,1.27,1.27,,,,,,,,,,,,
99887,New York,00:00.0,00:00.0,16/03/2017,Digital,Bicycle,14.7,15.7,15.7,15.7,15.7,15.7,37,37,37,37,37,37,2.53,2.36,2.36,2.36,2.36,2.36,,,,,,,,,,,,
99888,New York,00:00.0,00:00.0,12/03/2017,Organic,Bicycle,13.3,26.3,43.1,71.2,71.2,112.7,17,37,61,101,101,149,1.28,1.41,1.41,1.42,1.42,1.32,,,,,,,,,,,,
99889,Rio de Janeiro,00:00.0,00:00.0,12/03/2017,Organic,Bicycle,31.2,58.6,120.9,162,162,193.2,84,167,335,468,468,548,2.7,2.85,2.77,2.89,2.89,2.84,,,,,,,,,,,,
99891,Rio de Janeiro,00:00.0,00:00.0,15/03/2017,Organic,Bicycle,3.2,3.2,3.2,3.2,3.2,3.2,0,0,0,0,0,0,0,0,0,0,0,0,,,,,,,,,,,,
99892,New York,00:00.0,00:00.0,15/03/2017,Organic,Bicycle,5.6,6.8,6.8,6.8,6.8,6.8,7,8,8,8,8,8,1.24,1.17,1.17,1.17,1.17,1.17,,,,,,,,,,,,
99894,Rio de Janeiro,00:00.0,00:00.0,14/03/2017,Organic,Bicycle,15.2,18.1,23.5,28.2,28.2,28.2,38,43,55,66,66,66,2.5,2.37,2.34,2.34,2.34,2.34,,,,,,,,,,,,
99895,Rio de Janeiro,00:00.0,00:00.0,13/03/2017,Organic,Bicycle,18.5,47.1,91.2,209.4,297.6,612.3,12,92,222,564,793,1777,0.65,1.95,2.44,2.69,2.66,2.9,,,,,,,,,,,,
99898,New York,00:00.0,00:00.0,14/03/2017,Referral,Bicycle,19.6,34.5,65.4,112.6,126.8,257,42,83,180,313,346,780,2.14,2.41,2.75,2.78,2.73,3.04,,,,1,1,3,,,,0,1,2
99901,New York,00:00.0,00:00.0,12/03/2017,Organic,Bicycle,7.5,21.9,21.9,21.9,21.9,21.9,14,41,41,41,41,41,1.87,1.88,1.88,1.88,1.88,1.88,,,,,,,,,,,,
99906,Rio de Janeiro,00:00.0,00:00.0,06/04/2017,Organic,Bicycle,2,2,2,21.7,31.2,33.2,2,2,2,46,69,74,0.98,0.98,0.98,2.12,2.21,2.23,,,,,,,,,,,,
99907,Rio de Janeiro,00:00.0,00:00.0,29/03/2017,Organic,Bicycle,4.2,4.2,4.2,4.2,4.2,4.2,8,8,8,8,8,8,1.9,1.9,1.9,1.9,1.9,1.9,,,,,,,,,,,,
99908,New York,00:00.0,00:00.0,13/03/2017,Organic,Scooter / Motorcycle,63.6,114.1,215.4,409.8,420.3,420.3,59,103,261,550,561,561,0.93,0.9,1.21,1.34,1.33,1.33,,,,,,,,,,,,
99917,New York,00:00.0,00:00.0,15/03/2017,Referral,Bicycle,15.6,15.6,18.4,47.4,57.7,57.7,35,35,41,116,139,139,2.25,2.25,2.23,2.45,2.41,2.41,,,,,,,,,,,,
99918,New York,00:00.0,00:00.0,18/03/2017,Referral,Bicycle,42.3,80.6,117.8,164.7,167,167.1,89,180,257,331,332,332,2.1,2.23,2.18,2.01,1.99,1.99,1,1,1,1,1,1,0,0,0,0,0,0
99920,Rio de Janeiro,00:00.0,00:00.0,24/03/2017,Organic,Bicycle,33.8,57.9,120.6,230.7,346.2,797.4,89,151,297,556,893,2195,2.63,2.61,2.46,2.41,2.58,2.75,,,,,,,,,,,,
99921,New York,00:00.0,00:00.0,12/03/2017,Referral,Scooter / Motorcycle,29,35.2,52.8,59.5,64,64,84,99,149,164,173,173,2.9,2.81,2.82,2.75,2.7,2.7,,,,,1,1,,,,,1,1
99923,New York,00:00.0,00:00.0,12/03/2017,Digital,Bicycle,15.7,18.3,18.3,18.3,18.3,18.3,27,31,31,31,31,31,1.72,1.7,1.7,1.7,1.7,1.7,,,,,,,,,,,,
99924,New York,00:00.0,00:00.0,14/03/2017,Digital,Bicycle,13.9,17.5,30.5,52.4,52.4,106.8,27,35,60,102,102,209,1.95,2,1.97,1.95,1.95,1.96,,,,,,,,,,,,
99925,New York,00:00.0,00:00.0,12/03/2017,Referral,Bicycle,1.3,5.4,13.3,31.9,50.5,62.5,2,17,44,93,147,178,1.57,3.16,3.3,2.92,2.91,2.85,,,,1,1,1,,,,0,0,0
99926,Rio de Janeiro,00:00.0,00:00.0,14/03/2017,Organic,Bicycle,21,48.7,99,113.3,113.3,123.8,57,126,249,283,283,306,2.71,2.59,2.52,2.5,2.5,2.47,,,,,,,,,,,,
99927,New York,00:00.0,00:00.0,13/03/2017,Organic,Bicycle,6,12.9,27.1,36.6,36.6,47.7,4,7,15,26,26,38,0.67,0.54,0.55,0.71,0.71,0.8,,,,,,,,,,,,
99929,New York,00:00.0,00:00.0,12/03/2017,Digital,Bicycle,28.8,38,78.7,103.4,103.4,103.4,43,53,94,95,95,95,1.5,1.4,1.19,0.92,0.92,0.92,,,,,,,,,,,,
99930,New York,00:00.0,00:00.0,19/03/2017,Referral,Scooter / Motorcycle,45.8,52.2,106.4,109.6,174.2,506.7,99,118,248,252,407,1348,2.16,2.26,2.33,2.3,2.34,2.66,,,,,,1,,,,,,1
99931,Rio de Janeiro,00:00.0,00:00.0,12/03/2017,Organic,Bicycle,21.7,36.2,63.4,82.6,82.6,82.6,50,85,146,186,186,186,2.3,2.35,2.3,2.25,2.25,2.25,,,,,,,,,,,,
99932,Rio de Janeiro,00:00.0,00:00.0,12/03/2017,Organic,Bicycle,26.5,51.7,112.9,193.8,220.8,228,48,86,198,381,446,463,1.81,1.66,1.75,1.97,2.02,2.03,,,1,1,1,1,,,0,0,0,0
99933,Rio de Janeiro,00:00.0,00:00.0,14/03/2017,Organic,Bicycle,13.8,26.5,45.7,49.6,63.7,63.7,32,64,107,116,146,146,2.31,2.42,2.34,2.34,2.29,2.29,,,,,,,,,,,,
99934,Rio de Janeiro,00:00.0,00:00.0,22/03/2017,Organic,Bicycle,9.2,23.4,33.9,46.1,46.1,46.1,22,57,83,110,110,110,2.38,2.44,2.45,2.39,2.39,2.39,,,,,,2,,,,,,0
99935,Rio de Janeiro,00:00.0,00:00.0,12/03/2017,Referral,Bicycle,16.3,43.6,75.5,79.3,79.3,79.3,24,73,131,137,137,137,1.47,1.68,1.73,1.73,1.73,1.73,,,,,,,,,,,,
99952,New York,00:00.0,00:00.0,12/03/2017,Referral,Bicycle,16.8,29.5,49.5,76.4,106,143.7,49,85,147,230,326,462,2.91,2.89,2.97,3.01,3.07,3.22,,1,1,1,1,1,,0,0,0,0,1
99953,New York,00:00.0,00:00.0,12/03/2017,Offline,Bicycle,61.1,81.9,99.9,104,104,104,12,15,17,17,17,17,0.2,0.18,0.17,0.16,0.16,0.16,,,,,,,,,,,,
99954,New York,00:00.0,00:00.0,12/03/2017,Referral,Scooter / Motorcycle,23.8,33.3,71.7,130.2,157.7,186.4,68,100,203,346,410,488,2.86,3,2.83,2.66,2.6,2.62,,1,2,2,4,5,,0,0,0,2,2
99956,New York,00:00.0,00:00.0,15/03/2017,Referral,Bicycle,8.2,8.2,11.8,56.2,88.4,133,21,21,30,127,188,243,2.57,2.57,2.54,2.26,2.13,1.83,,,,,,,,,,,,
99959,New York,00:00.0,00:00.0,11/03/2017,Digital,Bicycle,12.6,24.7,39.2,63.4,63.4,63.4,15,25,38,54,54,54,1.19,1.01,0.97,0.85,0.85,0.85,,,,,,1,,,,,,1
99961,New York,00:00.0,00:00.0,11/03/2017,Organic,Scooter / Motorcycle,36.6,69.5,115.6,210.7,210.7,210.7,67,130,207,361,361,361,1.83,1.87,1.79,1.71,1.71,1.71,,,,,,,,,,,,
99962,New York,00:00.0,00:00.0,15/03/2017,Referral,Bicycle,15.1,25.6,41.3,56.1,68.1,122.1,43,73,127,171,199,367,2.84,2.85,3.08,3.05,2.92,3.01,,,,,,,,,,,,
99964,New York,00:00.0,00:00.0,13/03/2017,Referral,Bicycle,10.3,21.2,51.7,67.8,67.8,67.8,20,43,102,137,137,137,1.95,2.03,1.97,2.02,2.02,2.02,,,2,3,3,3,,,0,1,1,1
99965,New York,00:00.0,00:00.0,14/03/2017,Referral,Bicycle,4,4,4,4,4,4,7,7,7,7,7,7,1.74,1.74,1.74,1.74,1.74,1.74,,,,,,,,,,,,
99968,New York,00:00.0,00:00.0,12/03/2017,Referral,Scooter / Motorcycle,44.9,78.6,85.5,102.2,171.1,646.3,73,130,140,175,328,1373,1.63,1.65,1.64,1.71,1.92,2.12,,,,,,2,,,,,,0
99970,New York,00:00.0,00:00.0,12/03/2017,Organic,Bicycle,14.4,26.5,62.2,100.1,100.1,118.1,30,61,146,236,236,271,2.09,2.3,2.35,2.36,2.36,2.29,,,,,,,,,,,,
100047,Rio de Janeiro,00:00.0,00:00.0,14/03/2017,Offline,Bicycle,1.5,1.5,1.5,27,27,99,3,3,3,63,63,253,2,2,2,2.33,2.33,2.55,,,,,,,,,,,,
100049,Rio de Janeiro,00:00.0,00:00.0,12/03/2017,Organic,Bicycle,14.3,26.5,43.9,81.6,81.6,143.9,38,77,131,262,262,460,2.65,2.91,2.99,3.21,3.21,3.2,,,,,,,,,,,,
100050,Rio de Janeiro,00:00.0,00:00.0,12/03/2017,Referral,Bicycle,41.9,67.6,117.1,165.1,171.7,226.6,146,233,418,607,627,805,3.48,3.45,3.57,3.68,3.65,3.55,,,,,,,,,,,,
100051,Rio de Janeiro,00:00.0,00:00.0,14/03/2017,Organic,Bicycle,6.6,10.9,43.4,80.9,80.9,92,19,29,111,221,221,240,2.88,2.65,2.56,2.73,2.73,2.61,,,,,,,,,,,,
100052,Rio de Janeiro,,,13/03/2017,Referral,Bicycle,65.2,96,178.6,363.7,585.2,1370,139,198,388,1008,1601,4117,2.13,2.06,2.17,2.77,2.74,3.01,,,1,1,1,1,,,0,1,1,1
100054,Rio de Janeiro,,,13/03/2017,Organic,Bicycle,19.5,26,26,26,26,26,31,41,41,41,41,41,1.59,1.58,1.58,1.58,1.58,1.58,,,,,,,,,,,,
100055,Rio de Janeiro,00:00.0,00:00.0,17/03/2017,Organic,Bicycle,3,3,48.5,178.8,178.8,183.1,7,7,132,497,497,509,2.32,2.32,2.72,2.78,2.78,2.78,,,,,,,,,,,,
100057,Rio de Janeiro,00:00.0,00:00.0,15/03/2017,Organic,Bicycle,12.9,17.7,17.7,17.7,17.7,17.7,19,26,26,26,26,26,1.48,1.47,1.47,1.47,1.47,1.47,,,,,,,,,,,,
100061,Cape Town,00:00.0,00:00.0,14/03/2017,Organic,Bicycle,11.6,14.8,24.9,29.4,33.1,38.4,22,27,44,54,61,73,1.9,1.82,1.77,1.83,1.84,1.9,,,,,2,2,,,,,0,1
100065,Cape Town,00:00.0,00:00.0,13/03/2017,Offline,Bicycle,6,6,6,6,6,6,11,11,11,11,11,11,1.83,1.83,1.83,1.83,1.83,1.83,,,,1,1,1,,,,0,0,0
100066,Cape Town,00:00.0,00:00.0,13/03/2017,Organic,Bicycle,31.4,44,71.3,78.7,78.7,113.3,82,112,176,194,194,275,2.61,2.54,2.47,2.46,2.46,2.43,,,1,1,1,1,,,0,1,1,1
100073,Cape Town,00:00.0,00:00.0,21/03/2017,Organic,Bicycle,14.3,28.3,33.3,40.8,40.8,40.8,36,79,89,107,107,107,2.51,2.79,2.68,2.63,2.63,2.63,,,,,,,,,,,,
100075,Cape Town,00:00.0,00:00.0,17/03/2017,Organic,Bicycle,28.5,53.1,102.9,165.1,199.5,199.5,60,117,224,369,435,435,2.11,2.2,2.18,2.23,2.18,2.18,,,,,1,1,,,,,1,1
100076,Cape Town,00:00.0,00:00.0,14/03/2017,Organic,Bicycle,21.5,25.5,28,41,47.1,67.7,45,53,60,92,106,154,2.09,2.07,2.15,2.24,2.25,2.27,,,,,,,,,,,,
100098,New York,00:00.0,00:00.0,13/03/2017,Organic,Scooter / Motorcycle,29.7,50.1,89.3,93.6,93.6,93.6,51,82,156,160,160,160,1.72,1.64,1.75,1.71,1.71,1.71,1,1,2,2,2,2,0,0,0,0,0,0
100099,New York,00:00.0,00:00.0,15/03/2017,Referral,Scooter / Motorcycle,22.4,23.1,42.1,72.9,89.1,102,81,82,126,197,241,266,3.62,3.55,2.99,2.7,2.71,2.61,,,,,,,,,,,,
100113,New York,00:00.0,00:00.0,14/03/2017,Referral,Scooter / Motorcycle,14.3,23.8,52,99,175.1,380.6,27,51,112,227,414,933,1.88,2.14,2.15,2.29,2.36,2.45,,,,,,,,,,,,
100114,New York,00:00.0,00:00.0,14/03/2017,Organic,Bicycle,7.8,10.9,18.9,21.4,21.4,29.6,25,34,64,72,72,96,3.21,3.12,3.38,3.36,3.36,3.24,,,,,,,,,,,,
100115,New York,00:00.0,00:00.0,30/03/2017,Referral,Bicycle,2.1,2.1,2.1,2.1,2.1,2.1,5,5,5,5,5,5,2.41,2.41,2.41,2.41,2.41,2.41,,,,,,,,,,,,
100132,New York,00:00.0,00:00.0,12/03/2017,Referral,Bicycle,13,47.1,49.8,56.8,67.1,90.9,19,76,80,95,116,181,1.46,1.61,1.61,1.67,1.73,1.99,,,,,,,,,,,,
100138,New York,00:00.0,00:00.0,13/03/2017,Digital,Bicycle,23.8,31.9,37,37,37,37,63,81,94,94,94,94,2.65,2.54,2.54,2.54,2.54,2.54,,,,,,,,,,,,
100176,New York,00:00.0,00:00.0,12/03/2017,Organic,Bicycle,24,96.6,215.4,376.6,552.1,1289.6,47,163,384,547,709,1637,1.96,1.69,1.78,1.45,1.28,1.27,,,,,,4,,,,,,1
100177,New York,00:00.0,00:00.0,13/03/2017,Organic,Scooter / Motorcycle,22.1,33.4,66.4,139.5,156,315.9,42,57,106,212,232,451,1.9,1.71,1.6,1.52,1.49,1.43,,,,,,,,,,,,
100182,New York,00:00.0,00:00.0,13/03/2017,Organic,Bicycle,13.7,16,16,16,16,16,31,37,37,37,37,37,2.26,2.32,2.32,2.32,2.32,2.32,,2,2,2,2,2,,1,1,1,1,1
100186,New York,,,13/03/2017,Unknown,Bicycle,29.2,33.8,33.8,33.8,33.8,33.8,80,93,93,93,93,93,2.74,2.75,2.75,2.75,2.75,2.75,,,,,,,,,,,,
100189,New York,00:00.0,00:00.0,12/03/2017,Referral,Scooter / Motorcycle,14.3,22.6,35,78.4,124.5,221,55,86,130,263,419,735,3.84,3.81,3.71,3.36,3.37,3.33,,,,1,1,2,,,,0,0,0
100192,New York,00:00.0,00:00.0,14/03/2017,Organic,Bicycle,17.6,34.7,34.7,34.7,34.7,34.7,46,102,102,102,102,102,2.62,2.94,2.94,2.94,2.94,2.94,,,,,,,,,,,,
100193,New York,00:00.0,00:00.0,17/03/2017,Organic,Bicycle,23.5,37.6,41.6,41.6,41.6,192.3,60,88,92,92,92,501,2.55,2.34,2.21,2.21,2.21,2.61,,,,,,1,,,,,,1
100195,New York,00:00.0,00:00.0,15/03/2017,Organic,Bicycle,20.3,31.8,62.8,84.7,84.7,84.7,60,100,199,258,258,258,2.95,3.14,3.17,3.05,3.05,3.05,,,,,,,,,,,,
100196,New York,00:00.0,00:00.0,14/03/2017,Referral,Bicycle,20.6,33,48.6,85.4,85.4,87,45,68,97,147,147,147,2.18,2.06,2,1.72,1.72,1.69,,,1,1,1,1,,,0,0,0,0
100197,New York,00:00.0,00:00.0,21/03/2017,Organic,Scooter / Motorcycle,25.9,35.4,117,204.7,291.1,644.1,54,80,292,562,775,1684,2.09,2.26,2.5,2.74,2.66,2.61,,,,,,1,,,,,,1
100198,New York,00:00.0,00:00.0,17/03/2017,Referral,Bicycle,9.6,9.6,25.5,30.9,30.9,34.8,17,17,48,60,60,65,1.76,1.76,1.88,1.94,1.94,1.87,,,,,,,,,,,,
100204,Rio de Janeiro,00:00.0,00:00.0,15/03/2017,Organic,Bicycle,7.6,9.6,19.2,30,30,43.7,8,8,15,20,20,31,1.05,0.83,0.78,0.67,0.67,0.71,,,,,,,,,,,,
100205,Rio de Janeiro,00:00.0,00:00.0,31/03/2017,Organic,Bicycle,5.9,7.1,7.1,10.7,17.9,30.4,3,3,3,3,11,35,0.51,0.42,0.42,0.28,0.61,1.15,,,,,,,,,,,,
100206,New York,00:00.0,00:00.0,12/03/2017,Offline,Scooter / Motorcycle,28.3,45.7,76.8,135.5,213.4,319,123,185,316,531,817,1203,4.35,4.05,4.12,3.92,3.83,3.77,1,3,4,6,7,7,0,0,0,0,3,4
100207,Rio de Janeiro,00:00.0,00:00.0,14/03/2017,Organic,Bicycle,31.8,41.1,41.1,41.1,41.1,94.6,38,41,41,41,41,183,1.2,1,1,1,1,1.93,,1,1,1,1,2,,0,0,0,0,0
100212,New York,00:00.0,00:00.0,12/03/2017,Offline,Scooter / Motorcycle,31.9,48.3,78.4,84.4,84.4,110.2,55,80,129,137,137,168,1.73,1.65,1.65,1.62,1.62,1.52,,,,,,,,,,,,
100214,New York,00:00.0,00:00.0,15/03/2017,Organic,Scooter / Motorcycle,38.9,74.6,144,275.4,436.7,712.7,71,136,261,527,920,1691,1.83,1.82,1.81,1.91,2.11,2.37,1,1,1,1,1,1,0,1,1,1,1,1
100220,New York,00:00.0,00:00.0,13/03/2017,Offline,Scooter / Motorcycle,12.5,23.4,34.9,65.5,101.3,118,32,63,93,158,233,271,2.56,2.69,2.66,2.41,2.3,2.3,,,,,,,,,,,,
100232,New York,00:00.0,00:00.0,14/03/2017,Referral,Bicycle,6.3,6.3,7.6,7.6,7.6,7.6,8,8,10,10,10,10,1.27,1.27,1.31,1.31,1.31,1.31,,,,,,,,,,,,
100249,New York,00:00.0,00:00.0,14/03/2017,Referral,Bicycle,11.6,20.9,20.9,20.9,20.9,20.9,30,56,56,56,56,56,2.58,2.68,2.68,2.68,2.68,2.68,,,,,,,,,,,,
100270,New York,00:00.0,00:00.0,13/03/2017,Organic,Bicycle,3,3,3,3,3,3,2,2,2,2,2,2,0.66,0.66,0.66,0.66,0.66,0.66,,,,,,,,,,,,
100273,New York,00:00.0,00:00.0,13/03/2017,Organic,Bicycle,17.2,27.1,28.1,28.1,28.1,28.1,47,65,66,66,66,66,2.74,2.4,2.35,2.35,2.35,2.35,,,,,,,,,,,,
100274,New York,00:00.0,00:00.0,14/03/2017,Referral,Bicycle,7,13.8,20.3,20.3,21,21,15,26,42,42,42,42,2.14,1.88,2.07,2.07,2,2,,,,,,,,,,,,
100275,New York,00:00.0,00:00.0,14/03/2017,Organic,Bicycle,9.6,12.1,12.1,12.1,12.1,12.1,24,29,29,29,29,29,2.51,2.4,2.4,2.4,2.4,2.4,,,,,,,,,,,,
100277,New York,00:00.0,00:00.0,19/03/2017,Digital,Bicycle,6.8,15.5,34.6,50.6,67.1,90.9,11,31,74,111,148,202,1.61,2,2.14,2.19,2.2,2.22,,,,,,,,,,,,
100281,Rio de Janeiro,00:00.0,00:00.0,14/03/2017,Offline,Bicycle,16.4,16.4,35.2,183,385.6,835.7,46,46,93,459,855,1987,2.81,2.81,2.64,2.51,2.22,2.38,,,,1,1,2,,,,0,0,0
100282,Rio de Janeiro,00:00.0,00:00.0,14/03/2017,Referral,Bicycle,9.9,25,75.7,153.3,220,637.2,25,61,197,417,571,1825,2.51,2.44,2.6,2.72,2.59,2.86,,,,,,,,,,,,
100283,New York,00:00.0,00:00.0,14/03/2017,Organic,Bicycle,7.1,7.1,7.1,7.1,7.1,7.1,16,16,16,16,16,16,2.24,2.24,2.24,2.24,2.24,2.24,,,,,,,,,,,,
100285,New York,00:00.0,00:00.0,13/03/2017,Referral,Bicycle,15.8,26.8,44.2,57.8,76,89,44,73,122,149,192,192,2.78,2.72,2.76,2.58,2.53,2.16,,,1,1,1,2,,,0,0,0,0
100287,New York,00:00.0,00:00.0,16/03/2017,Digital,Bicycle,19.3,22,33.4,33.4,33.4,110.5,42,49,75,75,75,234,2.17,2.23,2.25,2.25,2.25,2.12,,,,,,,,,,,,
100289,New York,00:00.0,00:00.0,14/03/2017,Referral,Scooter / Motorcycle,9,14.3,40,95.6,200.3,219.7,19,29,76,196,495,558,2.11,2.03,1.9,2.05,2.47,2.54,,,,,,,,,,,,
100291,New York,00:00.0,00:00.0,14/03/2017,Referral,Bicycle,5.5,8.2,26.8,81.9,113.5,113.5,17,25,92,190,278,278,3.09,3.05,3.43,2.32,2.45,2.45,,,,3,3,3,,,,0,1,1
100294,New York,00:00.0,00:00.0,14/03/2017,Referral,Bicycle,3,3,3,3,3,3,8,8,8,8,8,8,2.64,2.64,2.64,2.64,2.64,2.64,,,,,,,,,,,,
100295,New York,00:00.0,00:00.0,13/03/2017,Referral,Scooter / Motorcycle,54,95.8,178.1,331,435.8,517.3,85,142,254,475,630,768,1.57,1.48,1.43,1.44,1.45,1.48,,,,,,,,,,,,
100297,New York,00:00.0,00:00.0,16/03/2017,Offline,Scooter / Motorcycle,43.4,68.7,84.3,161.6,266.1,531.6,93,145,169,337,580,1293,2.14,2.11,2,2.09,2.18,2.43,,,,1,1,1,,,,0,0,0
100305,New York,00:00.0,00:00.0,19/03/2017,Offline,Bicycle,2.3,7.3,11.8,19.6,22.6,31.5,8,25,40,67,78,105,3.41,3.44,3.38,3.42,3.46,3.33,,,,,,,,,,,,
100312,New York,00:00.0,00:00.0,14/03/2017,Referral,Scooter / Motorcycle,18.4,35.2,66.5,145.7,246.4,450,68,110,217,485,798,1441,3.69,3.13,3.26,3.33,3.24,3.2,,,,,,,,,,,,
100315,New York,00:00.0,00:00.0,16/03/2017,Organic,Scooter / Motorcycle,5.1,6.2,12.2,37.1,63.3,132.7,11,13,29,114,206,438,2.16,2.1,2.38,3.07,3.25,3.3,,,1,1,1,1,,,0,0,0,0
100317,New York,00:00.0,00:00.0,13/03/2017,Organic,Scooter / Motorcycle,19.2,32.7,32.7,32.7,32.7,292.9,60,99,99,99,99,781,3.12,3.03,3.03,3.03,3.03,2.67,,,,,,,,,,,,
100318,New York,00:00.0,00:00.0,14/03/2017,Digital,Bicycle,8.3,8.3,8.3,8.3,8.3,8.3,18,18,18,18,18,18,2.17,2.17,2.17,2.17,2.17,2.17,,,,,,,,,,,,
100387,Rio de Janeiro,00:00.0,00:00.0,17/03/2017,Offline,Bicycle,45.2,63.8,80,104.1,151.1,422.4,117,171,226,299,394,1271,2.59,2.68,2.83,2.87,2.61,3.01,,,,2,3,8,,,,0,0,0
100388,Rio de Janeiro,00:00.0,00:00.0,15/03/2017,Organic,Bicycle,35.4,71.5,109.9,162.8,177.5,185.3,90,191,296,442,484,501,2.54,2.67,2.69,2.71,2.73,2.7,,,,,,,,,,,,
100393,Rio de Janeiro,00:00.0,00:00.0,17/03/2017,Organic,Bicycle,47.9,84.5,123.3,256,403.2,731.8,110,199,303,629,925,1881,2.3,2.35,2.46,2.46,2.29,2.57,,,,,,,,,,,,
100394,Rio de Janeiro,00:00.0,00:00.0,15/03/2017,Organic,Bicycle,15.1,19.3,19.3,19.3,19.3,19.3,31,38,38,38,38,38,2.06,1.97,1.97,1.97,1.97,1.97,,,,,,,,,,,,
100395,Rio de Janeiro,00:00.0,00:00.0,17/03/2017,Organic,Bicycle,2.6,2.6,2.6,2.6,2.6,2.6,4,4,4,4,4,4,1.56,1.56,1.56,1.56,1.56,1.56,,,,,,,,,,,,
100396,Rio de Janeiro,00:00.0,00:00.0,17/03/2017,Organic,Bicycle,2.2,7.2,17.5,52.2,77.2,190.4,2,5,23,90,148,365,0.89,0.69,1.32,1.73,1.92,1.92,,,,,,,,,,,,
100403,New York,00:00.0,00:00.0,15/03/2017,Referral,Scooter / Motorcycle,9.8,16.9,38.9,108.3,162.2,334.7,24,36,89,317,458,896,2.45,2.13,2.29,2.93,2.82,2.68,,,,,,2,,,,,,1
100416,New York,00:00.0,00:00.0,15/03/2017,Organic,Bicycle,11.1,11.1,11.1,11.1,11.1,11.1,30,30,30,30,30,30,2.71,2.71,2.71,2.71,2.71,2.71,,,,,,,,,,,,
100427,New York,00:00.0,00:00.0,15/03/2017,Organic,Scooter / Motorcycle,24.6,45,85.4,96.4,96.4,96.4,53,91,160,181,181,181,2.15,2.02,1.87,1.88,1.88,1.88,,,,,,,,,,,,
100430,New York,00:00.0,00:00.0,14/03/2017,Offline,Scooter / Motorcycle,32.7,57.3,110.7,250,404,548.4,73,128,287,639,991,1349,2.24,2.24,2.59,2.56,2.45,2.46,,,,,,,,,,,,
100433,New York,00:00.0,00:00.0,13/03/2017,Referral,Scooter / Motorcycle,19.6,23.9,34.5,37.5,37.5,75.7,31,38,56,61,61,140,1.59,1.59,1.62,1.63,1.63,1.85,,,,,,3,,,,,,1
100434,New York,00:00.0,00:00.0,21/03/2017,Referral,Scooter / Motorcycle,19.3,28.9,51,51.8,150.7,492.5,38,61,104,107,352,1369,1.97,2.11,2.04,2.07,2.34,2.78,,,,,,,,,,,,
100446,New York,00:00.0,00:00.0,14/03/2017,Organic,Bicycle,10.8,13.9,14.7,15.2,15.2,16.6,31,40,42,43,43,47,2.86,2.88,2.86,2.82,2.82,2.83,,,,,,,,,,,,
100448,New York,00:00.0,00:00.0,14/03/2017,Organic,Bicycle,10.5,15.8,29.5,45.2,86.4,129.2,35,52,92,138,232,349,3.33,3.29,3.12,3.05,2.68,2.7,,,,,,2,,,,,,1
100450,New York,00:00.0,00:00.0,19/03/2017,Referral,Bicycle,11.2,11.2,28.7,78.3,87.1,87.1,25,25,63,199,218,218,2.24,2.24,2.19,2.54,2.5,2.5,,,,,2,2,,,,,1,1
100451,New York,00:00.0,00:00.0,23/03/2017,Organic,Bicycle,9,18.5,23.2,23.2,23.2,23.2,16,28,34,34,34,34,1.78,1.52,1.47,1.47,1.47,1.47,,,,,,,,,,,,
100459,New York,00:00.0,00:00.0,13/03/2017,Offline,Scooter / Motorcycle,9.2,13.3,20.7,40.8,40.8,68.3,17,24,34,70,70,148,1.85,1.8,1.65,1.72,1.72,2.17,,,,,,,,,,,,
100462,New York,00:00.0,00:00.0,22/03/2017,Digital,Scooter / Motorcycle,33.1,62.6,107.8,267.8,384.2,852.1,69,134,241,619,919,2117,2.08,2.14,2.24,2.31,2.39,2.48,,,,,,,,,,,,
100463,New York,00:00.0,00:00.0,17/03/2017,Referral,Scooter / Motorcycle,23.8,49.7,99.8,223.6,250.9,312.5,74,150,294,648,724,884,3.11,3.02,2.95,2.9,2.89,2.83,,,,,,3,,,,,,1
100467,New York,00:00.0,00:00.0,17/03/2017,Organic,Scooter / Motorcycle,29.1,61.8,118.6,198,216,255.3,86,188,355,582,626,747,2.95,3.04,2.99,2.94,2.9,2.93,,,1,1,1,1,,,0,1,1,1
100477,New York,00:00.0,00:00.0,17/03/2017,Organic,Bicycle,5.6,9.9,9.9,9.9,9.9,9.9,8,15,15,15,15,15,1.42,1.52,1.52,1.52,1.52,1.52,,,,,,,,,,,,
100481,New York,00:00.0,00:00.0,14/03/2017,Referral,Scooter / Motorcycle,25.7,40.6,80.3,245.6,411.6,1150.9,102,136,251,714,1223,2946,3.97,3.35,3.12,2.91,2.97,2.56,,,,,,,,,,,,
100482,New York,,,14/03/2017,Unknown,Bicycle,7.5,7.5,13.6,13.6,13.6,13.6,20,20,34,34,34,34,2.66,2.66,2.5,2.5,2.5,2.5,,,,,,,,,,,,
100483,New York,00:00.0,00:00.0,14/03/2017,Referral,Scooter / Motorcycle,42.4,67.1,69.6,70.6,70.6,70.6,75,126,132,133,133,133,1.77,1.88,1.9,1.89,1.89,1.89,,,,,,,,,,,,
100485,New York,00:00.0,00:00.0,15/03/2017,Referral,Scooter / Motorcycle,4.4,20.2,20.2,29.3,103.3,322.9,8,40,40,65,242,811,1.81,1.98,1.98,2.22,2.34,2.51,,,,,,,,,,,,
100488,New York,00:00.0,00:00.0,16/03/2017,Organic,Bicycle,12.2,22.2,55.1,103.5,164.3,291,28,51,128,251,415,785,2.29,2.29,2.32,2.43,2.53,2.7,,,,,,,,,,,,
100507,New York,,,14/03/2017,Organic,Bicycle,15.5,15.5,15.5,49.5,50.1,154.5,29,29,29,68,68,144,1.88,1.88,1.88,1.37,1.36,0.93,,,,,,,,,,,,
100511,New York,00:00.0,00:00.0,13/03/2017,Offline,Scooter / Motorcycle,38.4,90.5,193.3,364.5,501,981,131,263,520,884,1265,2629,3.42,2.91,2.69,2.43,2.52,2.68,,,,,,,,,,,,
100523,New York,00:00.0,00:00.0,14/03/2017,Referral,Bicycle,16.6,28.2,41.1,60.4,69.9,69.9,40,67,103,156,181,181,2.41,2.37,2.51,2.58,2.59,2.59,1,1,1,1,1,1,1,1,1,1,1,1
100533,New York,00:00.0,00:00.0,23/03/2017,Organic,Bicycle,6,6,8,19,25.2,90,12,12,16,38,53,173,2,2,2,2,2.11,1.92,,,,,,,,,,,,
100540,New York,00:00.0,00:00.0,14/03/2017,Organic,Bicycle,8.9,13.2,14.8,14.8,14.8,14.8,23,37,41,41,41,41,2.58,2.81,2.77,2.77,2.77,2.77,,,,1,1,1,,,,0,1,1
100567,New York,,,13/03/2017,Unknown,Bicycle,2.8,17,30.7,30.7,30.7,30.7,4,17,26,26,26,26,1.44,1,0.85,0.85,0.85,0.85,,,,,,,,,,,,
100640,Rio de Janeiro,00:00.0,00:00.0,15/03/2017,Organic,Bicycle,6.6,25.4,25.8,36.5,39.9,50,14,54,54,72,76,94,2.11,2.12,2.09,1.97,1.9,1.88,,,,,,,,,,,,
100642,Rio de Janeiro,00:00.0,00:00.0,15/03/2017,Organic,Bicycle,12.4,12.4,33.9,78.5,103.3,133.9,30,30,81,189,240,311,2.41,2.41,2.39,2.41,2.32,2.32,1,1,1,2,2,2,0,0,0,0,1,1
100662,New York,00:00.0,00:00.0,18/03/2017,Organic,Bicycle,29.5,55,100.2,132.6,193.1,317.9,73,138,263,344,509,854,2.47,2.51,2.62,2.59,2.64,2.69,,,,,,1,,,,,,0
100678,New York,00:00.0,00:00.0,14/03/2017,Referral,Scooter / Motorcycle,4.3,23.8,79.4,184.3,268.3,531.1,5,43,213,494,729,1414,1.17,1.8,2.68,2.68,2.72,2.66,,,,,,2,,,,,,0
100702,New York,00:00.0,00:00.0,14/03/2017,Organic,Scooter / Motorcycle,10.7,18.8,29.1,54.4,68.3,94.3,21,34,56,97,127,192,1.96,1.81,1.92,1.78,1.86,2.04,,,,1,2,2,,,,0,0,0
100704,New York,,,15/03/2017,Unknown,Bicycle,7,7,25.6,104.8,141.3,377.3,17,17,67,234,290,653,2.42,2.42,2.62,2.23,2.05,1.73,,,,,2,5,,,,,0,2
100705,New York,00:00.0,00:00.0,14/03/2017,Organic,Bicycle,13.3,25.2,33.7,80.7,88.7,493.9,29,59,76,144,156,963,2.18,2.34,2.26,1.78,1.76,1.95,,,,,,,,,,,,
100707,New York,00:00.0,00:00.0,14/03/2017,Referral,Scooter / Motorcycle,47.4,100.6,205.4,409.7,612.4,840.4,135,292,601,1168,1689,2271,2.85,2.9,2.93,2.85,2.76,2.7,,,2,2,3,3,,,0,0,2,2
100708,New York,00:00.0,00:00.0,16/03/2017,Referral,Bicycle,17.4,24.1,44,58.5,89.9,92.3,44,62,105,149,209,212,2.53,2.57,2.39,2.55,2.33,2.3,,,,,,,,,,,,
100709,New York,00:00.0,00:00.0,14/03/2017,Organic,Bicycle,7.4,7.4,7.4,7.4,7.4,7.4,21,21,21,21,21,21,2.85,2.85,2.85,2.85,2.85,2.85,,,,,,,,,,,,
100711,New York,00:00.0,00:00.0,21/03/2017,Referral,Scooter / Motorcycle,15,22.1,34.8,40.8,40.8,40.9,33,46,67,77,77,77,2.2,2.08,1.93,1.89,1.89,1.88,,,,,1,1,,,,,0,0
100716,New York,00:00.0,00:00.0,15/03/2017,Referral,Scooter / Motorcycle,18,34.5,144,264.3,372,820.3,49,83,338,617,878,2030,2.72,2.4,2.35,2.33,2.36,2.47,,,2,7,10,10,,,0,0,1,2
100717,New York,00:00.0,00:00.0,14/03/2017,Referral,Scooter / Motorcycle,24.6,61.8,122.1,220.3,366,867.8,65,153,319,595,1023,2470,2.64,2.48,2.61,2.7,2.8,2.85,,,,,,,,,,,,
100730,New York,00:00.0,00:00.0,15/03/2017,Organic,Bicycle,10.1,16.1,27,60,65,130,31,52,90,186,208,424,3.07,3.23,3.33,3.1,3.2,3.26,,,,,,1,,,,,,0
100733,Cape Town,,,16/03/2017,Organic,Motor Vehicle,22.9,53.7,94.7,108.8,211.3,332.2,53,122,210,241,476,760,2.31,2.27,2.22,2.21,2.25,2.29,,,,,,,,,,,,
100736,New York,00:00.0,00:00.0,15/03/2017,Referral,Bicycle,9,9,25.3,29.3,29.3,29.3,20,20,57,65,65,65,2.21,2.21,2.25,2.22,2.22,2.22,,,,,,,,,,,,
100737,New York,00:00.0,00:00.0,15/03/2017,Referral,Scooter / Motorcycle,32.4,60,140.3,307.6,429.1,1071.5,90,167,359,741,1048,2609,2.78,2.78,2.56,2.41,2.44,2.43,,,,,,1,,,,,,1
100738,New York,00:00.0,00:00.0,15/03/2017,Offline,Bicycle,12.7,22.7,22.7,22.7,22.7,22.7,26,45,45,45,45,45,2.05,1.98,1.98,1.98,1.98,1.98,,,,,,,,,,,,
100740,New York,00:00.0,00:00.0,15/03/2017,Referral,Scooter / Motorcycle,21.7,43.2,59.4,144.5,147,320.3,47,112,150,400,405,934,2.17,2.59,2.53,2.77,2.76,2.92,1,1,1,3,3,3,0,1,1,1,1,1
100742,New York,00:00.0,00:00.0,15/03/2017,Organic,Bicycle,14.3,20.1,33.7,52.5,54.4,54.4,42,57,89,111,113,113,2.94,2.84,2.64,2.12,2.08,2.08,,,,,,,,,,,,
100743,New York,00:00.0,00:00.0,16/03/2017,Referral,Bicycle,4.9,10.6,19.4,39.5,63.1,120.9,10,26,48,93,162,305,2.06,2.45,2.47,2.35,2.57,2.52,,,,,,1,,,,,,0
100744,New York,00:00.0,00:00.0,16/03/2017,Referral,Bicycle,20.8,36.1,56.4,77.1,85.8,85.8,53,91,159,225,251,251,2.55,2.52,2.82,2.92,2.92,2.92,,1,1,1,1,1,,1,1,1,1,1
100745,New York,00:00.0,00:00.0,18/03/2017,Offline,Scooter / Motorcycle,14,16.9,29.4,30.1,30.1,146.4,31,36,60,61,61,273,2.22,2.13,2.04,2.02,2.02,1.87,,,,,,,,,,,,
100748,New York,00:00.0,00:00.0,14/03/2017,Referral,Bicycle,21,37.1,60.5,106.2,121.8,131.2,50,85,138,238,289,317,2.38,2.29,2.28,2.24,2.37,2.42,,,,,,,,,,,,
100749,New York,00:00.0,00:00.0,16/03/2017,Offline,Scooter / Motorcycle,2.2,4.7,6.4,6.4,14.6,17.7,5,10,15,15,35,42,2.32,2.11,2.35,2.35,2.39,2.38,,,,,,,,,,,,
100757,New York,00:00.0,00:00.0,16/03/2017,Organic,Bicycle,13.7,13.7,23.5,58.7,62,62,22,22,42,100,106,106,1.6,1.6,1.79,1.7,1.71,1.71,,,,,,2,,,,,,0
100758,New York,00:00.0,00:00.0,14/03/2017,Organic,Bicycle,18.9,32.4,52.6,64.9,64.9,64.9,34,62,110,136,136,136,1.8,1.91,2.09,2.1,2.1,2.1,2,3,3,4,4,4,0,0,0,0,0,0
100759,New York,00:00.0,00:00.0,15/03/2017,Organic,Bicycle,10.4,17.2,31.7,42.4,95.2,175.3,11,17,36,50,122,269,1.06,0.99,1.14,1.18,1.28,1.53,,,,,,1,,,,,,0
100760,New York,00:00.0,00:00.0,14/03/2017,Organic,Bicycle,3.5,3.5,3.5,3.5,3.5,3.5,6,6,6,6,6,6,1.72,1.72,1.72,1.72,1.72,1.72,,,,,,,,,,,,
100766,New York,,,15/03/2017,Unknown,Bicycle,7.3,17.9,33.5,42.9,51.2,55,12,36,68,87,102,110,1.64,2.01,2.03,2.03,1.99,2,,,,,,,,,,,,
100772,New York,00:00.0,00:00.0,16/03/2017,Referral,Scooter / Motorcycle,11.8,11.9,11.9,11.9,11.9,11.9,21,21,21,21,21,21,1.78,1.76,1.76,1.76,1.76,1.76,,,,,,,,,,,,
100773,New York,00:00.0,00:00.0,21/03/2017,Organic,Bicycle,6.8,6.8,6.8,6.8,17.4,17.4,16,16,16,16,39,39,2.34,2.34,2.34,2.34,2.24,2.24,1,1,1,1,2,2,0,0,0,0,1,1
100774,New York,00:00.0,00:00.0,15/03/2017,Organic,Bicycle,1.7,1.7,5.1,42.5,55.4,57.5,3,3,9,75,84,89,1.8,1.8,1.77,1.77,1.51,1.55,,,,,,,,,,,,
100784,New York,00:00.0,00:00.0,15/03/2017,Referral,Scooter / Motorcycle,7,11.4,20.2,48.8,52.2,65.1,17,26,49,135,142,189,2.43,2.27,2.43,2.77,2.72,2.9,,,,,2,2,,,,,0,1
100787,New York,00:00.0,00:00.0,15/03/2017,Referral,Scooter / Motorcycle,25.2,42.5,58.9,144.3,246.9,457.8,54,95,146,421,752,1435,2.14,2.23,2.48,2.92,3.05,3.13,,,,,,,,,,,,
100792,New York,00:00.0,00:00.0,16/03/2017,Digital,Scooter / Motorcycle,33.9,55.6,58.1,100.3,123.4,123.4,71,119,123,221,255,255,2.09,2.14,2.12,2.2,2.07,2.07,,,,,,,,,,,,
100793,New York,00:00.0,00:00.0,21/03/2017,Digital,Scooter / Motorcycle,9.7,15.9,28.3,52.5,73.2,122,20,39,80,152,198,335,2.07,2.45,2.83,2.9,2.71,2.75,1,1,1,1,1,1,0,0,0,0,0,0
100795,New York,00:00.0,00:00.0,17/03/2017,Digital,Bicycle,9.5,12,19.3,35.3,43.8,62,22,29,46,85,108,155,2.31,2.42,2.39,2.41,2.47,2.5,,,,,1,2,,,,,0,2
100796,New York,00:00.0,00:00.0,22/03/2017,Digital,Bicycle,9.5,17,24.7,31.1,31.1,31.1,18,37,55,72,72,72,1.89,2.18,2.23,2.32,2.32,2.32,,,,,,,,,,,,
100807,New York,00:00.0,00:00.0,16/03/2017,Organic,Bicycle,13.9,27,39.1,39.1,39.1,39.1,34,61,82,82,82,82,2.45,2.26,2.1,2.1,2.1,2.1,,,,,,,,,,,,
100894,New York,00:00.0,00:00.0,17/03/2017,Organic,Scooter / Motorcycle,45.4,80.1,150.3,286.7,423.1,775.3,97,172,339,704,1067,2025,2.14,2.15,2.26,2.46,2.52,2.61,,,,,,,,,,,,
100897,New York,00:00.0,00:00.0,17/03/2017,Referral,Scooter / Motorcycle,38.8,72,119.3,273.3,446.7,1210,108,205,323,710,1179,3299,2.78,2.85,2.71,2.6,2.64,2.73,1,1,1,1,1,3,0,0,0,0,0,1
100898,New York,00:00.0,00:00.0,20/03/2017,Referral,Scooter / Motorcycle,20.7,53.4,109,318.4,562.5,986,17,38,100,503,923,1907,0.82,0.71,0.92,1.58,1.64,1.93,,,,,1,5,,,,,0,1
100900,New York,00:00.0,00:00.0,20/03/2017,Referral,Bicycle,18.5,33.8,62.2,100.1,129.9,129.9,38,70,147,254,338,338,2.06,2.07,2.36,2.54,2.6,2.6,,,,,,,,,,,,
100901,New York,00:00.0,00:00.0,25/03/2017,Offline,Scooter / Motorcycle,39.7,39.7,39.7,39.7,39.7,82.5,92,92,92,92,92,184,2.32,2.32,2.32,2.32,2.32,2.23,,,,,,,,,,,,
100902,New York,00:00.0,00:00.0,19/03/2017,Referral,Scooter / Motorcycle,70.9,131.4,253.3,283.9,300.9,564,130,233,475,527,558,1110,1.83,1.77,1.88,1.86,1.85,1.97,,,,,,1,,,,,,0
100904,New York,00:00.0,00:00.0,17/03/2017,Digital,Bicycle,4.8,4.8,7.4,7.4,7.4,7.4,11,11,17,17,17,17,2.3,2.3,2.31,2.31,2.31,2.31,,,,,,,,,,,,
100909,New York,00:00.0,00:00.0,17/03/2017,Organic,Bicycle,9.9,9.9,9.9,9.9,9.9,9.9,18,18,18,18,18,18,1.81,1.81,1.81,1.81,1.81,1.81,,,,,,,,,,,,
100918,New York,00:00.0,00:00.0,21/03/2017,Referral,Scooter / Motorcycle,23.4,46.9,67.6,148.5,226.7,372.8,39,76,116,275,414,676,1.67,1.62,1.72,1.85,1.83,1.81,,,,,,,,,,,,
100920,New York,00:00.0,00:00.0,17/03/2017,Referral,Bicycle,26.4,40,40,40,40,40,59,96,96,96,96,96,2.24,2.4,2.4,2.4,2.4,2.4,,,,,,,,,,,,
100936,New York,00:00.0,00:00.0,18/03/2017,Organic,Bicycle,19.4,41,78.3,127.9,204.7,436.6,26,55,118,188,263,710,1.34,1.34,1.51,1.47,1.29,1.63,,,,,,,,,,,,
100937,New York,00:00.0,00:00.0,20/03/2017,Digital,Scooter / Motorcycle,55.5,103,186.9,342.9,485.4,569.8,89,168,298,480,640,706,1.6,1.63,1.59,1.4,1.32,1.24,,,,,,,,,,,,
100938,New York,00:00.0,00:00.0,17/03/2017,Offline,Bicycle,10.9,23.7,37.5,39.6,41.8,50.2,30,64,100,105,105,122,2.76,2.7,2.66,2.65,2.51,2.43,,,,,,,,,,,,
100939,New York,00:00.0,00:00.0,19/03/2017,Referral,Bicycle,18.5,33.9,90.4,105.1,204.9,534.2,43,74,209,237,449,1244,2.32,2.18,2.31,2.25,2.19,2.33,,,,1,2,2,,,,0,1,1
100941,New York,00:00.0,00:00.0,20/03/2017,Organic,Bicycle,9.5,18.7,45.1,73.4,83.8,180.9,10,26,81,137,150,150,1.06,1.39,1.8,1.87,1.79,0.83,,,,,1,1,,,,,0,0
100942,New York,00:00.0,00:00.0,22/03/2017,Organic,Bicycle,17.4,29,59.7,87.9,87.9,87.9,16,25,71,120,120,120,0.92,0.86,1.19,1.37,1.37,1.37,,,,,,,,,,,,
100943,New York,00:00.0,00:00.0,18/03/2017,Referral,Bicycle,12.4,15.3,21.7,47,67,113.6,17,23,35,77,110,211,1.37,1.51,1.61,1.64,1.64,1.86,,,,,,2,,,,,,1
100945,New York,00:00.0,00:00.0,17/03/2017,Organic,Bicycle,17.9,17.9,42.4,88.2,88.2,88.2,56,56,123,258,258,258,3.13,3.13,2.9,2.93,2.93,2.93,,,,,,,,,,,,
100946,Rio de Janeiro,00:00.0,00:00.0,17/03/2017,Organic,Bicycle,13.3,26.6,41.7,85.5,85.5,85.5,28,59,95,193,193,193,2.11,2.22,2.28,2.26,2.26,2.26,,,,,,,,,,,,
100947,Rio de Janeiro,00:00.0,00:00.0,17/03/2017,Organic,Bicycle,3.8,3.8,3.8,3.8,3.8,3.8,7,7,7,7,7,7,1.85,1.85,1.85,1.85,1.85,1.85,,,,,,,,,,,,
100948,Rio de Janeiro,,,22/03/2017,Unknown,Pedestrian / Walker,13.7,13.7,13.7,13.7,13.7,13.7,8,8,8,8,8,8,0.59,0.59,0.59,0.59,0.59,0.59,,,,,,,,,,,,
100949,New York,00:00.0,00:00.0,17/03/2017,Organic,Scooter / Motorcycle,19.8,38.8,41.3,41.3,41.3,41.3,33,67,72,72,72,72,1.66,1.73,1.74,1.74,1.74,1.74,,,,,,,,,,,,
100955,Rio de Janeiro,,,22/03/2017,Unknown,Pedestrian / Walker,11.3,11.3,11.3,11.3,11.3,11.3,7,7,7,7,7,7,0.62,0.62,0.62,0.62,0.62,0.62,,,,,,,,,,,,
100958,Rio de Janeiro,,,22/03/2017,Unknown,Pedestrian / Walker,8.3,8.3,8.3,8.3,8.3,8.3,5,5,5,5,5,5,0.6,0.6,0.6,0.6,0.6,0.6,,,,,,,,,,,,
100961,Rio de Janeiro,00:00.0,00:00.0,22/03/2017,Organic,Pedestrian / Walker,7.3,7.3,7.3,7.3,7.3,7.3,4,4,4,4,4,4,0.55,0.55,0.55,0.55,0.55,0.55,,,,,,,,,,,,
100962,New York,00:00.0,00:00.0,18/03/2017,Digital,Scooter / Motorcycle,53.8,101.8,120.2,140.4,195.6,339.1,96,200,249,291,373,553,1.78,1.96,2.07,2.07,1.91,1.63,,,,,,,,,,,,
100966,New York,00:00.0,00:00.0,18/03/2017,Organic,Scooter / Motorcycle,10.8,28.6,92.2,337.1,606.8,1294.3,14,49,193,805,1474,3131,1.29,1.71,2.09,2.39,2.43,2.42,1,1,1,1,1,1,1,1,1,1,1,1
100970,New York,00:00.0,00:00.0,18/03/2017,Organic,Scooter / Motorcycle,1.6,2.2,2.2,2.2,2.2,8.5,0,0,0,0,0,14,0,0,0,0,0,1.64,,,,,,,,,,,,
100976,New York,00:00.0,00:00.0,17/03/2017,Organic,Scooter / Motorcycle,17.2,27,72.3,89.7,146.1,246.4,61,96,258,310,458,756,3.54,3.56,3.57,3.46,3.13,3.07,,,,,,2,,,,,,1
100977,New York,00:00.0,00:00.0,19/03/2017,Offline,Scooter / Motorcycle,3.3,15.2,38,83.5,113.2,170.3,6,38,96,215,266,352,1.8,2.51,2.53,2.58,2.35,2.07,,,,,,,,,,,,
100978,New York,00:00.0,00:00.0,18/03/2017,Referral,Scooter / Motorcycle,55.6,110.8,185,282.9,282.9,282.9,56,102,183,275,275,275,1.01,0.92,0.99,0.97,0.97,0.97,,,,1,1,1,,,,0,0,0
100981,New York,00:00.0,00:00.0,26/03/2017,Organic,Bicycle,13.6,24.1,39.9,62.2,73.6,75.7,21,34,46,84,87,87,1.55,1.41,1.15,1.35,1.18,1.15,2,2,2,2,2,2,0,0,0,0,0,0
100982,New York,00:00.0,00:00.0,17/03/2017,Digital,Bicycle,9.7,18.1,26.6,37.4,37.4,37.4,31,60,86,124,124,124,3.2,3.31,3.23,3.32,3.32,3.32,,,,,,,,,,,,
100983,New York,00:00.0,00:00.0,18/03/2017,Digital,Bicycle,6,14.3,14.3,28.6,28.6,28.6,17,40,40,78,78,78,2.82,2.8,2.8,2.72,2.72,2.72,,,,,,,,,,,,
100984,New York,00:00.0,00:00.0,18/03/2017,Referral,Scooter / Motorcycle,43,80.6,157,315.7,466.2,1005.7,102,205,418,832,1215,2583,2.37,2.54,2.66,2.64,2.61,2.57,,,,,,,,,,,,
100985,New York,00:00.0,00:00.0,17/03/2017,Referral,Scooter / Motorcycle,17.3,19.9,55.8,228.4,493.3,982.6,29,38,118,542,1195,2357,1.67,1.91,2.11,2.37,2.42,2.4,,,,,,,,,,,,
100986,New York,00:00.0,00:00.0,22/03/2017,Organic,Bicycle,13.5,21,29.7,37.8,37.8,37.8,26,41,58,73,73,73,1.92,1.95,1.95,1.93,1.93,1.93,,,,,,,,,,,,
100987,New York,00:00.0,00:00.0,17/03/2017,Organic,Scooter / Motorcycle,32.6,35.8,35.8,35.8,35.8,35.8,76,84,84,84,84,84,2.33,2.35,2.35,2.35,2.35,2.35,,,,,,,,,,,,
100988,New York,00:00.0,00:00.0,18/03/2017,Referral,Scooter / Motorcycle,23.9,49.2,79.3,140.9,237.6,397.8,86,165,261,466,777,1230,3.6,3.35,3.29,3.31,3.27,3.09,,,2,2,2,2,,,0,1,1,1
100998,New York,00:00.0,00:00.0,22/03/2017,Offline,Scooter / Motorcycle,26.8,43.9,61.2,88.7,94.3,200.8,77,134,186,283,304,673,2.88,3.05,3.04,3.19,3.22,3.35,2,2,2,3,3,3,0,0,1,1,1,1
101036,Rio de Janeiro,00:00.0,00:00.0,20/03/2017,Referral,Bicycle,17.1,23.7,23.7,23.7,23.7,23.7,31,43,43,43,43,43,1.81,1.82,1.82,1.82,1.82,1.82,,,,,,,,,,,,
101039,Rio de Janeiro,00:00.0,00:00.0,22/03/2017,Organic,Bicycle,25.2,41.1,84.9,158.2,169,172.2,49,83,154,285,307,314,1.94,2.02,1.81,1.8,1.82,1.82,,,,,,,,,,,,
101040,Rio de Janeiro,00:00.0,00:00.0,19/03/2017,Organic,Bicycle,12.6,17.9,34.3,82.5,115.2,174.2,21,28,66,171,240,362,1.66,1.56,1.93,2.07,2.08,2.08,,,,,,,,,,,,
101131,New York,00:00.0,00:00.0,21/03/2017,Organic,Bicycle,11,17.7,23.7,23.7,23.7,23.7,29,46,59,59,59,59,2.63,2.6,2.49,2.49,2.49,2.49,,,,,,,,,,,,
101132,New York,00:00.0,00:00.0,18/03/2017,Organic,Scooter / Motorcycle,2.5,2.5,2.5,2.5,2.5,2.5,5,5,5,5,5,5,1.98,1.98,1.98,1.98,1.98,1.98,,,,,,,,,,,,
101133,New York,00:00.0,00:00.0,19/03/2017,Referral,Scooter / Motorcycle,19.2,35.2,50.3,84,115.3,192.9,59,103,156,263,357,570,3.08,2.93,3.1,3.13,3.1,2.95,,,,,,,,,,,,
101134,New York,00:00.0,00:00.0,19/03/2017,Organic,Scooter / Motorcycle,18.5,23.7,26.2,29.5,29.5,29.5,58,77,86,97,97,97,3.13,3.25,3.28,3.29,3.29,3.29,,,,,,,,,,,,
101135,New York,00:00.0,00:00.0,21/03/2017,Digital,Bicycle,10.7,13.3,21.1,21.1,21.1,21.1,28,33,54,54,54,54,2.61,2.47,2.56,2.56,2.56,2.56,,,,,,,,,,,,
101136,New York,00:00.0,00:00.0,19/03/2017,Organic,Scooter / Motorcycle,13.2,16.2,36.3,43,50.9,50.9,26,31,77,92,109,109,1.97,1.92,2.12,2.14,2.14,2.14,,,,,,,,,,,,
101138,New York,00:00.0,00:00.0,19/03/2017,Organic,Scooter / Motorcycle,23.7,34.8,51.3,65.9,84.9,134.3,45,66,103,136,166,258,1.9,1.89,2.01,2.06,1.95,1.92,,,,,,,,,,,,
101140,New York,00:00.0,00:00.0,21/03/2017,Offline,Scooter / Motorcycle,18.7,42.3,86.7,169,211.7,416.8,37,80,172,362,453,808,1.98,1.89,1.98,2.14,2.14,1.94,,,,,,,,,,,,
101150,New York,00:00.0,00:00.0,19/03/2017,Referral,Bicycle,18.7,34.4,62.2,68.2,68.2,68.2,38,71,133,152,152,152,2.03,2.06,2.14,2.23,2.23,2.23,,,,,,,,,,,,
101151,New York,00:00.0,00:00.0,22/03/2017,Digital,Bicycle,6.7,10,15.7,15.7,15.7,15.7,21,30,47,47,47,47,3.11,3.01,3,3,3,3,,,,,,,,,,,,
101162,New York,00:00.0,00:00.0,18/03/2017,Organic,Scooter / Motorcycle,38.4,87.3,133,138.6,139.6,139.7,80,172,291,305,308,308,2.08,1.97,2.19,2.2,2.21,2.2,,,,,,,,,,,,
101166,New York,00:00.0,00:00.0,19/03/2017,Organic,Scooter / Motorcycle,51.1,95.7,179.7,257.3,265.9,274.3,135,237,436,645,657,683,2.64,2.48,2.43,2.51,2.47,2.49,,,,,,,,,,,,
101167,New York,00:00.0,00:00.0,19/03/2017,Referral,Scooter / Motorcycle,21.4,54.5,109.4,269.6,419.3,937.8,46,142,288,763,1203,2515,2.15,2.61,2.63,2.83,2.87,2.68,,,,,1,1,,,,,1,1
101170,New York,,,21/03/2017,Offline,Bicycle,14.9,25.7,44,48.1,48.1,96.4,26,46,74,86,86,129,1.74,1.79,1.68,1.79,1.79,1.34,,,,,,,,,,,,
101173,New York,00:00.0,00:00.0,20/03/2017,Organic,Scooter / Motorcycle,6.9,52.9,123.8,223.2,324.1,517.4,15,123,300,502,685,1063,2.19,2.32,2.42,2.25,2.11,2.05,4,4,9,9,11,20,0,0,0,1,2,7
101174,New York,00:00.0,00:00.0,19/03/2017,Referral,Bicycle,5.7,14.6,23.2,32,40.1,40.1,13,32,53,75,100,100,2.28,2.19,2.28,2.34,2.49,2.49,,,,,,,,,,,,
101175,New York,00:00.0,00:00.0,19/03/2017,Referral,Bicycle,26.3,51.5,76.2,116.4,116.4,116.4,56,115,173,251,251,251,2.13,2.23,2.27,2.16,2.16,2.16,,,,,,,,,,,,
101176,New York,00:00.0,00:00.0,18/03/2017,Offline,Scooter / Motorcycle,37.8,68.1,136.8,254.6,264.9,264.9,124,197,405,903,958,958,3.28,2.89,2.96,3.55,3.62,3.62,,,,,,,,,,,,
101181,New York,00:00.0,00:00.0,20/03/2017,Referral,Scooter / Motorcycle,7.6,7.6,7.6,7.6,7.6,7.6,30,30,30,30,30,30,3.95,3.95,3.95,3.95,3.95,3.95,,,,,,,,,,,,
101189,New York,00:00.0,00:00.0,18/03/2017,Digital,Scooter / Motorcycle,53.1,94.6,169.3,351.9,502.7,1026.8,112,214,385,832,1169,2292,2.11,2.26,2.27,2.36,2.33,2.23,,,,,,,,,,,,
101192,New York,00:00.0,00:00.0,19/03/2017,Organic,Scooter / Motorcycle,35.7,65.6,130.5,210.1,369.4,848,97,190,400,643,1078,2285,2.72,2.9,3.07,3.06,2.92,2.69,,,,,,5,,,,,,0
101193,Rio de Janeiro,00:00.0,00:00.0,30/03/2017,Organic,Bicycle,28.2,31.9,31.9,31.9,43,46.1,50,59,59,59,77,81,1.77,1.85,1.85,1.85,1.79,1.76,,,,,,,,,,,,
101194,New York,00:00.0,00:00.0,21/03/2017,Organic,Bicycle,13.7,25,47,85.9,127.6,163.5,31,62,127,237,335,428,2.26,2.48,2.7,2.76,2.63,2.62,1,1,1,1,1,1,0,0,0,0,0,0
101195,New York,00:00.0,00:00.0,18/03/2017,Organic,Bicycle,24.2,33.7,36.2,36.2,36.2,36.2,58,84,91,91,91,91,2.4,2.49,2.52,2.52,2.52,2.52,,,,,,,,,,,,
101196,New York,00:00.0,00:00.0,22/03/2017,Referral,Scooter / Motorcycle,13,18.2,23.1,27.4,28.8,34.8,26,36,49,56,58,72,2,1.98,2.12,2.04,2.02,2.07,,,,,,,,,,,,
101197,Cape Town,00:00.0,00:00.0,19/03/2017,Organic,Bicycle,9.5,9.5,49.8,89.8,101.2,121.4,18,18,98,181,201,253,1.89,1.89,1.97,2.02,1.99,2.08,,,,,,,,,,,,
101198,New York,00:00.0,00:00.0,19/03/2017,Organic,Bicycle,15.8,18.9,18.9,35.3,71.4,184.4,39,44,44,78,144,388,2.47,2.32,2.32,2.21,2.02,2.1,,,,,,,,,,,,
101199,New York,00:00.0,00:00.0,18/03/2017,Referral,Scooter / Motorcycle,34.9,52,69.4,158.2,202.2,421.4,96,139,181,447,574,1161,2.75,2.67,2.61,2.83,2.84,2.76,1,1,1,1,1,3,0,0,0,0,0,0
101202,Rio de Janeiro,00:00.0,00:00.0,22/03/2017,Organic,Bicycle,6.9,6.9,6.9,8,8,9.4,9,9,9,10,10,12,1.31,1.31,1.31,1.25,1.25,1.27,,,,,,,,,,,,
101203,Rio de Janeiro,00:00.0,00:00.0,20/03/2017,Organic,Bicycle,8.1,16.2,34.2,48.3,75.6,77.4,15,35,83,117,195,197,1.86,2.15,2.43,2.42,2.58,2.55,,,,,1,1,,,,,0,0
101204,New York,00:00.0,00:00.0,21/03/2017,Offline,Bicycle,18.4,21.7,21.7,30.7,51.8,303.4,28,37,37,52,87,613,1.52,1.7,1.7,1.7,1.68,2.02,,,,,,,,,,,,
101205,New York,00:00.0,00:00.0,18/03/2017,Digital,Scooter / Motorcycle,3.8,3.8,3.8,97.2,131.3,426.2,6,6,6,204,287,921,1.59,1.59,1.59,2.1,2.19,2.16,,,,,,,,,,,,
101212,New York,00:00.0,00:00.0,19/03/2017,Digital,Scooter / Motorcycle,10.3,15.2,37,47.9,61.3,68.5,24,31,78,98,119,134,2.33,2.04,2.11,2.05,1.94,1.96,,,,,,,,,,,,
101215,New York,00:00.0,00:00.0,19/03/2017,Referral,Scooter / Motorcycle,11.3,20.6,33.6,43.9,48.8,49.8,28,49,83,105,110,112,2.48,2.38,2.47,2.39,2.26,2.25,,,,,,,,,,,,
101216,New York,00:00.0,00:00.0,19/03/2017,Referral,Scooter / Motorcycle,66.2,124.8,242.2,553.3,841.7,1697.7,225,401,753,1691,2563,4777,3.4,3.21,3.11,3.06,3.04,2.81,1,1,2,3,4,4,0,0,0,1,1,1
101217,New York,00:00.0,00:00.0,18/03/2017,Digital,Scooter / Motorcycle,29.6,29.6,55.5,62.8,67.1,67.1,61,61,123,138,145,145,2.06,2.06,2.22,2.2,2.16,2.16,,,,,,,,,,,,
101218,New York,00:00.0,00:00.0,23/03/2017,Organic,Bicycle,9.8,21.6,24.5,24.5,24.5,24.5,24,52,61,61,61,61,2.46,2.4,2.49,2.49,2.49,2.49,,,,,,,,,,,,
101221,New York,00:00.0,00:00.0,19/03/2017,Digital,Scooter / Motorcycle,25,46.8,99.7,186.7,255.4,465.3,69,133,286,533,716,1297,2.76,2.84,2.87,2.86,2.8,2.79,,,,,,3,,,,,,2
101222,New York,00:00.0,00:00.0,19/03/2017,Referral,Scooter / Motorcycle,72.2,128,222.8,414.6,465.5,563.9,123,230,433,819,912,1096,1.7,1.8,1.94,1.98,1.96,1.94,,,,,,,,,,,,
101296,Cape Town,00:00.0,00:00.0,19/03/2017,Organic,Bicycle,4.6,17.3,36.3,36.3,39,66.7,6,26,66,66,72,128,1.31,1.5,1.82,1.82,1.85,1.92,,,,,,,,,,,,
101297,Cape Town,,,20/03/2017,Organic,Bicycle,22.5,22.5,39.9,83.5,83.5,110.5,42,42,79,180,180,241,1.87,1.87,1.98,2.16,2.16,2.18,,,,,,,,,,,,
101298,Cape Town,00:00.0,00:00.0,21/03/2017,Digital,Bicycle,8.4,44.3,49.7,144.5,191.3,289,20,110,127,334,445,724,2.38,2.48,2.56,2.31,2.33,2.51,,,,,,,,,,,,
101299,Cape Town,00:00.0,00:00.0,19/03/2017,Organic,Bicycle,8,19.5,38.7,48.4,48.4,48.4,11,35,76,98,98,98,1.38,1.79,1.96,2.03,2.03,2.03,,,,,,,,,,,,
101300,Cape Town,00:00.0,00:00.0,25/03/2017,Organic,Bicycle,9.5,11.5,11.5,11.5,17.4,23.5,22,24,24,24,34,45,2.31,2.08,2.08,2.08,1.95,1.91,,,,,,,,,,,,
101301,Cape Town,00:00.0,00:00.0,23/03/2017,Organic,Bicycle,4.2,7.1,13.5,13.5,23.2,35,11,18,38,38,59,92,2.61,2.54,2.81,2.81,2.54,2.63,,,,,,,,,,,,
101302,Cape Town,00:00.0,00:00.0,19/03/2017,Digital,Bicycle,40.3,82,125.2,239.8,379.1,559.8,96,200,313,554,883,1374,2.38,2.44,2.5,2.31,2.33,2.45,,,,,,,,,,,,
101306,Cape Town,00:00.0,00:00.0,20/03/2017,Organic,Bicycle,22.4,40.7,54.1,101.2,141.7,232.8,44,85,122,233,337,594,1.97,2.09,2.25,2.3,2.38,2.55,,,,,,,,,,,,
101349,New York,00:00.0,00:00.0,25/03/2017,Digital,Bicycle,12.8,17.6,17.6,17.6,17.6,17.6,25,37,37,37,37,37,1.95,2.11,2.11,2.11,2.11,2.11,,,,,,,,,,,,
101352,New York,00:00.0,00:00.0,19/03/2017,Referral,Bicycle,56.2,92.6,177.4,329,443.8,635.1,134,221,408,704,904,1264,2.38,2.39,2.3,2.14,2.04,1.99,,,,,,,,,,,,
101366,New York,00:00.0,00:00.0,21/03/2017,Organic,Scooter / Motorcycle,12.2,21.9,41.5,170.6,305.7,638,28,52,87,465,892,1931,2.3,2.37,2.1,2.73,2.92,3.03,,,,,,,,,,,,
101368,New York,00:00.0,00:00.0,20/03/2017,Organic,Bicycle,16.9,45.5,111.7,111.7,111.7,111.7,44,124,303,303,303,303,2.61,2.73,2.71,2.71,2.71,2.71,,,,,,,,,,,,
101377,New York,00:00.0,00:00.0,21/03/2017,Organic,Bicycle,10.1,13.5,13.5,15.1,15.1,15.1,29,37,37,42,42,42,2.87,2.75,2.75,2.79,2.79,2.79,,,,,,,,,,,,
101381,New York,00:00.0,00:00.0,25/03/2017,Organic,Bicycle,0.7,0.7,0.7,0.7,0.7,0.7,1,1,1,1,1,1,1.5,1.5,1.5,1.5,1.5,1.5,,,,,,,,,,,,
101382,New York,00:00.0,00:00.0,21/03/2017,Digital,Bicycle,12.9,23.5,49.2,79,117.4,119.8,39,71,149,230,314,322,3.01,3.02,3.03,2.91,2.67,2.69,,,,,1,2,,,,,0,0
101383,New York,00:00.0,00:00.0,19/03/2017,Referral,Scooter / Motorcycle,48.7,78.2,159.6,246.9,286.9,367.1,108,172,417,687,813,1078,2.22,2.2,2.61,2.78,2.83,2.94,,,,1,1,1,,,,1,1,1
101401,New York,00:00.0,00:00.0,20/03/2017,Referral,Scooter / Motorcycle,22.2,32.1,42.2,56.6,109.7,421.9,60,88,120,169,340,1075,2.71,2.74,2.84,2.98,3.1,2.55,,,,,3,7,,,,,1,3
101404,New York,00:00.0,00:00.0,19/03/2017,Referral,Scooter / Motorcycle,36.3,36.3,43.7,72.5,72.5,72.5,77,77,91,140,140,140,2.12,2.12,2.08,1.93,1.93,1.93,,,,,,,,,,,,
101406,New York,00:00.0,00:00.0,21/03/2017,Organic,Bicycle,2.4,14.4,42.7,62.2,68.3,68.3,3,23,72,113,125,125,1.24,1.59,1.69,1.82,1.83,1.83,,,,,,,,,,,,
101422,New York,00:00.0,00:00.0,20/03/2017,Digital,Bicycle,1.7,1.7,1.7,1.7,1.7,1.7,3,3,3,3,3,3,1.77,1.77,1.77,1.77,1.77,1.77,,,,,,,,,,,,
101427,New York,00:00.0,00:00.0,20/03/2017,Job Platforms,Scooter / Motorcycle,19.7,28,38.8,39.5,39.5,78.6,42,56,72,74,74,156,2.13,2,1.86,1.87,1.87,1.98,,,,,,,,,,,,
101433,New York,00:00.0,00:00.0,21/03/2017,Referral,Scooter / Motorcycle,1.3,1.3,13.1,57.3,101.6,203.8,3,3,34,170,284,547,2.29,2.29,2.59,2.97,2.8,2.68,1,1,1,1,1,3,0,0,0,0,0,0
101438,New York,00:00.0,00:00.0,19/03/2017,Referral,Bicycle,17.2,72.5,129.4,215.8,331.7,731.2,38,159,326,531,768,1783,2.21,2.19,2.52,2.46,2.32,2.44,,,,,1,4,,,,,0,3
101439,New York,00:00.0,00:00.0,19/03/2017,Referral,Bicycle,21,33.7,76.5,172.7,215,466.6,46,75,175,435,545,1266,2.19,2.23,2.29,2.52,2.54,2.71,,,,,,,,,,,,
101441,New York,00:00.0,00:00.0,20/03/2017,Referral,Scooter / Motorcycle,13.6,15.7,20.3,33.7,33.7,33.7,27,33,43,69,69,69,1.99,2.1,2.12,2.05,2.05,2.05,,,,,,,,,,,,
101442,New York,,,20/03/2017,Unknown,Bicycle,40.6,105.6,160.1,167,171.7,262,77,217,316,322,326,413,1.9,2.06,1.97,1.93,1.9,1.58,,,,,,,,,,,,
101463,New York,00:00.0,00:00.0,21/03/2017,Organic,Bicycle,17.8,26.9,43.1,43.1,43.1,43.1,27,45,62,62,62,62,1.52,1.67,1.44,1.44,1.44,1.44,,,,,,,,,,,,
101465,New York,00:00.0,00:00.0,19/03/2017,Organic,Scooter / Motorcycle,68.4,128.6,254.3,525.7,791,1374.4,134,278,576,1296,1939,3312,1.96,2.16,2.26,2.47,2.45,2.41,,,,,,2,,,,,,0
101469,New York,00:00.0,00:00.0,21/03/2017,Offline,Scooter / Motorcycle,47.9,85.5,167.1,270.7,283.6,416.2,96,178,364,630,661,994,2,2.08,2.18,2.33,2.33,2.39,,,,,,,,,,,,
101470,New York,00:00.0,00:00.0,21/03/2017,Offline,Scooter / Motorcycle,29.6,40.9,40.9,40.9,40.9,40.9,57,78,78,78,78,78,1.92,1.91,1.91,1.91,1.91,1.91,,,,,,,,,,,,
101472,New York,00:00.0,00:00.0,20/03/2017,Referral,Scooter / Motorcycle,51.3,73,83.5,119.3,119.3,119.3,146,207,244,340,340,340,2.85,2.84,2.92,2.85,2.85,2.85,,,,,,,,,,,,
101474,New York,00:00.0,00:00.0,22/03/2017,Referral,Scooter / Motorcycle,7.9,9.2,12.2,12.2,12.2,15.9,13,16,22,22,22,29,1.64,1.74,1.81,1.81,1.81,1.83,1,1,1,1,1,1,0,0,1,1,1,1
101476,New York,00:00.0,00:00.0,22/03/2017,Referral,Bicycle,3.1,3.1,3.1,3.1,3.1,43.6,3,3,3,3,3,81,0.97,0.97,0.97,0.97,0.97,1.86,,,,,,,,,,,,
101478,New York,00:00.0,00:00.0,20/03/2017,Offline,Scooter / Motorcycle,42.4,81.6,153.3,301.9,441,829.6,62,135,282,625,934,1779,1.46,1.66,1.84,2.07,2.12,2.14,,,,,,,,,,,,
101483,New York,00:00.0,00:00.0,22/03/2017,Referral,Scooter / Motorcycle,17.9,36.7,79.3,134.1,198.9,333.1,46,94,198,366,564,966,2.57,2.56,2.5,2.73,2.84,2.9,,,,,,1,,,,,,1
101602,New York,00:00.0,00:00.0,20/03/2017,Referral,Bicycle,8.8,9.3,9.3,9.3,9.3,9.3,22,23,23,23,23,23,2.51,2.48,2.48,2.48,2.48,2.48,,,,,,,,,,,,
101604,New York,00:00.0,00:00.0,20/03/2017,Organic,Scooter / Motorcycle,0.2,0.2,2.7,5.2,10.4,20.9,0,0,2,2,15,27,0,0,0.75,0.38,1.45,1.29,,,,,1,2,,,,,0,0
101624,New York,00:00.0,00:00.0,28/03/2017,Referral,Scooter / Motorcycle,7.2,10.4,16.6,36,46.2,75.1,21,31,50,100,121,188,2.9,2.97,3.01,2.78,2.62,2.5,,,,,7,8,,,,,1,2
101629,New York,00:00.0,00:00.0,25/03/2017,Referral,Scooter / Motorcycle,19.4,44.6,44.6,132.7,207.1,411.8,21,63,63,209,330,688,1.08,1.41,1.41,1.58,1.59,1.67,,,,,1,3,,,,,1,1
101630,New York,00:00.0,00:00.0,24/03/2017,Offline,Bicycle,29.1,48.2,100.4,191.8,278.1,603.5,58,105,211,384,571,1113,2,2.18,2.1,2,2.05,1.84,,,,,,2,,,,,,1
101647,New York,00:00.0,00:00.0,21/03/2017,Organic,Bicycle,3.9,9.4,9.4,13.3,19,198.1,8,22,22,33,41,542,2.05,2.35,2.35,2.49,2.16,2.74,,,,,,,,,,,,
101659,New York,,,21/03/2017,Unknown,Pedestrian / Walker,0.4,0.4,0.4,0.4,0.4,0.4,1,1,1,1,1,1,2.45,2.45,2.45,2.45,2.45,2.45,,,,,,,,,,,,
101665,New York,00:00.0,00:00.0,22/03/2017,Organic,Bicycle,11,11,11,11,11,11,21,21,21,21,21,21,1.9,1.9,1.9,1.9,1.9,1.9,,,,,,,,,,,,
101669,New York,00:00.0,00:00.0,21/03/2017,Organic,Bicycle,6.7,11.5,16.3,16.3,16.3,16.3,17,31,45,45,45,45,2.54,2.71,2.77,2.77,2.77,2.77,,,,,,,,,,,,
101670,New York,00:00.0,00:00.0,21/03/2017,Referral,Bicycle,5.5,6.1,6.1,6.1,6.1,6.1,11,12,12,12,12,12,1.98,1.98,1.98,1.98,1.98,1.98,1,1,1,1,1,1,0,0,0,0,0,0
101674,New York,00:00.0,00:00.0,21/03/2017,Organic,Bicycle,29.8,44.6,63.3,63.3,63.3,63.3,33,53,80,80,80,80,1.11,1.19,1.26,1.26,1.26,1.26,,,,,,,,,,,,
101700,New York,00:00.0,00:00.0,21/03/2017,Referral,Bicycle,13.9,32.1,62.1,72.9,72.9,83,31,72,132,160,160,168,2.22,2.25,2.13,2.19,2.19,2.02,,,,,,,,,,,,
101707,New York,00:00.0,00:00.0,20/03/2017,Referral,Scooter / Motorcycle,25.1,45.3,85.2,152.6,243.4,407.5,80,144,266,438,650,1108,3.19,3.18,3.12,2.87,2.67,2.72,,,,,,1,,,,,,0
101708,New York,00:00.0,00:00.0,20/03/2017,Referral,Bicycle,26.8,54.6,77.5,150.6,217.6,375.3,17,40,85,181,254,418,0.63,0.73,1.1,1.2,1.17,1.11,,,,,1,1,,,,,0,0
101709,New York,00:00.0,00:00.0,26/03/2017,Referral,Scooter / Motorcycle,39.6,77,120.9,232.8,352.1,666.8,84,173,282,592,875,1527,2.12,2.25,2.33,2.54,2.49,2.29,,,,,,,,,,,,
101711,New York,00:00.0,00:00.0,20/03/2017,Referral,Scooter / Motorcycle,27.5,41.1,61.1,71.6,75.7,80.4,61,94,142,154,157,164,2.21,2.28,2.32,2.15,2.08,2.04,,2,3,3,3,4,,0,1,1,1,1
101717,New York,00:00.0,00:00.0,20/03/2017,Organic,Bicycle,3.3,4,5.6,27,30.4,30.6,5,5,8,37,38,38,1.51,1.26,1.42,1.37,1.25,1.24,,,,,,,,,,,,
101722,Rio de Janeiro,00:00.0,00:00.0,23/03/2017,Organic,Bicycle,8.4,11.4,19.4,107.9,156.3,250.2,22,27,47,261,359,558,2.63,2.38,2.42,2.42,2.3,2.23,,,,,,,,,,,,
101737,New York,00:00.0,00:00.0,22/03/2017,Digital,Scooter / Motorcycle,22.2,41.5,58.4,83.7,83.7,84.4,50,91,129,192,192,193,2.25,2.19,2.21,2.29,2.29,2.29,,,,,,,,,,,,
101738,New York,00:00.0,00:00.0,21/03/2017,Referral,Bicycle,12.6,19.6,34.7,47.2,71.8,71.8,27,41,73,101,135,135,2.15,2.09,2.1,2.14,1.88,1.88,,,,,1,1,,,,,1,1
101742,New York,00:00.0,00:00.0,21/03/2017,Referral,Bicycle,9.1,15.3,27.3,66.8,91.6,116.1,26,46,92,213,290,376,2.87,3.01,3.37,3.19,3.17,3.24,,,1,3,3,3,,,0,1,1,1
101756,New York,00:00.0,00:00.0,23/03/2017,Organic,Bicycle,17.4,17.4,19.5,36.7,36.7,47.1,23,23,27,53,53,71,1.32,1.32,1.38,1.45,1.45,1.51,,,,,,,,,,,,
101770,New York,00:00.0,00:00.0,26/03/2017,Referral,Scooter / Motorcycle,0.5,4.1,23.9,91,198.8,596.7,0,5,39,218,515,1484,0,1.22,1.63,2.4,2.59,2.49,,,,1,2,7,,,,0,1,5
101778,New York,00:00.0,00:00.0,21/03/2017,Referral,Bicycle,10.6,19.3,98.6,131.3,184.8,399.5,31,57,245,341,462,1052,2.92,2.96,2.49,2.6,2.5,2.63,3,3,4,7,7,10,0,0,0,0,0,3
101781,New York,00:00.0,00:00.0,22/03/2017,Organic,Bicycle,11.1,13.1,13.1,27.7,27.7,27.7,18,20,20,37,37,37,1.63,1.52,1.52,1.34,1.34,1.34,,,,,,,,,,,,
101783,New York,00:00.0,00:00.0,21/03/2017,Digital,Bicycle,20.4,43.8,89.9,144.9,244.5,461.2,16,22,40,50,75,190,0.78,0.5,0.45,0.34,0.31,0.41,,,,,,,,,,,,
101784,New York,00:00.0,00:00.0,21/03/2017,Referral,Scooter / Motorcycle,43.9,78.8,92.6,121.9,121.9,121.9,99,171,201,259,259,259,2.26,2.17,2.17,2.12,2.12,2.12,,,,,,,,,,,,
101785,New York,00:00.0,00:00.0,25/03/2017,Referral,Scooter / Motorcycle,21.8,34.7,45.2,107.2,163,429.3,51,78,96,344,554,1378,2.34,2.25,2.12,3.21,3.4,3.21,1,1,1,1,1,1,0,0,0,0,0,0
101786,New York,00:00.0,00:00.0,21/03/2017,Organic,Bicycle,22.2,36.9,57.4,105.9,148.2,166.8,53,86,138,218,321,370,2.39,2.33,2.4,2.06,2.17,2.22,,,,,,,,,,,,
101788,New York,00:00.0,00:00.0,21/03/2017,Digital,Scooter / Motorcycle,44.8,75.8,124.7,185.5,185.5,185.5,94,156,256,349,349,349,2.1,2.06,2.05,1.88,1.88,1.88,,,,,,,,,,,,
101789,New York,00:00.0,00:00.0,25/03/2017,Organic,Bicycle,16.7,23.4,43.4,59.2,92.3,103.2,41,58,120,156,254,283,2.45,2.48,2.77,2.64,2.75,2.74,,,,1,1,1,,,,0,0,0
101790,New York,00:00.0,00:00.0,24/03/2017,Organic,Bicycle,11.9,20.5,30.5,30.5,30.5,30.5,26,48,70,70,70,70,2.19,2.34,2.29,2.29,2.29,2.29,,,,,,,,,,,,
101791,New York,00:00.0,00:00.0,21/03/2017,Organic,Bicycle,47.1,80.5,92.5,92.5,92.5,92.5,96,154,183,183,183,183,2.04,1.91,1.98,1.98,1.98,1.98,,,,,,3,,,,,,0
101792,New York,00:00.0,00:00.0,21/03/2017,Referral,Bicycle,24.9,42,64.2,95.6,139.9,192.2,59,106,164,259,379,533,2.37,2.53,2.56,2.71,2.71,2.77,,,,1,2,2,,,,0,0,0
101880,New York,00:00.0,00:00.0,21/03/2017,Referral,Bicycle,31,51.1,51.1,51.1,63.4,72.4,82,139,139,139,175,208,2.64,2.72,2.72,2.72,2.76,2.87,,,,,,1,,,,,,1
101881,New York,00:00.0,00:00.0,21/03/2017,Organic,Bicycle,8.2,14.4,20.9,20.9,20.9,20.9,20,37,56,56,56,56,2.43,2.58,2.68,2.68,2.68,2.68,,,,,,,,,,,,
101882,New York,00:00.0,00:00.0,23/03/2017,Referral,Bicycle,11.2,14.8,34.3,55.2,58.7,81,30,43,108,169,182,253,2.68,2.91,3.15,3.06,3.1,3.12,,,1,1,1,1,,,0,0,0,0
101883,New York,00:00.0,00:00.0,23/03/2017,Referral,Bicycle,12.5,19.3,25.3,27.3,29.6,29.6,25,37,54,55,62,62,2,1.92,2.13,2.01,2.1,2.1,,,,,,,,,,,,
101884,New York,00:00.0,00:00.0,29/03/2017,Digital,Bicycle,9.6,15.9,24.7,28,35.7,36.7,23,40,62,72,93,95,2.4,2.52,2.51,2.57,2.6,2.59,,,,,1,1,,,,,0,0
101886,New York,00:00.0,00:00.0,24/03/2017,Organic,Bicycle,20.4,37.5,77.7,144.3,227.5,317.8,49,108,219,393,585,743,2.4,2.88,2.82,2.72,2.57,2.34,,,,,,,,,,,,
101898,New York,00:00.0,00:00.0,21/03/2017,Referral,Scooter / Motorcycle,27.4,60.1,85.2,151.7,192.1,470.7,41,94,156,350,454,1026,1.5,1.56,1.83,2.31,2.36,2.18,1,1,1,2,2,9,1,1,1,1,1,3
101916,Rio de Janeiro,00:00.0,00:00.0,26/03/2017,Organic,Bicycle,24.1,52.4,121.3,142.6,227.7,821.2,51,117,282,330,521,2145,2.12,2.23,2.32,2.31,2.29,2.61,,,,,,4,,,,,,0
101919,Rio de Janeiro,00:00.0,00:00.0,27/03/2017,Organic,Bicycle,14.9,24.6,36.1,45.1,45.1,45.1,40,69,105,131,131,131,2.69,2.8,2.91,2.9,2.9,2.9,,,,,,,,,,,,
101922,Rio de Janeiro,00:00.0,00:00.0,05/04/2017,Organic,Bicycle,2.6,2.6,2.6,2.6,2.6,2.6,5,5,5,5,5,5,1.92,1.92,1.92,1.92,1.92,1.92,,,,,,,,,,,,
101923,Rio de Janeiro,00:00.0,00:00.0,24/03/2017,Referral,Bicycle,15.2,22.2,28.8,67.4,67.4,67.4,36,54,76,186,186,186,2.37,2.43,2.64,2.76,2.76,2.76,,,,,,,,,,,,
101925,Rio de Janeiro,00:00.0,00:00.0,22/03/2017,Organic,Bicycle,20.9,43.6,71.7,116.8,116.8,116.8,45,104,194,304,304,304,2.15,2.38,2.71,2.6,2.6,2.6,,,,,,,,,,,,
101926,Rio de Janeiro,00:00.0,00:00.0,23/03/2017,Referral,Bicycle,34.8,72.2,142.3,153.8,161.3,354.4,83,176,389,423,435,769,2.38,2.44,2.73,2.75,2.7,2.17,,,1,1,1,2,,,0,1,1,2
101933,New York,00:00.0,00:00.0,28/03/2017,Digital,Bicycle,22.2,36.7,75.3,133.7,165.3,191.7,73,109,220,350,451,537,3.28,2.97,2.92,2.62,2.73,2.8,,,,,,1,,,,,,0
101941,New York,00:00.0,00:00.0,23/03/2017,Job Platforms,Scooter / Motorcycle,13.5,24.1,35.3,43.8,43.8,43.8,11,22,33,36,36,36,0.81,0.91,0.94,0.82,0.82,0.82,,,,,,,,,,,,
101942,New York,00:00.0,00:00.0,24/03/2017,Referral,Scooter / Motorcycle,45.9,66.9,128.2,242.7,309.2,487.9,146,218,396,725,911,1408,3.18,3.26,3.09,2.99,2.95,2.89,,,,,,1,,,,,,0
101943,New York,00:00.0,00:00.0,21/03/2017,Digital,Scooter / Motorcycle,24,48.7,58.8,61.2,70.5,107.7,39,72,90,93,106,161,1.62,1.48,1.53,1.52,1.5,1.5,,,,,,1,,,,,,0
101944,New York,00:00.0,00:00.0,24/03/2017,Referral,Scooter / Motorcycle,23.6,40.7,69.5,95.8,139.6,260.2,59,109,183,241,352,633,2.5,2.68,2.63,2.52,2.52,2.43,,,,,,,,,,,,
101945,New York,00:00.0,00:00.0,22/03/2017,Referral,Bicycle,17.7,28,51.1,62.2,77.5,77.5,38,60,99,121,142,142,2.15,2.14,1.94,1.94,1.83,1.83,,,,,,,,,,,,
101946,Rio de Janeiro,00:00.0,00:00.0,24/03/2017,Offline,Bicycle,2.1,2.1,2.1,2.1,2.1,2.1,4,4,4,4,4,4,1.86,1.86,1.86,1.86,1.86,1.86,,,,,,,,,,,,
101947,New York,00:00.0,00:00.0,24/03/2017,Referral,Scooter / Motorcycle,21.3,42.5,75.4,124.3,152.8,222.8,64,129,233,412,512,744,3,3.04,3.09,3.31,3.35,3.34,,,,2,2,2,,,,1,2,2
101950,New York,00:00.0,00:00.0,21/03/2017,Referral,Scooter / Motorcycle,42.2,73.1,104.2,288.7,488.2,887.9,121,219,315,879,1419,2645,2.87,3,3.02,3.05,2.91,2.98,,,,,,,,,,,,
101952,New York,00:00.0,00:00.0,21/03/2017,Organic,Bicycle,16.5,32.1,52.1,75,103.9,240.4,41,72,122,153,179,409,2.48,2.24,2.34,2.04,1.72,1.7,1,1,1,1,1,2,0,0,0,0,0,0
101979,New York,00:00.0,00:00.0,22/03/2017,Digital,Bicycle,6.5,18.1,21.1,52.7,80.1,113.3,16,42,49,106,157,233,2.47,2.32,2.33,2.01,1.96,2.06,,,,,,,,,,,,
101980,New York,00:00.0,00:00.0,22/03/2017,Digital,Bicycle,20.2,26.7,55.9,106.3,159.2,269.6,21,27,58,124,177,319,1.04,1.01,1.04,1.17,1.11,1.18,,,,,,,,,,,,
101997,New York,00:00.0,00:00.0,26/03/2017,Organic,Scooter / Motorcycle,22.4,41.1,109.1,249.3,327.3,485.1,64,119,338,811,1036,1531,2.86,2.89,3.1,3.25,3.17,3.16,,,,,,1,,,,,,0
101999,New York,00:00.0,00:00.0,27/03/2017,Organic,Scooter / Motorcycle,20.6,29.4,30.7,30.7,30.7,30.7,42,63,63,63,63,63,2.04,2.15,2.05,2.05,2.05,2.05,,,,,,,,,,,,
102004,New York,00:00.0,00:00.0,23/03/2017,Organic,Bicycle,3,9.7,17.1,24.1,35.5,56,9,34,60,85,132,213,3,3.52,3.51,3.52,3.72,3.81,,,,,,,,,,,,
102006,New York,00:00.0,00:00.0,24/03/2017,Organic,Scooter / Motorcycle,12,36.1,67,105.5,105.5,121.4,25,95,187,278,278,323,2.08,2.64,2.79,2.64,2.63,2.66,,,,,,,,,,,,
102007,New York,00:00.0,00:00.0,22/03/2017,Organic,Bicycle,7.1,13.3,16.3,16.3,16.3,16.3,14,27,34,34,34,34,1.98,2.03,2.09,2.09,2.09,2.09,,,,,,,,,,,,
102008,New York,00:00.0,00:00.0,29/03/2017,Digital,Bicycle,18.1,25.7,46.4,70.9,70.9,70.9,34,54,75,104,104,104,1.88,2.1,1.62,1.47,1.47,1.47,,,,,,,,,,,,
102009,New York,00:00.0,00:00.0,22/03/2017,Referral,Scooter / Motorcycle,6.7,36.8,75,145.8,191.2,275.6,12,97,186,317,378,543,1.78,2.63,2.48,2.17,1.98,1.97,,,,2,2,2,,,,0,0,0
102010,New York,00:00.0,00:00.0,21/03/2017,Referral,Scooter / Motorcycle,21,36.3,47.9,108.5,177.7,238.6,32,70,97,244,390,550,1.52,1.93,2.03,2.25,2.2,2.31,,,,3,3,5,,,,0,0,1
102136,New York,00:00.0,00:00.0,28/03/2017,Organic,Bicycle,21.7,21.7,46.1,61.2,63.4,88.7,61,61,128,188,195,277,2.81,2.81,2.78,3.07,3.08,3.12,,,,,,,,,,,,
102141,New York,00:00.0,00:00.0,25/03/2017,Job Platforms,Scooter / Motorcycle,4.5,7.1,7.3,17.8,17.8,56.4,10,14,14,33,33,125,2.24,1.98,1.91,1.85,1.85,2.22,,,,,,,,,,,,
102147,New York,00:00.0,00:00.0,25/03/2017,Organic,Bicycle,17.2,20.4,36.2,36.2,36.2,36.2,44,50,87,87,87,87,2.56,2.45,2.4,2.4,2.4,2.4,,,,,,,,,,,,
102148,New York,00:00.0,00:00.0,25/03/2017,Referral,Bicycle,25.3,42.9,81.8,180.8,297.4,746,49,84,169,377,597,1457,1.94,1.96,2.07,2.09,2.01,1.95,,,,,,,,,,,,
102150,New York,00:00.0,00:00.0,26/03/2017,Referral,Scooter / Motorcycle,28.4,28.4,32.6,32.6,32.6,32.6,32,32,38,38,38,38,1.12,1.12,1.16,1.16,1.16,1.16,,,,,,,,,,,,
102152,New York,00:00.0,00:00.0,28/03/2017,Organic,Bicycle,17.5,31,44.4,94.3,114.9,222.5,50,94,133,276,324,689,2.85,3.03,3,2.93,2.82,3.1,,,,,,,,,,,,
102165,New York,00:00.0,00:00.0,24/03/2017,Organic,Scooter / Motorcycle,8.1,12.2,50.6,130,209.8,333.7,20,30,157,360,598,940,2.48,2.46,3.1,2.77,2.85,2.82,,,,,,,,,,,,
102166,New York,00:00.0,00:00.0,25/03/2017,Referral,Scooter / Motorcycle,66.4,119,202,355.7,517.5,1017.2,153,299,523,980,1458,2733,2.3,2.51,2.59,2.75,2.82,2.69,,,1,1,1,1,,,0,1,1,1
102171,New York,00:00.0,00:00.0,30/03/2017,Digital,Bicycle,5.9,16.8,43.6,58.9,110.2,257.2,5,22,42,48,66,146,0.85,1.31,0.96,0.81,0.6,0.57,,,,,,,,,,,,
102173,New York,00:00.0,00:00.0,25/03/2017,Referral,Bicycle,40.8,57.4,122.6,243.1,322.1,587.9,79,115,244,482,658,1312,1.93,2,1.99,1.98,2.04,2.23,,,,,,1,,,,,,1
102174,New York,00:00.0,00:00.0,24/03/2017,Organic,Scooter / Motorcycle,5.7,5.7,25.6,68.6,97.7,100.3,17,17,90,251,342,352,3,3,3.52,3.66,3.5,3.51,,,,1,1,1,,,,1,1,1
102175,New York,00:00.0,00:00.0,25/03/2017,Organic,Bicycle,23.6,39.2,47.3,72.5,86,86,63,100,123,172,188,188,2.67,2.55,2.6,2.37,2.19,2.19,,,,,,,,,,,,
102176,New York,00:00.0,00:00.0,25/03/2017,Offline,Bicycle,1.6,1.6,1.6,1.6,1.6,1.6,0,0,0,0,0,0,0,0,0,0,0,0,,,,,,,,,,,,
102179,New York,00:00.0,00:00.0,25/03/2017,Digital,Bicycle,34.1,63.4,72.4,72.4,72.4,72.4,48,97,114,114,114,114,1.41,1.53,1.57,1.57,1.57,1.57,,,,,,,,,,,,
102180,New York,00:00.0,00:00.0,25/03/2017,Organic,Bicycle,44.7,79.1,129.7,183.3,221.9,336.2,53,100,181,270,331,527,1.18,1.26,1.4,1.47,1.49,1.57,,,,,,,,,,,,
102181,New York,00:00.0,00:00.0,25/03/2017,Organic,Scooter / Motorcycle,56.1,86.4,98.3,98.5,119.8,156.9,81,138,159,159,230,291,1.44,1.6,1.62,1.61,1.92,1.85,,,,,,,,,,,,
102182,New York,00:00.0,00:00.0,26/03/2017,Organic,Bicycle,17.2,22.9,31.5,80.2,98.5,120.7,32,45,66,185,229,282,1.86,1.97,2.1,2.31,2.33,2.34,,,,,,,,,,,,
102183,New York,00:00.0,00:00.0,25/03/2017,Referral,Bicycle,2.7,7.8,27.4,27.4,27.4,27.4,7,24,87,87,87,87,2.55,3.06,3.18,3.18,3.18,3.18,,,,,,,,,,,,
102185,New York,00:00.0,00:00.0,24/03/2017,Referral,Scooter / Motorcycle,54.9,85.2,147.6,286.2,391.7,763.6,131,218,400,797,1116,1996,2.39,2.56,2.71,2.79,2.85,2.61,1,1,1,1,1,4,0,0,0,0,0,1
102189,New York,00:00.0,00:00.0,24/03/2017,Organic,Bicycle,18.7,33.2,70,133.1,184.1,457.5,26,45,103,213,293,633,1.39,1.36,1.47,1.6,1.59,1.38,,,,,,,,,,,,
102190,New York,00:00.0,00:00.0,25/03/2017,Referral,Bicycle,15.8,15.8,15.8,61,85.5,129.5,50,50,50,194,269,418,3.16,3.16,3.16,3.18,3.15,3.23,,,,,,,,,,,,
102191,New York,00:00.0,00:00.0,28/03/2017,Referral,Bicycle,8.3,13.6,17.5,17.5,17.5,41.3,23,36,46,46,46,121,2.77,2.64,2.63,2.63,2.63,2.93,,,,1,1,1,,,,1,1,1
102192,New York,00:00.0,00:00.0,25/03/2017,Referral,Bicycle,2.1,2.1,14,14,20.7,32.7,3,3,26,26,42,76,1.4,1.4,1.86,1.86,2.03,2.32,,,,,,,,,,,,
102193,New York,00:00.0,00:00.0,25/03/2017,Organic,Scooter / Motorcycle,20.4,24.7,34.1,51.2,51.2,51.2,44,53,75,114,114,114,2.16,2.15,2.2,2.23,2.23,2.23,,,,,,,,,,,,
102195,New York,00:00.0,00:00.0,26/03/2017,Referral,Scooter / Motorcycle,74.1,124.4,231.1,438.3,644.2,1191.4,172,297,579,1128,1699,3199,2.32,2.39,2.51,2.57,2.64,2.68,,,,,,1,,,,,,0
102201,New York,00:00.0,00:00.0,25/03/2017,Digital,Scooter / Motorcycle,32.7,62.9,125.2,281.5,453.3,985.2,56,120,274,706,1217,2681,1.71,1.91,2.19,2.51,2.68,2.72,,,,,,,,,,,,
102204,New York,,,26/03/2017,Unknown,Bicycle,20.4,42.9,120.3,163.3,175.3,221.1,35,76,242,363,388,501,1.72,1.77,2.01,2.22,2.21,2.27,,,,,1,2,,,,,0,0
102205,New York,00:00.0,00:00.0,25/03/2017,Organic,Scooter / Motorcycle,38.8,49.4,95,185.8,249,284.4,85,114,233,515,704,818,2.19,2.31,2.45,2.77,2.83,2.88,1,2,2,2,2,2,0,0,1,1,1,1
102207,New York,00:00.0,00:00.0,24/03/2017,Organic,Bicycle,9.6,17,17,17,17,17,25,38,38,38,38,38,2.6,2.24,2.24,2.24,2.24,2.24,,,,,,,,,,,,
102208,New York,00:00.0,00:00.0,26/03/2017,Digital,Bicycle,2.7,2.7,2.7,2.7,2.7,2.7,4,4,4,4,4,4,1.48,1.48,1.48,1.48,1.48,1.48,,,,,,,,,,,,
102209,New York,00:00.0,00:00.0,26/03/2017,Offline,Bicycle,25.2,48.9,98.1,191.3,292.9,785.2,57,115,241,454,672,1465,2.26,2.35,2.46,2.37,2.29,1.87,,,,,,,,,,,,
102212,New York,00:00.0,00:00.0,24/03/2017,Referral,Scooter / Motorcycle,20.9,20.9,20.9,53.4,109.7,558.6,77,77,77,190,386,1704,3.68,3.68,3.68,3.56,3.52,3.05,,,,,,3,,,,,,2
102217,New York,00:00.0,00:00.0,26/03/2017,Digital,Bicycle,5.3,5.3,13.6,13.6,13.6,13.6,10,10,26,26,26,26,1.89,1.89,1.92,1.92,1.92,1.92,,,,,,,,,,,,
102218,New York,00:00.0,00:00.0,28/03/2017,Referral,Bicycle,3.3,15.7,44.4,74.2,116.8,140.5,5,25,66,104,137,155,1.52,1.59,1.49,1.4,1.17,1.1,,,,,,,,,,,,
102223,New York,00:00.0,00:00.0,25/03/2017,Referral,Scooter / Motorcycle,81.4,145.9,287.9,512.9,744.5,1423.5,117,232,474,852,1234,2675,1.44,1.59,1.65,1.66,1.66,1.88,,,,,,5,,,,,,1
102282,New York,00:00.0,00:00.0,25/03/2017,Organic,Bicycle,3.2,10,25.8,160,283.6,679.5,11,20,45,376,655,1666,3.48,2,1.74,2.35,2.31,2.45,,,,,,8,,,,,,3
102283,New York,00:00.0,00:00.0,25/03/2017,Digital,Scooter / Motorcycle,12.6,12.6,12.6,12.6,33.6,53.4,22,22,22,22,73,110,1.75,1.75,1.75,1.75,2.17,2.06,,,,,,,,,,,,
102284,New York,00:00.0,00:00.0,27/03/2017,Organic,Scooter / Motorcycle,7.1,13.9,16.5,16.5,16.5,16.5,17,35,42,42,42,42,2.4,2.51,2.54,2.54,2.54,2.54,,1,1,1,1,1,,0,0,0,0,0
102285,New York,00:00.0,00:00.0,25/03/2017,Digital,Bicycle,32.7,45.7,56.6,69.6,69.6,69.6,68,103,122,156,156,156,2.08,2.26,2.16,2.24,2.24,2.24,,,,,,,,,,,,
102287,New York,00:00.0,00:00.0,26/03/2017,Organic,Bicycle,14.3,17,21,31.2,34.1,40.9,29,35,40,66,70,82,2.03,2.06,1.9,2.11,2.05,2,,,,,1,1,,,,,0,0
102288,New York,00:00.0,00:00.0,26/03/2017,Organic,Bicycle,12,18.1,18.1,18.1,18.1,18.1,36,52,52,52,52,52,3,2.88,2.88,2.88,2.88,2.88,,,,,,,,,,,,
102295,New York,00:00.0,00:00.0,25/03/2017,Referral,Scooter / Motorcycle,55.1,124.8,236.9,464.1,680.2,1400,95,267,489,1049,1520,3224,1.72,2.14,2.06,2.26,2.23,2.3,,,,,,,,,,,,
102300,New York,00:00.0,00:00.0,07/04/2017,Digital,Scooter / Motorcycle,1.6,2.1,2.1,2.1,2.1,2.1,4,4,4,4,4,4,2.52,1.95,1.95,1.95,1.95,1.95,,,1,1,1,1,,,0,0,0,0
102307,New York,00:00.0,00:00.0,25/03/2017,Organic,Bicycle,25.2,39.1,73.1,90.4,90.4,90.4,32,46,88,117,117,117,1.27,1.18,1.2,1.29,1.29,1.29,,,,,1,1,,,,,1,1
102308,New York,00:00.0,00:00.0,26/03/2017,Referral,Scooter / Motorcycle,19.8,35.6,58,109.2,141.1,200.9,50,65,96,215,272,389,2.52,1.83,1.66,1.97,1.93,1.94,,,1,1,1,1,,,0,0,0,0
102317,New York,00:00.0,00:00.0,26/03/2017,Organic,Bicycle,13.2,13.2,13.2,16.6,16.6,27.4,34,34,34,43,43,48,2.57,2.57,2.57,2.59,2.59,1.75,,,,,,,,,,,,
102323,Rio de Janeiro,00:00.0,00:00.0,28/03/2017,Offline,Bicycle,8,8,8,8,8,8,10,10,10,10,10,10,1.26,1.26,1.26,1.26,1.26,1.26,,,,,,,,,,,,
102326,Rio de Janeiro,00:00.0,00:00.0,27/03/2017,Organic,Bicycle,11.2,12.6,20.5,20.5,20.5,50.5,25,29,48,48,48,114,2.23,2.3,2.34,2.34,2.34,2.26,,,,,,,,,,,,
102328,Rio de Janeiro,00:00.0,00:00.0,05/04/2017,Organic,Bicycle,7.1,14.1,26.4,39.4,52.1,73.4,6,18,41,70,95,137,0.85,1.28,1.55,1.78,1.82,1.87,,,,,,,,,,,,
102330,New York,00:00.0,00:00.0,26/03/2017,Organic,Bicycle,15.6,19.9,25,25,25,25,36,51,63,63,63,63,2.31,2.56,2.52,2.52,2.52,2.52,,,,,,,,,,,,
102338,New York,00:00.0,00:00.0,25/03/2017,Organic,Scooter / Motorcycle,50.9,72.7,116.5,230.1,316.5,815.4,134,188,276,562,804,1933,2.63,2.59,2.37,2.44,2.54,2.37,,,2,2,3,4,,,0,1,2,3
102339,New York,00:00.0,00:00.0,25/03/2017,Organic,Bicycle,13.9,13.9,17.7,17.7,17.7,17.7,34,34,41,41,41,41,2.45,2.45,2.31,2.31,2.31,2.31,,,,,,,,,,,,
102340,New York,00:00.0,00:00.0,27/03/2017,Organic,Bicycle,27.8,53.3,78.4,78.4,78.4,78.4,45,96,138,138,138,138,1.62,1.8,1.76,1.76,1.76,1.76,,,,,,,,,,,,
102341,New York,00:00.0,00:00.0,25/03/2017,Referral,Scooter / Motorcycle,28,42.6,63,79.3,152.5,315.2,50,79,112,146,289,633,1.79,1.85,1.78,1.84,1.9,2.01,,,,,,,,,,,,
102342,New York,00:00.0,00:00.0,26/03/2017,Referral,Bicycle,2.1,2.1,2.1,2.1,2.1,2.1,4,4,4,4,4,4,1.88,1.88,1.88,1.88,1.88,1.88,,,,,,,,,,,,
102343,New York,00:00.0,00:00.0,26/03/2017,Referral,Scooter / Motorcycle,24.3,24.7,24.7,30.1,126.5,149.7,55,56,56,66,284,336,2.26,2.27,2.27,2.19,2.24,2.24,,,,,,,,,,,,
102344,New York,00:00.0,00:00.0,26/03/2017,Referral,Bicycle,24.8,56.7,118.9,203.3,228.4,316.4,41,126,283,548,619,898,1.65,2.22,2.38,2.7,2.71,2.84,,,,,,,,,,,,
102346,New York,00:00.0,00:00.0,30/03/2017,Organic,Bicycle,23.1,41.3,68,131.9,206.5,408,53,98,161,277,418,813,2.29,2.37,2.37,2.1,2.02,1.99,,,,,,,,,,,,
102349,New York,00:00.0,00:00.0,25/03/2017,Organic,Scooter / Motorcycle,28.2,46.9,82.9,126.9,155.2,408,32,48,79,129,154,442,1.14,1.02,0.95,1.02,0.99,1.08,,1,1,1,1,4,,0,0,0,0,2
102354,New York,00:00.0,00:00.0,27/03/2017,Digital,Scooter / Motorcycle,61.9,95.4,147,243.5,351.9,869.2,112,189,302,534,777,1906,1.81,1.98,2.05,2.19,2.21,2.19,,,,3,6,18,,,,1,3,6
102355,New York,00:00.0,00:00.0,26/03/2017,Organic,Bicycle,9.7,9.7,10.3,10.3,10.3,10.3,24,24,24,24,24,24,2.47,2.47,2.33,2.33,2.33,2.33,,,,,,,,,,,,
102356,New York,00:00.0,00:00.0,25/03/2017,Referral,Scooter / Motorcycle,43,93.1,119.8,121.3,244.6,975.4,82,201,274,275,552,1974,1.91,2.16,2.29,2.27,2.26,2.02,,,,,,,,,,,,
102357,New York,00:00.0,00:00.0,26/03/2017,Referral,Scooter / Motorcycle,37.2,71.9,161,293,423.6,851.4,99,188,436,789,1087,2036,2.66,2.61,2.71,2.69,2.57,2.39,,,,,,2,,,,,,1
102364,New York,00:00.0,00:00.0,26/03/2017,Digital,Bicycle,10.3,13.6,31.1,77.3,98.5,170.8,20,29,57,191,236,423,1.95,2.14,1.83,2.47,2.4,2.48,,,1,1,1,2,,,0,0,0,0
102366,New York,00:00.0,00:00.0,26/03/2017,Organic,Bicycle,11.6,22,22,25.5,25.5,25.5,21,47,47,56,56,56,1.81,2.14,2.14,2.2,2.2,2.2,,,,,,,,,,,,
102367,New York,00:00.0,00:00.0,25/03/2017,Organic,Bicycle,7.5,18.1,18.1,31.5,54.4,89.6,13,42,42,78,137,223,1.74,2.32,2.32,2.48,2.52,2.49,,,,,,,,,,,,
102368,New York,00:00.0,00:00.0,27/03/2017,Organic,Bicycle,16.8,24.8,39.1,64.4,112.7,131,34,51,82,161,291,338,2.02,2.06,2.1,2.5,2.58,2.58,,,,1,1,2,,,,0,0,1
102369,New York,00:00.0,00:00.0,25/03/2017,Referral,Scooter / Motorcycle,81,157.3,308.9,568.7,849.1,1749,176,380,723,1512,2353,4856,2.17,2.42,2.34,2.66,2.77,2.78,,,,,,,,,,,,
102371,New York,00:00.0,00:00.0,26/03/2017,Referral,Bicycle,4.9,9.8,9.8,9.8,9.8,9.8,10,23,23,23,23,23,2.06,2.35,2.35,2.35,2.35,2.35,,,,,,,,,,,,
102378,New York,00:00.0,00:00.0,29/03/2017,Referral,Scooter / Motorcycle,9.9,15,43.7,106.8,150.5,184.1,16,25,70,174,251,313,1.62,1.66,1.6,1.63,1.67,1.7,,,,,,,,,,,,
102393,New York,00:00.0,00:00.0,25/03/2017,Organic,Scooter / Motorcycle,13.1,34.1,54.5,110.8,157.9,383.7,25,77,125,282,408,916,1.9,2.26,2.29,2.55,2.58,2.39,,,,,,,,,,,,
102394,New York,00:00.0,00:00.0,29/03/2017,Digital,Scooter / Motorcycle,38.6,67.3,116.8,156.5,184.3,187.8,58,100,155,200,241,248,1.5,1.49,1.33,1.28,1.31,1.32,,,,,,,,,,,,
102395,New York,00:00.0,00:00.0,26/03/2017,Referral,Scooter / Motorcycle,13,34.3,68.6,68.6,68.6,68.6,34,95,195,195,195,195,2.62,2.77,2.84,2.84,2.84,2.84,,,,,,,,,,,,
102396,New York,00:00.0,00:00.0,26/03/2017,Organic,Scooter / Motorcycle,50,70.8,93.6,138.1,189.2,189.7,42,58,85,133,179,179,0.84,0.82,0.91,0.96,0.95,0.94,,,,,2,2,,,,,1,1
102447,New York,00:00.0,00:00.0,26/03/2017,Offline,Scooter / Motorcycle,27.2,44.9,60.5,78.4,97.1,139.9,70,125,161,217,270,405,2.57,2.78,2.66,2.77,2.78,2.89,,,,,,,,,,,,
102466,New York,00:00.0,00:00.0,28/03/2017,Referral,Scooter / Motorcycle,17.7,19.7,37,47.5,70.6,118.7,54,61,107,137,203,325,3.05,3.09,2.89,2.89,2.88,2.74,,,,,,,,,,,,
102471,New York,00:00.0,00:00.0,28/03/2017,Referral,Bicycle,3.2,5.1,5.1,43.7,55.3,55.3,8,13,13,105,133,133,2.52,2.55,2.55,2.4,2.41,2.41,1,1,1,1,1,1,0,0,0,1,1,1
102475,New York,00:00.0,00:00.0,29/03/2017,Digital,Bicycle,8.5,11,15.7,27.1,33.9,49.8,14,20,31,59,72,103,1.64,1.82,1.98,2.18,2.12,2.07,,,,,,,,,,,,
102476,New York,00:00.0,00:00.0,27/03/2017,Organic,Bicycle,3.3,3.3,3.3,3.3,3.3,3.3,8,8,8,8,8,8,2.4,2.4,2.4,2.4,2.4,2.4,,,,,,,,,,,,
102481,New York,00:00.0,00:00.0,30/03/2017,Digital,Bicycle,3,3,3,3,3,3,3,3,3,3,3,3,0.99,0.99,0.99,0.99,0.99,0.99,,,,,,,,,,,,
102482,New York,00:00.0,00:00.0,27/03/2017,Referral,Scooter / Motorcycle,13.1,17.7,23.1,54.4,54.4,54.4,20,26,33,75,75,75,1.52,1.47,1.43,1.38,1.38,1.38,,,,,,,,,,,,
102486,New York,00:00.0,00:00.0,27/03/2017,Referral,Scooter / Motorcycle,64.4,64.4,64.5,69.2,69.2,348.6,97,97,97,107,107,784,1.51,1.51,1.5,1.55,1.55,2.25,,,,,,,,,,,,
102488,Rio de Janeiro,00:00.0,00:00.0,01/04/2017,Organic,Bicycle,36.2,55.9,83.7,152.7,246,537.3,84,128,203,319,519,1260,2.32,2.29,2.42,2.09,2.11,2.34,,,,,,,,,,,,
102493,Rio de Janeiro,00:00.0,00:00.0,05/04/2017,Organic,Bicycle,8.6,9.6,9.6,17.3,19.8,62.9,18,20,20,32,38,156,2.09,2.09,2.09,1.85,1.92,2.48,,,,,,,,,,,,
102494,Rio de Janeiro,00:00.0,00:00.0,30/03/2017,Organic,Bicycle,11.4,11.5,11.5,13.6,13.6,13.6,29,29,29,34,34,34,2.55,2.52,2.52,2.51,2.51,2.51,,,,,,,,,,,,
102498,New York,00:00.0,00:00.0,27/03/2017,Referral,Bicycle,2.3,4,5.7,5.7,5.7,5.7,3,7,10,10,10,10,1.32,1.75,1.75,1.75,1.75,1.75,,,,,,,,,,,,
102510,New York,00:00.0,00:00.0,27/03/2017,Referral,Scooter / Motorcycle,39.3,55.9,91.4,149.5,210.7,266.2,87,124,200,299,407,553,2.21,2.22,2.19,2,1.93,2.08,,,,2,2,3,,,,0,0,1
102512,New York,00:00.0,00:00.0,29/03/2017,Organic,Bicycle,16.6,40.4,65.7,91.9,133,332.1,35,83,124,161,255,747,2.11,2.06,1.89,1.75,1.92,2.25,,,,,,,,,,,,
102514,New York,00:00.0,00:00.0,31/03/2017,Referral,Scooter / Motorcycle,61.7,117.2,220.4,405.7,529.5,882.7,171,321,599,1131,1526,2583,2.77,2.74,2.72,2.79,2.88,2.93,,,,2,8,11,,,,0,0,3
102515,New York,00:00.0,00:00.0,26/03/2017,Referral,Bicycle,27,51.8,74,90.3,162.6,225.3,23,44,80,105,183,238,0.85,0.85,1.08,1.16,1.13,1.06,,,,,,,,,,,,
102516,New York,00:00.0,00:00.0,28/03/2017,Organic,Bicycle,17.6,17.6,17.6,17.6,17.6,17.6,15,15,15,15,15,15,0.85,0.85,0.85,0.85,0.85,0.85,,,,,,,,,,,,
102520,New York,00:00.0,00:00.0,27/03/2017,Organic,Scooter / Motorcycle,32.8,64.2,103.7,180,248.5,451.2,58,123,204,359,502,879,1.77,1.91,1.97,1.99,2.02,1.95,,,,,,,,,,,,
102525,New York,00:00.0,00:00.0,26/03/2017,Referral,Scooter / Motorcycle,32.7,86,200.4,393.8,613.8,1111.5,89,272,632,1288,1941,3256,2.73,3.16,3.15,3.27,3.16,2.93,,,,,,1,,,,,,1
102545,New York,00:00.0,00:00.0,27/03/2017,Referral,Bicycle,14.2,16.6,16.6,16.6,16.6,16.6,19,24,24,24,24,24,1.33,1.45,1.45,1.45,1.45,1.45,,,1,1,1,1,,,0,0,0,0
102547,New York,00:00.0,00:00.0,26/03/2017,Referral,Scooter / Motorcycle,5.2,5.2,5.2,5.3,11,11,10,10,10,10,25,25,1.93,1.93,1.93,1.88,2.27,2.27,,,,,,,,,,,,
102552,New York,00:00.0,00:00.0,27/03/2017,Organic,Scooter / Motorcycle,40.2,55.9,91.6,103.1,112.4,139.7,105,156,268,299,324,415,2.61,2.79,2.93,2.9,2.88,2.97,,,3,4,4,4,,,0,1,1,1
102553,New York,00:00.0,00:00.0,27/03/2017,Referral,Bicycle,2.7,2.7,2.7,9,9,9,5,5,5,20,20,20,1.83,1.83,1.83,2.22,2.22,2.22,,,,,,,,,,,,
102573,New York,00:00.0,00:00.0,28/03/2017,Referral,Scooter / Motorcycle,19.5,41.6,104.5,223.9,251,336.1,24,65,174,383,425,658,1.23,1.56,1.66,1.71,1.69,1.96,,,,,,,,,,,,
102576,New York,00:00.0,00:00.0,28/03/2017,Referral,Bicycle,6,6,6,6,6,6,17,17,17,17,17,17,2.84,2.84,2.84,2.84,2.84,2.84,,,,,,,,,,,,
102577,New York,00:00.0,00:00.0,30/03/2017,Referral,Bicycle,3,3,3,19.7,32,37,6,6,6,32,45,54,2,2,2,1.62,1.41,1.46,,,,,,,,,,,,
102578,New York,00:00.0,00:00.0,27/03/2017,Referral,Bicycle,16.6,38.7,118.5,203.2,207.7,250.4,45,105,256,392,401,532,2.72,2.71,2.16,1.93,1.93,2.12,1,1,3,4,4,4,0,0,0,1,1,1
102579,New York,00:00.0,00:00.0,28/03/2017,Organic,Bicycle,19.3,34.2,53.3,88.6,107.4,107.4,28,65,99,176,211,211,1.45,1.9,1.86,1.99,1.96,1.96,,,2,2,2,2,,,0,0,0,0
102580,New York,00:00.0,00:00.0,27/03/2017,Digital,Bicycle,16.7,32.6,62.8,103,103.2,235.9,41,79,163,305,305,550,2.45,2.43,2.59,2.96,2.96,2.33,,,,,,1,,,,,,1
102650,Cape Town,00:00.0,00:00.0,28/03/2017,Organic,Bicycle,35.3,41.5,41.5,57.1,86,103,103,126,126,167,250,302,2.92,3.04,3.04,2.93,2.91,2.93,,,,,,1,,,,,,1
102651,Cape Town,00:00.0,00:00.0,27/03/2017,Organic,Bicycle,19.8,35.2,50.2,81.1,94.3,118.3,40,77,113,176,212,269,2.02,2.19,2.25,2.17,2.25,2.27,,,,,,,,,,,,
102652,Cape Town,00:00.0,00:00.0,28/03/2017,Organic,Bicycle,17.4,29.6,50.1,53.7,62.8,62.8,39,70,125,135,157,157,2.25,2.37,2.5,2.51,2.5,2.5,,,,1,2,2,,,,0,0,1
102654,Cape Town,00:00.0,00:00.0,30/03/2017,Digital,Bicycle,24.5,44,71.9,133.8,151.9,293.8,46,95,161,308,349,707,1.88,2.16,2.24,2.3,2.3,2.41,,,,1,1,1,,,,1,1,1
102655,Cape Town,00:00.0,00:00.0,28/03/2017,Organic,Bicycle,7.6,7.6,21.2,44.2,60.1,89.6,11,11,27,74,112,188,1.44,1.44,1.28,1.67,1.86,2.1,,,,,,,,,,,,
102656,Cape Town,00:00.0,00:00.0,28/03/2017,Organic,Bicycle,17.6,20.2,34.4,44.6,44.6,44.6,42,50,85,108,108,108,2.38,2.47,2.47,2.42,2.42,2.42,,,,1,1,1,,,,1,1,1
102669,Cape Town,00:00.0,00:00.0,27/03/2017,Organic,Bicycle,7.6,7.6,7.6,7.6,15.5,29.6,11,11,11,11,26,52,1.46,1.46,1.46,1.46,1.68,1.76,,,,,,,,,,,,
102670,Cape Town,00:00.0,00:00.0,28/03/2017,Organic,Bicycle,9.8,24.8,39.3,53.1,60.7,171.1,25,68,101,134,156,443,2.55,2.74,2.57,2.52,2.57,2.59,,,,,,,,,,,,
102696,New York,00:00.0,00:00.0,28/03/2017,Organic,Bicycle,9.2,9.2,21,80.2,145.4,211.1,21,21,41,139,219,314,2.29,2.29,1.95,1.73,1.51,1.49,,,,,,1,,,,,,1
102709,New York,00:00.0,00:00.0,29/03/2017,Organic,Bicycle,3.2,3.2,6.7,6.7,6.7,6.7,2,2,6,6,6,6,0.63,0.63,0.9,0.9,0.9,0.9,,,,,,,,,,,,
102717,New York,00:00.0,00:00.0,29/03/2017,Organic,Bicycle,13.4,13.4,13.4,13.4,13.4,18.3,26,26,26,26,26,37,1.94,1.94,1.94,1.94,1.94,2.02,,,,,,,,,,,,
102721,Rio de Janeiro,00:00.0,00:00.0,31/03/2017,Organic,Bicycle,14,14,14,14,14,14,32,32,32,32,32,32,2.29,2.29,2.29,2.29,2.29,2.29,,,,,,,,,,,,
102722,New York,00:00.0,00:00.0,30/03/2017,Referral,Bicycle,15,24.4,34.1,34.1,34.1,86.9,31,44,67,67,67,128,2.07,1.8,1.96,1.96,1.96,1.47,,1,1,1,1,8,,0,0,0,0,1
102726,Rio de Janeiro,00:00.0,00:00.0,03/04/2017,Referral,Bicycle,5,15.7,17.8,17.8,17.8,25.7,6,30,33,33,33,50,1.21,1.91,1.86,1.86,1.86,1.95,,,,,,,,,,,,
102729,New York,00:00.0,00:00.0,28/03/2017,Organic,Bicycle,8.4,12.9,12.9,12.9,12.9,12.9,14,20,20,20,20,20,1.66,1.55,1.55,1.55,1.55,1.55,,,,,,,,,,,,
102741,New York,00:00.0,00:00.0,28/03/2017,Organic,Bicycle,9,9,15.7,15.7,15.7,15.7,25,25,48,48,48,48,2.78,2.78,3.05,3.05,3.05,3.05,,,,,,,,,,,,
102748,New York,00:00.0,00:00.0,28/03/2017,Organic,Bicycle,18.2,26.7,42.6,74.9,94.4,231,28,41,54,69,84,164,1.54,1.54,1.27,0.92,0.89,0.71,,,,,,,,,,,,
102767,New York,00:00.0,00:00.0,28/03/2017,Offline,Scooter / Motorcycle,42.2,73.5,121.9,158.9,166.4,169.3,114,208,337,448,461,469,2.7,2.83,2.77,2.82,2.77,2.77,,1,1,8,8,11,,0,0,1,1,2
102768,New York,00:00.0,00:00.0,28/03/2017,Digital,Bicycle,7.3,7.3,7.3,7.3,7.3,7.3,13,13,13,13,13,13,1.79,1.79,1.79,1.79,1.79,1.79,,,,,,,,,,,,
102769,New York,00:00.0,00:00.0,27/03/2017,Organic,Scooter / Motorcycle,2.6,2.6,2.6,2.6,2.6,2.6,8,8,8,8,8,8,3.04,3.04,3.04,3.04,3.04,3.04,,,,,,,,,,,,
102770,New York,00:00.0,00:00.0,28/03/2017,Organic,Scooter / Motorcycle,14.4,14.4,54.7,59,75.4,141.4,26,26,89,92,113,231,1.8,1.8,1.63,1.56,1.5,1.63,,,,,,,,,,,,
102771,New York,00:00.0,00:00.0,28/03/2017,Organic,Bicycle,21.2,38.2,58.6,61.6,61.6,128.6,50,95,152,162,162,299,2.36,2.49,2.59,2.63,2.63,2.32,,,,,,,,,,,,
102772,New York,00:00.0,00:00.0,28/03/2017,Referral,Scooter / Motorcycle,30.1,53.1,99.2,217.2,260.6,543.7,66,122,201,490,588,1329,2.19,2.3,2.03,2.26,2.26,2.44,,1,1,1,1,4,,0,0,0,0,2
102776,New York,00:00.0,00:00.0,28/03/2017,Digital,Bicycle,26.9,49.3,88.3,170,190,432.6,47,95,158,305,334,796,1.75,1.93,1.79,1.79,1.76,1.84,,,,,,,,,,,,
102780,New York,00:00.0,00:00.0,28/03/2017,Referral,Scooter / Motorcycle,26.5,26.5,26.5,26.5,26.5,26.5,45,45,45,45,45,45,1.7,1.7,1.7,1.7,1.7,1.7,,,,,,,,,,,,
102781,New York,00:00.0,00:00.0,28/03/2017,Offline,Scooter / Motorcycle,15.3,18.2,18.2,18.2,18.2,18.2,24,32,32,32,32,32,1.57,1.76,1.76,1.76,1.76,1.76,,,,,,,,,,,,
102782,New York,00:00.0,00:00.0,28/03/2017,Referral,Scooter / Motorcycle,40.3,81,142.7,272.7,396.7,910.4,47,97,192,394,573,857,1.17,1.2,1.35,1.44,1.44,0.94,,,1,1,3,6,,,0,0,2,4
102784,New York,00:00.0,00:00.0,29/03/2017,Offline,Bicycle,9.6,16.5,26.2,40.2,48.6,57.2,18,31,53,86,108,128,1.88,1.88,2.02,2.14,2.22,2.24,,,,,,,,,,,,
102785,New York,00:00.0,00:00.0,30/03/2017,Organic,Bicycle,6.1,6.1,6.1,6.1,6.1,6.1,12,12,12,12,12,12,1.98,1.98,1.98,1.98,1.98,1.98,,,,,,,,,,,,
102857,Rio de Janeiro,,,03/04/2017,Organic,Bicycle,1,1,1,1,32.4,349.2,2,2,2,2,90,1226,1.99,1.99,1.99,1.99,2.78,3.51,,,,,,1,,,,,,0
102860,Rio de Janeiro,00:00.0,00:00.0,29/03/2017,Referral,Bicycle,12.1,22.4,34.6,34.6,52.9,87.9,10,34,64,64,103,166,0.83,1.52,1.85,1.85,1.95,1.89,,,,,,,,,,,,
102878,New York,00:00.0,00:00.0,28/03/2017,Organic,Bicycle,25.4,32.9,59.1,59.1,59.1,59.3,62,81,148,148,148,148,2.44,2.46,2.5,2.5,2.5,2.5,,,3,4,4,4,,,0,0,0,0
102908,New York,00:00.0,00:00.0,28/03/2017,Referral,Scooter / Motorcycle,34.1,54.1,61.1,61.1,61.1,61.1,68,114,120,120,120,120,1.99,2.11,1.97,1.97,1.97,1.97,1,1,1,1,1,1,0,0,0,0,0,0
102912,New York,00:00.0,00:00.0,29/03/2017,Referral,Scooter / Motorcycle,74.9,115,180.8,336.2,461.1,540.9,166,266,425,797,1083,1255,2.22,2.31,2.35,2.37,2.35,2.32,,,,,,1,,,,,,0
102914,New York,00:00.0,00:00.0,29/03/2017,Referral,Scooter / Motorcycle,37.8,73.3,96,146,195.4,352.4,109,208,286,456,608,1105,2.88,2.84,2.98,3.12,3.11,3.14,,,,1,2,2,,,,1,1,1
102915,New York,00:00.0,00:00.0,03/04/2017,Referral,Scooter / Motorcycle,20.4,33.6,42.4,42.4,42.4,42.4,73,120,150,150,150,150,3.58,3.57,3.53,3.53,3.53,3.53,,,,,,,,,,,,
102931,New York,00:00.0,00:00.0,29/03/2017,Organic,Bicycle,7.3,7.3,17.9,39,48.8,76.7,19,19,45,99,124,220,2.6,2.6,2.52,2.54,2.54,2.87,,,1,1,1,2,,,0,0,0,1
102935,New York,00:00.0,00:00.0,31/03/2017,Organic,Bicycle,2.8,2.8,2.8,2.8,2.8,2.8,5,5,5,5,5,5,1.78,1.78,1.78,1.78,1.78,1.78,,,,,,,,,,,,
102937,New York,00:00.0,00:00.0,29/03/2017,Digital,Scooter / Motorcycle,9.4,19.5,19.5,19.5,19.5,19.5,18,41,41,41,41,41,1.92,2.1,2.1,2.1,2.1,2.1,,,,,,,,,,,,
102939,New York,00:00.0,00:00.0,28/03/2017,Organic,Bicycle,9.6,12.9,12.9,12.9,12.9,12.9,26,35,35,35,35,35,2.71,2.72,2.72,2.72,2.72,2.72,,,,,,,,,,,,
102940,New York,00:00.0,00:00.0,30/03/2017,Referral,Scooter / Motorcycle,11.2,11.2,14.2,31.4,47.6,92.8,23,23,29,71,108,175,2.05,2.05,2.04,2.26,2.27,1.88,,,,,,,,,,,,
102968,New York,00:00.0,00:00.0,30/03/2017,Referral,Scooter / Motorcycle,42.9,76,137.5,237.4,298,1096.6,116,214,374,692,855,2868,2.71,2.82,2.72,2.92,2.87,2.62,,,,,,2,,,,,,1
102972,New York,00:00.0,00:00.0,29/03/2017,Organic,Scooter / Motorcycle,37.8,37.8,107.1,217.6,334.7,665.4,85,85,254,592,935,2157,2.25,2.25,2.37,2.72,2.79,3.24,,,,,,,,,,,,
102973,New York,00:00.0,00:00.0,29/03/2017,Organic,Bicycle,17.3,28.7,34.9,34.9,34.9,34.9,42,75,91,91,91,91,2.43,2.62,2.61,2.61,2.61,2.61,,,,,,,,,,,,
102974,New York,00:00.0,00:00.0,29/03/2017,Organic,Bicycle,9.3,15.2,21.7,33.4,33.4,33.4,26,43,62,95,95,95,2.79,2.82,2.86,2.85,2.85,2.85,,,,,,,,,,,,
102975,New York,00:00.0,00:00.0,29/03/2017,Referral,Bicycle,16.8,20.8,35.5,56.6,98.2,147.3,42,56,98,143,260,421,2.5,2.69,2.76,2.53,2.65,2.86,,,,,,1,,,,,,0
103064,New York,00:00.0,00:00.0,02/04/2017,Organic,Scooter / Motorcycle,14.4,14.5,18.5,18.5,20.2,411.1,31,31,37,37,41,1126,2.15,2.14,2,2,2.03,2.74,,,,,,1,,,,,,1
103066,New York,00:00.0,00:00.0,08/04/2017,Organic,Scooter / Motorcycle,22.9,34,34,34,34,34,25,39,39,39,39,39,1.09,1.15,1.15,1.15,1.15,1.15,,,,,,,,,,,,
103069,New York,00:00.0,00:00.0,31/03/2017,Organic,Scooter / Motorcycle,10.9,12.3,20.5,95.5,157.3,234.4,17,19,41,238,388,579,1.56,1.55,2,2.49,2.47,2.47,1,1,1,1,3,3,0,0,0,0,2,2
103091,New York,00:00.0,00:00.0,01/04/2017,Organic,Scooter / Motorcycle,18.5,58,106.7,111.7,166.1,166.1,48,161,297,311,457,457,2.6,2.78,2.78,2.79,2.75,2.75,,,,,,,,,,,,
103092,New York,00:00.0,00:00.0,06/04/2017,Referral,Scooter / Motorcycle,81.1,149.7,290.1,564,865.5,1666.3,97,160,321,656,1111,2277,1.2,1.07,1.11,1.16,1.28,1.37,1,1,2,4,4,5,0,0,0,2,2,2
103095,New York,00:00.0,00:00.0,31/03/2017,Referral,Scooter / Motorcycle,10.4,17.6,85.3,179.4,180.2,353.9,27,41,187,385,386,699,2.6,2.33,2.19,2.15,2.14,1.98,,,,,,,,,,,,
103096,New York,00:00.0,00:00.0,31/03/2017,Referral,Scooter / Motorcycle,74.8,145.5,234.7,381.6,570.9,889.9,197,383,654,1088,1524,2535,2.64,2.63,2.79,2.85,2.67,2.85,,,,,,,,,,,,
103100,New York,00:00.0,00:00.0,01/04/2017,Organic,Scooter / Motorcycle,9.3,11.2,13,15,28.4,31.3,16,19,22,28,64,71,1.71,1.7,1.69,1.87,2.25,2.27,,,,,,,,,,,,
103101,New York,,,31/03/2017,Unknown,Scooter / Motorcycle,6.2,9.5,9.5,9.5,130.3,183.9,9,18,18,18,313,455,1.44,1.9,1.9,1.9,2.4,2.47,,,,1,1,1,,,,0,1,1
103112,New York,00:00.0,00:00.0,02/04/2017,Organic,Scooter / Motorcycle,24.2,50.4,107.7,228.8,315,866.5,54,101,208,453,647,1800,2.23,2,1.93,1.98,2.05,2.08,,,1,1,1,3,,,0,0,0,2
103114,New York,00:00.0,00:00.0,03/04/2017,Referral,Scooter / Motorcycle,20.5,32.4,55.3,71.2,90.4,540,54,86,143,190,247,1410,2.63,2.65,2.59,2.67,2.73,2.61,,,,,,,,,,,,
103123,New York,,,03/04/2017,Unknown,Bicycle,8.6,12.2,37.4,37.4,74.4,74.4,16,19,46,46,136,136,1.86,1.56,1.23,1.23,1.83,1.83,,,,,,,,,,,,
103125,New York,00:00.0,00:00.0,02/04/2017,Offline,Scooter / Motorcycle,12.8,36.4,64,114.6,195.3,319,25,67,135,281,528,796,1.95,1.84,2.11,2.45,2.7,2.5,,,,,,,,,,,,
103130,New York,00:00.0,00:00.0,03/04/2017,Referral,Scooter / Motorcycle,8.2,24.4,38.2,209.6,347.3,857.2,20,44,69,489,798,1995,2.43,1.81,1.81,2.33,2.3,2.33,,,,,,,,,,,,
103131,New York,00:00.0,00:00.0,01/04/2017,Referral,Scooter / Motorcycle,22.3,24.4,26.1,26.7,26.7,26.7,44,51,54,55,55,55,1.98,2.09,2.07,2.06,2.06,2.06,,,,,,,,,,,,
103142,New York,00:00.0,00:00.0,02/04/2017,Offline,Scooter / Motorcycle,55.5,99.1,188.5,298,432,883.2,137,266,522,809,1175,2460,2.47,2.69,2.77,2.71,2.72,2.79,,,,,,,,,,,,
103149,New York,00:00.0,00:00.0,02/04/2017,Organic,Scooter / Motorcycle,18.8,33.2,44.6,50.9,50.9,50.9,40,82,114,134,134,134,2.12,2.47,2.56,2.63,2.63,2.63,1,1,1,1,1,1,0,0,0,0,0,0
103187,New York,00:00.0,00:00.0,02/04/2017,Organic,Scooter / Motorcycle,4.6,7.5,21.6,28.7,28.7,29.2,10,16,46,59,59,60,2.17,2.15,2.13,2.06,2.06,2.05,,,,,,,,,,,,
103197,New York,00:00.0,00:00.0,02/04/2017,Organic,Scooter / Motorcycle,35.3,73.6,131.3,179.6,221.3,618.4,80,176,300,399,489,1447,2.27,2.39,2.29,2.22,2.21,2.34,,,,,,4,,,,,,0
103203,New York,00:00.0,00:00.0,02/04/2017,Organic,Scooter / Motorcycle,39.8,54.3,103.7,248.7,399.9,538.9,84,115,219,511,823,1139,2.11,2.12,2.11,2.05,2.06,2.11,,,,,2,2,,,,,0,0
103210,New York,00:00.0,00:00.0,01/04/2017,Offline,Scooter / Motorcycle,10,11.8,37.6,48.5,74.4,80.3,21,27,73,88,126,133,2.11,2.29,1.94,1.81,1.69,1.66,,,,,,,,,,,,
103211,New York,00:00.0,00:00.0,03/04/2017,Offline,Scooter / Motorcycle,29.2,42.7,84.4,174.2,286.3,502.1,76,111,244,541,878,1466,2.6,2.6,2.89,3.11,3.07,2.92,,,,,,1,,,,,,1
103213,New York,00:00.0,00:00.0,02/04/2017,Organic,Scooter / Motorcycle,28.5,53.3,87.4,161,211.8,271.3,63,128,204,355,453,525,2.21,2.4,2.34,2.21,2.14,1.94,,,,,,,,,,,,
103219,Rio de Janeiro,00:00.0,00:00.0,08/04/2017,Organic,Bicycle,2.4,11.8,19.9,47.4,119.5,275.4,7,29,50,116,345,724,2.9,2.45,2.51,2.45,2.89,2.63,,,,,,,,,,,,
103232,New York,00:00.0,00:00.0,04/04/2017,Digital,Scooter / Motorcycle,29.7,40.1,79.4,146.8,226.7,415.9,73,97,204,359,575,988,2.46,2.42,2.57,2.45,2.54,2.38,,,,,1,1,,,,,0,1
103240,New York,00:00.0,00:00.0,03/04/2017,Offline,Scooter / Motorcycle,9.3,14.9,19.6,21.4,30.2,30.6,19,37,49,49,71,72,2.04,2.49,2.5,2.29,2.35,2.35,,,,,,,,,,,,
103242,New York,00:00.0,00:00.0,01/04/2017,Offline,Scooter / Motorcycle,48.6,105.5,203.7,305.3,397.5,620,127,280,556,844,1116,1705,2.61,2.65,2.73,2.76,2.81,2.75,,1,1,1,1,1,,1,1,1,1,1
103244,New York,00:00.0,00:00.0,03/04/2017,Referral,Scooter / Motorcycle,19,48.6,76.2,119.1,119.1,119.1,29,71,105,146,146,146,1.52,1.46,1.38,1.23,1.23,1.23,,,,,,,,,,,,
103333,New York,00:00.0,00:00.0,02/04/2017,Organic,Scooter / Motorcycle,23.8,28.6,38.2,49.1,49.1,49.1,73,91,135,172,172,172,3.07,3.19,3.53,3.51,3.51,3.51,,,,,,1,,,,,,1
103369,New York,00:00.0,00:00.0,02/04/2017,Organic,Scooter / Motorcycle,23.6,43.9,64,106.3,126.7,132.5,72,136,194,311,370,384,3.05,3.1,3.03,2.93,2.92,2.9,,,,,,,,,,,,
103371,New York,00:00.0,00:00.0,05/04/2017,Offline,Scooter / Motorcycle,21.5,21.5,21.5,25.3,25.3,31.9,60,60,60,72,72,84,2.79,2.79,2.79,2.84,2.84,2.63,,,,,,,,,,,,
103402,New York,00:00.0,00:00.0,04/04/2017,Referral,Scooter / Motorcycle,26.8,58.3,108.1,219.1,354.8,833,49,141,296,585,953,2189,1.83,2.42,2.74,2.67,2.69,2.63,,,,,,2,,,,,,0
103478,Cape Town,00:00.0,00:00.0,04/04/2017,Organic,Bicycle,12.4,23.5,23.5,23.5,23.5,49.2,29,56,56,56,56,122,2.34,2.38,2.38,2.38,2.38,2.48,,,1,1,1,1,,,0,0,0,0
103508,Cape Town,00:00.0,00:00.0,03/04/2017,Organic,Bicycle,16.3,16.3,16.3,16.3,16.3,16.3,40,40,40,40,40,40,2.45,2.45,2.45,2.45,2.45,2.45,,,,,,,,,,,,
103511,Cape Town,00:00.0,00:00.0,05/04/2017,Digital,Bicycle,23.6,56.4,125.5,240.4,307.7,578.4,73,177,378,707,904,1778,3.1,3.14,3.01,2.94,2.94,3.07,,,,,,1,,,,,,1
103513,Cape Town,00:00.0,00:00.0,07/04/2017,Organic,Bicycle,8.2,31,67.4,73.8,73.8,73.8,18,82,176,194,194,194,2.2,2.65,2.61,2.63,2.63,2.63,,,,,,,,,,,,
103515,Cape Town,00:00.0,00:00.0,05/04/2017,Organic,Bicycle,12,25.7,39.7,58.2,119.7,149.2,32,67,98,143,313,398,2.66,2.6,2.47,2.46,2.61,2.67,,,,,,,,,,,,
103633,New York,00:00.0,00:00.0,05/04/2017,Referral,Scooter / Motorcycle,15.8,26.4,41.8,107.3,196.8,562.4,44,75,121,296,525,1458,2.79,2.84,2.89,2.76,2.67,2.59,,,,,1,1,,,,,0,1
103634,New York,00:00.0,00:00.0,06/04/2017,Organic,Scooter / Motorcycle,32.2,49,49,49,49,49,89,128,128,128,128,128,2.76,2.61,2.61,2.61,2.61,2.61,,,,,,,,,,,,
103653,New York,00:00.0,00:00.0,07/04/2017,Organic,Scooter / Motorcycle,14.1,24.4,34.1,52.7,52.7,65.6,31,55,74,114,114,144,2.2,2.25,2.17,2.16,2.16,2.19,,,,,,,,,,,,
103660,New York,00:00.0,00:00.0,04/04/2017,Offline,Scooter / Motorcycle,22.3,31.3,31.3,57.6,73.8,73.8,62,85,85,153,189,189,2.78,2.72,2.72,2.66,2.56,2.56,,,,,,,,,,,,
103691,New York,00:00.0,00:00.0,04/04/2017,Digital,Scooter / Motorcycle,1.9,1.9,1.9,1.9,1.9,1.9,2,2,2,2,2,2,1.07,1.07,1.07,1.07,1.07,1.07,,,,,,,,,,,,
103758,New York,,,08/04/2017,Unknown,Scooter / Motorcycle,51.7,110.7,153.8,246.6,297.9,343,123,261,361,672,817,911,2.38,2.36,2.35,2.73,2.74,2.66,,2,3,3,3,3,,0,0,0,0,0
103762,New York,00:00.0,00:00.0,08/04/2017,Offline,Scooter / Motorcycle,39.2,103.8,222.2,425,591.4,890.4,58,183,438,918,1376,2219,1.48,1.76,1.97,2.16,2.33,2.49,,,,,,,,,,,,
103764,New York,00:00.0,00:00.0,07/04/2017,Referral,Scooter / Motorcycle,38.1,50.3,62.6,178.8,202.5,216.9,57,69,73,274,298,321,1.5,1.37,1.17,1.53,1.47,1.48,,,,1,4,4,,,,0,1,2
103774,New York,00:00.0,00:00.0,07/04/2017,Organic,Scooter / Motorcycle,27.7,39.8,46.1,77.6,114.4,278.4,74,102,121,184,303,783,2.67,2.57,2.62,2.37,2.65,2.81,,,,,,,,,,,,
103775,New York,00:00.0,00:00.0,07/04/2017,Referral,Scooter / Motorcycle,20.2,36.6,70.3,143.5,197.2,317.7,66,118,216,388,587,1035,3.27,3.23,3.07,2.7,2.98,3.26,4,4,4,4,4,5,1,1,1,1,1,1
103776,New York,00:00.0,00:00.0,08/04/2017,Referral,Scooter / Motorcycle,21,33.6,60,115.1,164.5,286,44,72,135,273,410,644,2.09,2.14,2.25,2.37,2.49,2.25,,,,,,,,,,,,
